Actual_Temperature(in oC),Actual_Humidity(in RH),Actual_CO2(in ppm),Actual_Oxygen(%),hour,minute,day_of_week,is_weekend
26.72,43.06,673.36,0.63,20.0,44.0,6.0,1.0
26.82,43.36,669.48,0.61,20.0,45.0,6.0,1.0
26.64,43.82,670.87,0.6,20.0,46.0,6.0,1.0
26.81,44.01,668.22,0.59,20.0,47.0,6.0,1.0
26.74,44.32,669.7,0.59,20.0,48.0,6.0,1.0
26.77,44.71,671.49,0.59,20.0,49.0,6.0,1.0
26.82,44.66,668.93,0.58,20.0,50.0,6.0,1.0
26.89,43.35,666.76,0.58,20.0,51.0,6.0,1.0
26.72,43.29,667.29,0.58,20.0,52.0,6.0,1.0
26.75,43.49,666.01,0.58,20.0,53.0,6.0,1.0
26.74,43.87,666.86,0.58,20.0,54.0,6.0,1.0
26.72,43.93,665.79,0.59,20.0,55.0,6.0,1.0
26.84,44.17,666.15,0.6,20.0,56.0,6.0,1.0
26.92,44.28,665.87,0.61,20.0,57.0,6.0,1.0
26.85,44.86,668.24,0.61,20.0,58.0,6.0,1.0
26.91,43.79,670.8,0.61,20.0,59.0,6.0,1.0
26.79,43.26,675.28,0.62,21.0,0.0,6.0,1.0
26.85,43.2,673.31,0.62,21.0,1.0,6.0,1.0
26.81,43.86,672.26,0.63,21.0,2.0,6.0,1.0
26.89,43.77,674.04,0.63,21.0,3.0,6.0,1.0
26.82,43.36,669.48,0.61,20.0,45.0,6.0,1.0
26.64,43.82,670.87,0.6,20.0,46.0,6.0,1.0
26.81,44.01,668.22,0.59,20.0,47.0,6.0,1.0
26.74,44.32,669.7,0.59,20.0,48.0,6.0,1.0
26.77,44.71,671.49,0.59,20.0,49.0,6.0,1.0
26.82,44.66,668.93,0.58,20.0,50.0,6.0,1.0
26.89,43.35,666.76,0.58,20.0,51.0,6.0,1.0
26.72,43.29,667.29,0.58,20.0,52.0,6.0,1.0
26.75,43.49,666.01,0.58,20.0,53.0,6.0,1.0
26.74,43.87,666.86,0.58,20.0,54.0,6.0,1.0
26.72,43.93,665.79,0.59,20.0,55.0,6.0,1.0
26.84,44.17,666.15,0.6,20.0,56.0,6.0,1.0
26.92,44.28,665.87,0.61,20.0,57.0,6.0,1.0
26.85,44.86,668.24,0.61,20.0,58.0,6.0,1.0
26.91,43.79,670.8,0.61,20.0,59.0,6.0,1.0
26.79,43.26,675.28,0.62,21.0,0.0,6.0,1.0
26.85,43.2,673.31,0.62,21.0,1.0,6.0,1.0
26.81,43.86,672.26,0.63,21.0,2.0,6.0,1.0
26.89,43.77,674.04,0.63,21.0,3.0,6.0,1.0
26.84,43.89,674.48,0.63,21.0,4.0,6.0,1.0
26.64,43.82,670.87,0.6,20.0,46.0,6.0,1.0
26.81,44.01,668.22,0.59,20.0,47.0,6.0,1.0
26.74,44.32,669.7,0.59,20.0,48.0,6.0,1.0
26.77,44.71,671.49,0.59,20.0,49.0,6.0,1.0
26.82,44.66,668.93,0.58,20.0,50.0,6.0,1.0
26.89,43.35,666.76,0.58,20.0,51.0,6.0,1.0
26.72,43.29,667.29,0.58,20.0,52.0,6.0,1.0
26.75,43.49,666.01,0.58,20.0,53.0,6.0,1.0
26.74,43.87,666.86,0.58,20.0,54.0,6.0,1.0
26.72,43.93,665.79,0.59,20.0,55.0,6.0,1.0
26.84,44.17,666.15,0.6,20.0,56.0,6.0,1.0
26.92,44.28,665.87,0.61,20.0,57.0,6.0,1.0
26.85,44.86,668.24,0.61,20.0,58.0,6.0,1.0
26.91,43.79,670.8,0.61,20.0,59.0,6.0,1.0
26.79,43.26,675.28,0.62,21.0,0.0,6.0,1.0
26.85,43.2,673.31,0.62,21.0,1.0,6.0,1.0
26.81,43.86,672.26,0.63,21.0,2.0,6.0,1.0
26.89,43.77,674.04,0.63,21.0,3.0,6.0,1.0
26.84,43.89,674.48,0.63,21.0,4.0,6.0,1.0
26.79,43.94,676.19,0.64,21.0,5.0,6.0,1.0
26.81,44.01,668.22,0.59,20.0,47.0,6.0,1.0
26.74,44.32,669.7,0.59,20.0,48.0,6.0,1.0
26.77,44.71,671.49,0.59,20.0,49.0,6.0,1.0
26.82,44.66,668.93,0.58,20.0,50.0,6.0,1.0
26.89,43.35,666.76,0.58,20.0,51.0,6.0,1.0
26.72,43.29,667.29,0.58,20.0,52.0,6.0,1.0
26.75,43.49,666.01,0.58,20.0,53.0,6.0,1.0
26.74,43.87,666.86,0.58,20.0,54.0,6.0,1.0
26.72,43.93,665.79,0.59,20.0,55.0,6.0,1.0
26.84,44.17,666.15,0.6,20.0,56.0,6.0,1.0
26.92,44.28,665.87,0.61,20.0,57.0,6.0,1.0
26.85,44.86,668.24,0.61,20.0,58.0,6.0,1.0
26.91,43.79,670.8,0.61,20.0,59.0,6.0,1.0
26.79,43.26,675.28,0.62,21.0,0.0,6.0,1.0
26.85,43.2,673.31,0.62,21.0,1.0,6.0,1.0
26.81,43.86,672.26,0.63,21.0,2.0,6.0,1.0
26.89,43.77,674.04,0.63,21.0,3.0,6.0,1.0
26.84,43.89,674.48,0.63,21.0,4.0,6.0,1.0
26.79,43.94,676.19,0.64,21.0,5.0,6.0,1.0
26.78,43.7,675.41,0.64,21.0,6.0,6.0,1.0
26.74,44.32,669.7,0.59,20.0,48.0,6.0,1.0
26.77,44.71,671.49,0.59,20.0,49.0,6.0,1.0
26.82,44.66,668.93,0.58,20.0,50.0,6.0,1.0
26.89,43.35,666.76,0.58,20.0,51.0,6.0,1.0
26.72,43.29,667.29,0.58,20.0,52.0,6.0,1.0
26.75,43.49,666.01,0.58,20.0,53.0,6.0,1.0
26.74,43.87,666.86,0.58,20.0,54.0,6.0,1.0
26.72,43.93,665.79,0.59,20.0,55.0,6.0,1.0
26.84,44.17,666.15,0.6,20.0,56.0,6.0,1.0
26.92,44.28,665.87,0.61,20.0,57.0,6.0,1.0
26.85,44.86,668.24,0.61,20.0,58.0,6.0,1.0
26.91,43.79,670.8,0.61,20.0,59.0,6.0,1.0
26.79,43.26,675.28,0.62,21.0,0.0,6.0,1.0
26.85,43.2,673.31,0.62,21.0,1.0,6.0,1.0
26.81,43.86,672.26,0.63,21.0,2.0,6.0,1.0
26.89,43.77,674.04,0.63,21.0,3.0,6.0,1.0
26.84,43.89,674.48,0.63,21.0,4.0,6.0,1.0
26.79,43.94,676.19,0.64,21.0,5.0,6.0,1.0
26.78,43.7,675.41,0.64,21.0,6.0,6.0,1.0
26.74,43.98,675.42,0.64,21.0,7.0,6.0,1.0
26.77,44.71,671.49,0.59,20.0,49.0,6.0,1.0
26.82,44.66,668.93,0.58,20.0,50.0,6.0,1.0
26.89,43.35,666.76,0.58,20.0,51.0,6.0,1.0
26.72,43.29,667.29,0.58,20.0,52.0,6.0,1.0
26.75,43.49,666.01,0.58,20.0,53.0,6.0,1.0
26.74,43.87,666.86,0.58,20.0,54.0,6.0,1.0
26.72,43.93,665.79,0.59,20.0,55.0,6.0,1.0
26.84,44.17,666.15,0.6,20.0,56.0,6.0,1.0
26.92,44.28,665.87,0.61,20.0,57.0,6.0,1.0
26.85,44.86,668.24,0.61,20.0,58.0,6.0,1.0
26.91,43.79,670.8,0.61,20.0,59.0,6.0,1.0
26.79,43.26,675.28,0.62,21.0,0.0,6.0,1.0
26.85,43.2,673.31,0.62,21.0,1.0,6.0,1.0
26.81,43.86,672.26,0.63,21.0,2.0,6.0,1.0
26.89,43.77,674.04,0.63,21.0,3.0,6.0,1.0
26.84,43.89,674.48,0.63,21.0,4.0,6.0,1.0
26.79,43.94,676.19,0.64,21.0,5.0,6.0,1.0
26.78,43.7,675.41,0.64,21.0,6.0,6.0,1.0
26.74,43.98,675.42,0.64,21.0,7.0,6.0,1.0
26.77,43.72,675.96,0.64,21.0,8.0,6.0,1.0
26.82,44.66,668.93,0.58,20.0,50.0,6.0,1.0
26.89,43.35,666.76,0.58,20.0,51.0,6.0,1.0
26.72,43.29,667.29,0.58,20.0,52.0,6.0,1.0
26.75,43.49,666.01,0.58,20.0,53.0,6.0,1.0
26.74,43.87,666.86,0.58,20.0,54.0,6.0,1.0
26.72,43.93,665.79,0.59,20.0,55.0,6.0,1.0
26.84,44.17,666.15,0.6,20.0,56.0,6.0,1.0
26.92,44.28,665.87,0.61,20.0,57.0,6.0,1.0
26.85,44.86,668.24,0.61,20.0,58.0,6.0,1.0
26.91,43.79,670.8,0.61,20.0,59.0,6.0,1.0
26.79,43.26,675.28,0.62,21.0,0.0,6.0,1.0
26.85,43.2,673.31,0.62,21.0,1.0,6.0,1.0
26.81,43.86,672.26,0.63,21.0,2.0,6.0,1.0
26.89,43.77,674.04,0.63,21.0,3.0,6.0,1.0
26.84,43.89,674.48,0.63,21.0,4.0,6.0,1.0
26.79,43.94,676.19,0.64,21.0,5.0,6.0,1.0
26.78,43.7,675.41,0.64,21.0,6.0,6.0,1.0
26.74,43.98,675.42,0.64,21.0,7.0,6.0,1.0
26.77,43.72,675.96,0.64,21.0,8.0,6.0,1.0
26.75,43.86,674.05,0.64,21.0,9.0,6.0,1.0
26.89,43.35,666.76,0.58,20.0,51.0,6.0,1.0
26.72,43.29,667.29,0.58,20.0,52.0,6.0,1.0
26.75,43.49,666.01,0.58,20.0,53.0,6.0,1.0
26.74,43.87,666.86,0.58,20.0,54.0,6.0,1.0
26.72,43.93,665.79,0.59,20.0,55.0,6.0,1.0
26.84,44.17,666.15,0.6,20.0,56.0,6.0,1.0
26.92,44.28,665.87,0.61,20.0,57.0,6.0,1.0
26.85,44.86,668.24,0.61,20.0,58.0,6.0,1.0
26.91,43.79,670.8,0.61,20.0,59.0,6.0,1.0
26.79,43.26,675.28,0.62,21.0,0.0,6.0,1.0
26.85,43.2,673.31,0.62,21.0,1.0,6.0,1.0
26.81,43.86,672.26,0.63,21.0,2.0,6.0,1.0
26.89,43.77,674.04,0.63,21.0,3.0,6.0,1.0
26.84,43.89,674.48,0.63,21.0,4.0,6.0,1.0
26.79,43.94,676.19,0.64,21.0,5.0,6.0,1.0
26.78,43.7,675.41,0.64,21.0,6.0,6.0,1.0
26.74,43.98,675.42,0.64,21.0,7.0,6.0,1.0
26.77,43.72,675.96,0.64,21.0,8.0,6.0,1.0
26.75,43.86,674.05,0.64,21.0,9.0,6.0,1.0
26.72,43.75,674.28,0.63,21.0,10.0,6.0,1.0
26.72,43.29,667.29,0.58,20.0,52.0,6.0,1.0
26.75,43.49,666.01,0.58,20.0,53.0,6.0,1.0
26.74,43.87,666.86,0.58,20.0,54.0,6.0,1.0
26.72,43.93,665.79,0.59,20.0,55.0,6.0,1.0
26.84,44.17,666.15,0.6,20.0,56.0,6.0,1.0
26.92,44.28,665.87,0.61,20.0,57.0,6.0,1.0
26.85,44.86,668.24,0.61,20.0,58.0,6.0,1.0
26.91,43.79,670.8,0.61,20.0,59.0,6.0,1.0
26.79,43.26,675.28,0.62,21.0,0.0,6.0,1.0
26.85,43.2,673.31,0.62,21.0,1.0,6.0,1.0
26.81,43.86,672.26,0.63,21.0,2.0,6.0,1.0
26.89,43.77,674.04,0.63,21.0,3.0,6.0,1.0
26.84,43.89,674.48,0.63,21.0,4.0,6.0,1.0
26.79,43.94,676.19,0.64,21.0,5.0,6.0,1.0
26.78,43.7,675.41,0.64,21.0,6.0,6.0,1.0
26.74,43.98,675.42,0.64,21.0,7.0,6.0,1.0
26.77,43.72,675.96,0.64,21.0,8.0,6.0,1.0
26.75,43.86,674.05,0.64,21.0,9.0,6.0,1.0
26.72,43.75,674.28,0.63,21.0,10.0,6.0,1.0
26.75,43.71,675.89,0.62,21.0,11.0,6.0,1.0
26.75,43.49,666.01,0.58,20.0,53.0,6.0,1.0
26.74,43.87,666.86,0.58,20.0,54.0,6.0,1.0
26.72,43.93,665.79,0.59,20.0,55.0,6.0,1.0
26.84,44.17,666.15,0.6,20.0,56.0,6.0,1.0
26.92,44.28,665.87,0.61,20.0,57.0,6.0,1.0
26.85,44.86,668.24,0.61,20.0,58.0,6.0,1.0
26.91,43.79,670.8,0.61,20.0,59.0,6.0,1.0
26.79,43.26,675.28,0.62,21.0,0.0,6.0,1.0
26.85,43.2,673.31,0.62,21.0,1.0,6.0,1.0
26.81,43.86,672.26,0.63,21.0,2.0,6.0,1.0
26.89,43.77,674.04,0.63,21.0,3.0,6.0,1.0
26.84,43.89,674.48,0.63,21.0,4.0,6.0,1.0
26.79,43.94,676.19,0.64,21.0,5.0,6.0,1.0
26.78,43.7,675.41,0.64,21.0,6.0,6.0,1.0
26.74,43.98,675.42,0.64,21.0,7.0,6.0,1.0
26.77,43.72,675.96,0.64,21.0,8.0,6.0,1.0
26.75,43.86,674.05,0.64,21.0,9.0,6.0,1.0
26.72,43.75,674.28,0.63,21.0,10.0,6.0,1.0
26.75,43.71,675.89,0.62,21.0,11.0,6.0,1.0
26.71,43.84,674.38,0.61,21.0,12.0,6.0,1.0
26.74,43.87,666.86,0.58,20.0,54.0,6.0,1.0
26.72,43.93,665.79,0.59,20.0,55.0,6.0,1.0
26.84,44.17,666.15,0.6,20.0,56.0,6.0,1.0
26.92,44.28,665.87,0.61,20.0,57.0,6.0,1.0
26.85,44.86,668.24,0.61,20.0,58.0,6.0,1.0
26.91,43.79,670.8,0.61,20.0,59.0,6.0,1.0
26.79,43.26,675.28,0.62,21.0,0.0,6.0,1.0
26.85,43.2,673.31,0.62,21.0,1.0,6.0,1.0
26.81,43.86,672.26,0.63,21.0,2.0,6.0,1.0
26.89,43.77,674.04,0.63,21.0,3.0,6.0,1.0
26.84,43.89,674.48,0.63,21.0,4.0,6.0,1.0
26.79,43.94,676.19,0.64,21.0,5.0,6.0,1.0
26.78,43.7,675.41,0.64,21.0,6.0,6.0,1.0
26.74,43.98,675.42,0.64,21.0,7.0,6.0,1.0
26.77,43.72,675.96,0.64,21.0,8.0,6.0,1.0
26.75,43.86,674.05,0.64,21.0,9.0,6.0,1.0
26.72,43.75,674.28,0.63,21.0,10.0,6.0,1.0
26.75,43.71,675.89,0.62,21.0,11.0,6.0,1.0
26.71,43.84,674.38,0.61,21.0,12.0,6.0,1.0
26.71,43.66,674.88,0.59,21.0,13.0,6.0,1.0
26.72,43.93,665.79,0.59,20.0,55.0,6.0,1.0
26.84,44.17,666.15,0.6,20.0,56.0,6.0,1.0
26.92,44.28,665.87,0.61,20.0,57.0,6.0,1.0
26.85,44.86,668.24,0.61,20.0,58.0,6.0,1.0
26.91,43.79,670.8,0.61,20.0,59.0,6.0,1.0
26.79,43.26,675.28,0.62,21.0,0.0,6.0,1.0
26.85,43.2,673.31,0.62,21.0,1.0,6.0,1.0
26.81,43.86,672.26,0.63,21.0,2.0,6.0,1.0
26.89,43.77,674.04,0.63,21.0,3.0,6.0,1.0
26.84,43.89,674.48,0.63,21.0,4.0,6.0,1.0
26.79,43.94,676.19,0.64,21.0,5.0,6.0,1.0
26.78,43.7,675.41,0.64,21.0,6.0,6.0,1.0
26.74,43.98,675.42,0.64,21.0,7.0,6.0,1.0
26.77,43.72,675.96,0.64,21.0,8.0,6.0,1.0
26.75,43.86,674.05,0.64,21.0,9.0,6.0,1.0
26.72,43.75,674.28,0.63,21.0,10.0,6.0,1.0
26.75,43.71,675.89,0.62,21.0,11.0,6.0,1.0
26.71,43.84,674.38,0.61,21.0,12.0,6.0,1.0
26.71,43.66,674.88,0.59,21.0,13.0,6.0,1.0
26.65,43.94,676.16,0.58,21.0,14.0,6.0,1.0
26.84,44.17,666.15,0.6,20.0,56.0,6.0,1.0
26.92,44.28,665.87,0.61,20.0,57.0,6.0,1.0
26.85,44.86,668.24,0.61,20.0,58.0,6.0,1.0
26.91,43.79,670.8,0.61,20.0,59.0,6.0,1.0
26.79,43.26,675.28,0.62,21.0,0.0,6.0,1.0
26.85,43.2,673.31,0.62,21.0,1.0,6.0,1.0
26.81,43.86,672.26,0.63,21.0,2.0,6.0,1.0
26.89,43.77,674.04,0.63,21.0,3.0,6.0,1.0
26.84,43.89,674.48,0.63,21.0,4.0,6.0,1.0
26.79,43.94,676.19,0.64,21.0,5.0,6.0,1.0
26.78,43.7,675.41,0.64,21.0,6.0,6.0,1.0
26.74,43.98,675.42,0.64,21.0,7.0,6.0,1.0
26.77,43.72,675.96,0.64,21.0,8.0,6.0,1.0
26.75,43.86,674.05,0.64,21.0,9.0,6.0,1.0
26.72,43.75,674.28,0.63,21.0,10.0,6.0,1.0
26.75,43.71,675.89,0.62,21.0,11.0,6.0,1.0
26.71,43.84,674.38,0.61,21.0,12.0,6.0,1.0
26.71,43.66,674.88,0.59,21.0,13.0,6.0,1.0
26.65,43.94,676.16,0.58,21.0,14.0,6.0,1.0
26.68,43.71,672.75,0.57,21.0,15.0,6.0,1.0
26.92,44.28,665.87,0.61,20.0,57.0,6.0,1.0
26.85,44.86,668.24,0.61,20.0,58.0,6.0,1.0
26.91,43.79,670.8,0.61,20.0,59.0,6.0,1.0
26.79,43.26,675.28,0.62,21.0,0.0,6.0,1.0
26.85,43.2,673.31,0.62,21.0,1.0,6.0,1.0
26.81,43.86,672.26,0.63,21.0,2.0,6.0,1.0
26.89,43.77,674.04,0.63,21.0,3.0,6.0,1.0
26.84,43.89,674.48,0.63,21.0,4.0,6.0,1.0
26.79,43.94,676.19,0.64,21.0,5.0,6.0,1.0
26.78,43.7,675.41,0.64,21.0,6.0,6.0,1.0
26.74,43.98,675.42,0.64,21.0,7.0,6.0,1.0
26.77,43.72,675.96,0.64,21.0,8.0,6.0,1.0
26.75,43.86,674.05,0.64,21.0,9.0,6.0,1.0
26.72,43.75,674.28,0.63,21.0,10.0,6.0,1.0
26.75,43.71,675.89,0.62,21.0,11.0,6.0,1.0
26.71,43.84,674.38,0.61,21.0,12.0,6.0,1.0
26.71,43.66,674.88,0.59,21.0,13.0,6.0,1.0
26.65,43.94,676.16,0.58,21.0,14.0,6.0,1.0
26.68,43.71,672.75,0.57,21.0,15.0,6.0,1.0
26.64,43.78,674.69,0.56,21.0,16.0,6.0,1.0
26.85,44.86,668.24,0.61,20.0,58.0,6.0,1.0
26.91,43.79,670.8,0.61,20.0,59.0,6.0,1.0
26.79,43.26,675.28,0.62,21.0,0.0,6.0,1.0
26.85,43.2,673.31,0.62,21.0,1.0,6.0,1.0
26.81,43.86,672.26,0.63,21.0,2.0,6.0,1.0
26.89,43.77,674.04,0.63,21.0,3.0,6.0,1.0
26.84,43.89,674.48,0.63,21.0,4.0,6.0,1.0
26.79,43.94,676.19,0.64,21.0,5.0,6.0,1.0
26.78,43.7,675.41,0.64,21.0,6.0,6.0,1.0
26.74,43.98,675.42,0.64,21.0,7.0,6.0,1.0
26.77,43.72,675.96,0.64,21.0,8.0,6.0,1.0
26.75,43.86,674.05,0.64,21.0,9.0,6.0,1.0
26.72,43.75,674.28,0.63,21.0,10.0,6.0,1.0
26.75,43.71,675.89,0.62,21.0,11.0,6.0,1.0
26.71,43.84,674.38,0.61,21.0,12.0,6.0,1.0
26.71,43.66,674.88,0.59,21.0,13.0,6.0,1.0
26.65,43.94,676.16,0.58,21.0,14.0,6.0,1.0
26.68,43.71,672.75,0.57,21.0,15.0,6.0,1.0
26.64,43.78,674.69,0.56,21.0,16.0,6.0,1.0
26.65,43.83,673.54,0.55,21.0,17.0,6.0,1.0
26.91,43.79,670.8,0.61,20.0,59.0,6.0,1.0
26.79,43.26,675.28,0.62,21.0,0.0,6.0,1.0
26.85,43.2,673.31,0.62,21.0,1.0,6.0,1.0
26.81,43.86,672.26,0.63,21.0,2.0,6.0,1.0
26.89,43.77,674.04,0.63,21.0,3.0,6.0,1.0
26.84,43.89,674.48,0.63,21.0,4.0,6.0,1.0
26.79,43.94,676.19,0.64,21.0,5.0,6.0,1.0
26.78,43.7,675.41,0.64,21.0,6.0,6.0,1.0
26.74,43.98,675.42,0.64,21.0,7.0,6.0,1.0
26.77,43.72,675.96,0.64,21.0,8.0,6.0,1.0
26.75,43.86,674.05,0.64,21.0,9.0,6.0,1.0
26.72,43.75,674.28,0.63,21.0,10.0,6.0,1.0
26.75,43.71,675.89,0.62,21.0,11.0,6.0,1.0
26.71,43.84,674.38,0.61,21.0,12.0,6.0,1.0
26.71,43.66,674.88,0.59,21.0,13.0,6.0,1.0
26.65,43.94,676.16,0.58,21.0,14.0,6.0,1.0
26.68,43.71,672.75,0.57,21.0,15.0,6.0,1.0
26.64,43.78,674.69,0.56,21.0,16.0,6.0,1.0
26.65,43.83,673.54,0.55,21.0,17.0,6.0,1.0
26.65,43.65,672.97,0.55,21.0,18.0,6.0,1.0
26.79,43.26,675.28,0.62,21.0,0.0,6.0,1.0
26.85,43.2,673.31,0.62,21.0,1.0,6.0,1.0
26.81,43.86,672.26,0.63,21.0,2.0,6.0,1.0
26.89,43.77,674.04,0.63,21.0,3.0,6.0,1.0
26.84,43.89,674.48,0.63,21.0,4.0,6.0,1.0
26.79,43.94,676.19,0.64,21.0,5.0,6.0,1.0
26.78,43.7,675.41,0.64,21.0,6.0,6.0,1.0
26.74,43.98,675.42,0.64,21.0,7.0,6.0,1.0
26.77,43.72,675.96,0.64,21.0,8.0,6.0,1.0
26.75,43.86,674.05,0.64,21.0,9.0,6.0,1.0
26.72,43.75,674.28,0.63,21.0,10.0,6.0,1.0
26.75,43.71,675.89,0.62,21.0,11.0,6.0,1.0
26.71,43.84,674.38,0.61,21.0,12.0,6.0,1.0
26.71,43.66,674.88,0.59,21.0,13.0,6.0,1.0
26.65,43.94,676.16,0.58,21.0,14.0,6.0,1.0
26.68,43.71,672.75,0.57,21.0,15.0,6.0,1.0
26.64,43.78,674.69,0.56,21.0,16.0,6.0,1.0
26.65,43.83,673.54,0.55,21.0,17.0,6.0,1.0
26.65,43.65,672.97,0.55,21.0,18.0,6.0,1.0
26.61,43.82,673.73,0.55,21.0,19.0,6.0,1.0
26.85,43.2,673.31,0.62,21.0,1.0,6.0,1.0
26.81,43.86,672.26,0.63,21.0,2.0,6.0,1.0
26.89,43.77,674.04,0.63,21.0,3.0,6.0,1.0
26.84,43.89,674.48,0.63,21.0,4.0,6.0,1.0
26.79,43.94,676.19,0.64,21.0,5.0,6.0,1.0
26.78,43.7,675.41,0.64,21.0,6.0,6.0,1.0
26.74,43.98,675.42,0.64,21.0,7.0,6.0,1.0
26.77,43.72,675.96,0.64,21.0,8.0,6.0,1.0
26.75,43.86,674.05,0.64,21.0,9.0,6.0,1.0
26.72,43.75,674.28,0.63,21.0,10.0,6.0,1.0
26.75,43.71,675.89,0.62,21.0,11.0,6.0,1.0
26.71,43.84,674.38,0.61,21.0,12.0,6.0,1.0
26.71,43.66,674.88,0.59,21.0,13.0,6.0,1.0
26.65,43.94,676.16,0.58,21.0,14.0,6.0,1.0
26.68,43.71,672.75,0.57,21.0,15.0,6.0,1.0
26.64,43.78,674.69,0.56,21.0,16.0,6.0,1.0
26.65,43.83,673.54,0.55,21.0,17.0,6.0,1.0
26.65,43.65,672.97,0.55,21.0,18.0,6.0,1.0
26.61,43.82,673.73,0.55,21.0,19.0,6.0,1.0
26.64,43.66,672.1699999999998,0.55,21.0,20.0,6.0,1.0
26.81,43.86,672.26,0.63,21.0,2.0,6.0,1.0
26.89,43.77,674.04,0.63,21.0,3.0,6.0,1.0
26.84,43.89,674.48,0.63,21.0,4.0,6.0,1.0
26.79,43.94,676.19,0.64,21.0,5.0,6.0,1.0
26.78,43.7,675.41,0.64,21.0,6.0,6.0,1.0
26.74,43.98,675.42,0.64,21.0,7.0,6.0,1.0
26.77,43.72,675.96,0.64,21.0,8.0,6.0,1.0
26.75,43.86,674.05,0.64,21.0,9.0,6.0,1.0
26.72,43.75,674.28,0.63,21.0,10.0,6.0,1.0
26.75,43.71,675.89,0.62,21.0,11.0,6.0,1.0
26.71,43.84,674.38,0.61,21.0,12.0,6.0,1.0
26.71,43.66,674.88,0.59,21.0,13.0,6.0,1.0
26.65,43.94,676.16,0.58,21.0,14.0,6.0,1.0
26.68,43.71,672.75,0.57,21.0,15.0,6.0,1.0
26.64,43.78,674.69,0.56,21.0,16.0,6.0,1.0
26.65,43.83,673.54,0.55,21.0,17.0,6.0,1.0
26.65,43.65,672.97,0.55,21.0,18.0,6.0,1.0
26.61,43.82,673.73,0.55,21.0,19.0,6.0,1.0
26.64,43.66,672.1699999999998,0.55,21.0,20.0,6.0,1.0
26.65,43.76,673.55,0.55,21.0,21.0,6.0,1.0
26.89,43.77,674.04,0.63,21.0,3.0,6.0,1.0
26.84,43.89,674.48,0.63,21.0,4.0,6.0,1.0
26.79,43.94,676.19,0.64,21.0,5.0,6.0,1.0
26.78,43.7,675.41,0.64,21.0,6.0,6.0,1.0
26.74,43.98,675.42,0.64,21.0,7.0,6.0,1.0
26.77,43.72,675.96,0.64,21.0,8.0,6.0,1.0
26.75,43.86,674.05,0.64,21.0,9.0,6.0,1.0
26.72,43.75,674.28,0.63,21.0,10.0,6.0,1.0
26.75,43.71,675.89,0.62,21.0,11.0,6.0,1.0
26.71,43.84,674.38,0.61,21.0,12.0,6.0,1.0
26.71,43.66,674.88,0.59,21.0,13.0,6.0,1.0
26.65,43.94,676.16,0.58,21.0,14.0,6.0,1.0
26.68,43.71,672.75,0.57,21.0,15.0,6.0,1.0
26.64,43.78,674.69,0.56,21.0,16.0,6.0,1.0
26.65,43.83,673.54,0.55,21.0,17.0,6.0,1.0
26.65,43.65,672.97,0.55,21.0,18.0,6.0,1.0
26.61,43.82,673.73,0.55,21.0,19.0,6.0,1.0
26.64,43.66,672.1699999999998,0.55,21.0,20.0,6.0,1.0
26.65,43.76,673.55,0.55,21.0,21.0,6.0,1.0
26.64,43.68,673.52,0.56,21.0,22.0,6.0,1.0
26.84,43.89,674.48,0.63,21.0,4.0,6.0,1.0
26.79,43.94,676.19,0.64,21.0,5.0,6.0,1.0
26.78,43.7,675.41,0.64,21.0,6.0,6.0,1.0
26.74,43.98,675.42,0.64,21.0,7.0,6.0,1.0
26.77,43.72,675.96,0.64,21.0,8.0,6.0,1.0
26.75,43.86,674.05,0.64,21.0,9.0,6.0,1.0
26.72,43.75,674.28,0.63,21.0,10.0,6.0,1.0
26.75,43.71,675.89,0.62,21.0,11.0,6.0,1.0
26.71,43.84,674.38,0.61,21.0,12.0,6.0,1.0
26.71,43.66,674.88,0.59,21.0,13.0,6.0,1.0
26.65,43.94,676.16,0.58,21.0,14.0,6.0,1.0
26.68,43.71,672.75,0.57,21.0,15.0,6.0,1.0
26.64,43.78,674.69,0.56,21.0,16.0,6.0,1.0
26.65,43.83,673.54,0.55,21.0,17.0,6.0,1.0
26.65,43.65,672.97,0.55,21.0,18.0,6.0,1.0
26.61,43.82,673.73,0.55,21.0,19.0,6.0,1.0
26.64,43.66,672.1699999999998,0.55,21.0,20.0,6.0,1.0
26.65,43.76,673.55,0.55,21.0,21.0,6.0,1.0
26.64,43.68,673.52,0.56,21.0,22.0,6.0,1.0
26.59,43.66,671.74,0.57,21.0,23.0,6.0,1.0
26.79,43.94,676.19,0.64,21.0,5.0,6.0,1.0
26.78,43.7,675.41,0.64,21.0,6.0,6.0,1.0
26.74,43.98,675.42,0.64,21.0,7.0,6.0,1.0
26.77,43.72,675.96,0.64,21.0,8.0,6.0,1.0
26.75,43.86,674.05,0.64,21.0,9.0,6.0,1.0
26.72,43.75,674.28,0.63,21.0,10.0,6.0,1.0
26.75,43.71,675.89,0.62,21.0,11.0,6.0,1.0
26.71,43.84,674.38,0.61,21.0,12.0,6.0,1.0
26.71,43.66,674.88,0.59,21.0,13.0,6.0,1.0
26.65,43.94,676.16,0.58,21.0,14.0,6.0,1.0
26.68,43.71,672.75,0.57,21.0,15.0,6.0,1.0
26.64,43.78,674.69,0.56,21.0,16.0,6.0,1.0
26.65,43.83,673.54,0.55,21.0,17.0,6.0,1.0
26.65,43.65,672.97,0.55,21.0,18.0,6.0,1.0
26.61,43.82,673.73,0.55,21.0,19.0,6.0,1.0
26.64,43.66,672.1699999999998,0.55,21.0,20.0,6.0,1.0
26.65,43.76,673.55,0.55,21.0,21.0,6.0,1.0
26.64,43.68,673.52,0.56,21.0,22.0,6.0,1.0
26.59,43.66,671.74,0.57,21.0,23.0,6.0,1.0
26.62,43.55,672.31,0.58,21.0,24.0,6.0,1.0
26.78,43.7,675.41,0.64,21.0,6.0,6.0,1.0
26.74,43.98,675.42,0.64,21.0,7.0,6.0,1.0
26.77,43.72,675.96,0.64,21.0,8.0,6.0,1.0
26.75,43.86,674.05,0.64,21.0,9.0,6.0,1.0
26.72,43.75,674.28,0.63,21.0,10.0,6.0,1.0
26.75,43.71,675.89,0.62,21.0,11.0,6.0,1.0
26.71,43.84,674.38,0.61,21.0,12.0,6.0,1.0
26.71,43.66,674.88,0.59,21.0,13.0,6.0,1.0
26.65,43.94,676.16,0.58,21.0,14.0,6.0,1.0
26.68,43.71,672.75,0.57,21.0,15.0,6.0,1.0
26.64,43.78,674.69,0.56,21.0,16.0,6.0,1.0
26.65,43.83,673.54,0.55,21.0,17.0,6.0,1.0
26.65,43.65,672.97,0.55,21.0,18.0,6.0,1.0
26.61,43.82,673.73,0.55,21.0,19.0,6.0,1.0
26.64,43.66,672.1699999999998,0.55,21.0,20.0,6.0,1.0
26.65,43.76,673.55,0.55,21.0,21.0,6.0,1.0
26.64,43.68,673.52,0.56,21.0,22.0,6.0,1.0
26.59,43.66,671.74,0.57,21.0,23.0,6.0,1.0
26.62,43.55,672.31,0.58,21.0,24.0,6.0,1.0
26.68,43.39,670.4600000000002,0.59,21.0,25.0,6.0,1.0
26.74,43.98,675.42,0.64,21.0,7.0,6.0,1.0
26.77,43.72,675.96,0.64,21.0,8.0,6.0,1.0
26.75,43.86,674.05,0.64,21.0,9.0,6.0,1.0
26.72,43.75,674.28,0.63,21.0,10.0,6.0,1.0
26.75,43.71,675.89,0.62,21.0,11.0,6.0,1.0
26.71,43.84,674.38,0.61,21.0,12.0,6.0,1.0
26.71,43.66,674.88,0.59,21.0,13.0,6.0,1.0
26.65,43.94,676.16,0.58,21.0,14.0,6.0,1.0
26.68,43.71,672.75,0.57,21.0,15.0,6.0,1.0
26.64,43.78,674.69,0.56,21.0,16.0,6.0,1.0
26.65,43.83,673.54,0.55,21.0,17.0,6.0,1.0
26.65,43.65,672.97,0.55,21.0,18.0,6.0,1.0
26.61,43.82,673.73,0.55,21.0,19.0,6.0,1.0
26.64,43.66,672.1699999999998,0.55,21.0,20.0,6.0,1.0
26.65,43.76,673.55,0.55,21.0,21.0,6.0,1.0
26.64,43.68,673.52,0.56,21.0,22.0,6.0,1.0
26.59,43.66,671.74,0.57,21.0,23.0,6.0,1.0
26.62,43.55,672.31,0.58,21.0,24.0,6.0,1.0
26.68,43.39,670.4600000000002,0.59,21.0,25.0,6.0,1.0
26.64,43.45,671.76,0.6,21.0,26.0,6.0,1.0
26.77,43.72,675.96,0.64,21.0,8.0,6.0,1.0
26.75,43.86,674.05,0.64,21.0,9.0,6.0,1.0
26.72,43.75,674.28,0.63,21.0,10.0,6.0,1.0
26.75,43.71,675.89,0.62,21.0,11.0,6.0,1.0
26.71,43.84,674.38,0.61,21.0,12.0,6.0,1.0
26.71,43.66,674.88,0.59,21.0,13.0,6.0,1.0
26.65,43.94,676.16,0.58,21.0,14.0,6.0,1.0
26.68,43.71,672.75,0.57,21.0,15.0,6.0,1.0
26.64,43.78,674.69,0.56,21.0,16.0,6.0,1.0
26.65,43.83,673.54,0.55,21.0,17.0,6.0,1.0
26.65,43.65,672.97,0.55,21.0,18.0,6.0,1.0
26.61,43.82,673.73,0.55,21.0,19.0,6.0,1.0
26.64,43.66,672.1699999999998,0.55,21.0,20.0,6.0,1.0
26.65,43.76,673.55,0.55,21.0,21.0,6.0,1.0
26.64,43.68,673.52,0.56,21.0,22.0,6.0,1.0
26.59,43.66,671.74,0.57,21.0,23.0,6.0,1.0
26.62,43.55,672.31,0.58,21.0,24.0,6.0,1.0
26.68,43.39,670.4600000000002,0.59,21.0,25.0,6.0,1.0
26.64,43.45,671.76,0.6,21.0,26.0,6.0,1.0
26.64,43.33,670.15,0.6,21.0,27.0,6.0,1.0
26.75,43.86,674.05,0.64,21.0,9.0,6.0,1.0
26.72,43.75,674.28,0.63,21.0,10.0,6.0,1.0
26.75,43.71,675.89,0.62,21.0,11.0,6.0,1.0
26.71,43.84,674.38,0.61,21.0,12.0,6.0,1.0
26.71,43.66,674.88,0.59,21.0,13.0,6.0,1.0
26.65,43.94,676.16,0.58,21.0,14.0,6.0,1.0
26.68,43.71,672.75,0.57,21.0,15.0,6.0,1.0
26.64,43.78,674.69,0.56,21.0,16.0,6.0,1.0
26.65,43.83,673.54,0.55,21.0,17.0,6.0,1.0
26.65,43.65,672.97,0.55,21.0,18.0,6.0,1.0
26.61,43.82,673.73,0.55,21.0,19.0,6.0,1.0
26.64,43.66,672.1699999999998,0.55,21.0,20.0,6.0,1.0
26.65,43.76,673.55,0.55,21.0,21.0,6.0,1.0
26.64,43.68,673.52,0.56,21.0,22.0,6.0,1.0
26.59,43.66,671.74,0.57,21.0,23.0,6.0,1.0
26.62,43.55,672.31,0.58,21.0,24.0,6.0,1.0
26.68,43.39,670.4600000000002,0.59,21.0,25.0,6.0,1.0
26.64,43.45,671.76,0.6,21.0,26.0,6.0,1.0
26.64,43.33,670.15,0.6,21.0,27.0,6.0,1.0
26.7,43.29,671.24,0.6,21.0,28.0,6.0,1.0
26.72,43.75,674.28,0.63,21.0,10.0,6.0,1.0
26.75,43.71,675.89,0.62,21.0,11.0,6.0,1.0
26.71,43.84,674.38,0.61,21.0,12.0,6.0,1.0
26.71,43.66,674.88,0.59,21.0,13.0,6.0,1.0
26.65,43.94,676.16,0.58,21.0,14.0,6.0,1.0
26.68,43.71,672.75,0.57,21.0,15.0,6.0,1.0
26.64,43.78,674.69,0.56,21.0,16.0,6.0,1.0
26.65,43.83,673.54,0.55,21.0,17.0,6.0,1.0
26.65,43.65,672.97,0.55,21.0,18.0,6.0,1.0
26.61,43.82,673.73,0.55,21.0,19.0,6.0,1.0
26.64,43.66,672.1699999999998,0.55,21.0,20.0,6.0,1.0
26.65,43.76,673.55,0.55,21.0,21.0,6.0,1.0
26.64,43.68,673.52,0.56,21.0,22.0,6.0,1.0
26.59,43.66,671.74,0.57,21.0,23.0,6.0,1.0
26.62,43.55,672.31,0.58,21.0,24.0,6.0,1.0
26.68,43.39,670.4600000000002,0.59,21.0,25.0,6.0,1.0
26.64,43.45,671.76,0.6,21.0,26.0,6.0,1.0
26.64,43.33,670.15,0.6,21.0,27.0,6.0,1.0
26.7,43.29,671.24,0.6,21.0,28.0,6.0,1.0
26.61,43.33,669.69,0.61,21.0,29.0,6.0,1.0
26.75,43.71,675.89,0.62,21.0,11.0,6.0,1.0
26.71,43.84,674.38,0.61,21.0,12.0,6.0,1.0
26.71,43.66,674.88,0.59,21.0,13.0,6.0,1.0
26.65,43.94,676.16,0.58,21.0,14.0,6.0,1.0
26.68,43.71,672.75,0.57,21.0,15.0,6.0,1.0
26.64,43.78,674.69,0.56,21.0,16.0,6.0,1.0
26.65,43.83,673.54,0.55,21.0,17.0,6.0,1.0
26.65,43.65,672.97,0.55,21.0,18.0,6.0,1.0
26.61,43.82,673.73,0.55,21.0,19.0,6.0,1.0
26.64,43.66,672.1699999999998,0.55,21.0,20.0,6.0,1.0
26.65,43.76,673.55,0.55,21.0,21.0,6.0,1.0
26.64,43.68,673.52,0.56,21.0,22.0,6.0,1.0
26.59,43.66,671.74,0.57,21.0,23.0,6.0,1.0
26.62,43.55,672.31,0.58,21.0,24.0,6.0,1.0
26.68,43.39,670.4600000000002,0.59,21.0,25.0,6.0,1.0
26.64,43.45,671.76,0.6,21.0,26.0,6.0,1.0
26.64,43.33,670.15,0.6,21.0,27.0,6.0,1.0
26.7,43.29,671.24,0.6,21.0,28.0,6.0,1.0
26.61,43.33,669.69,0.61,21.0,29.0,6.0,1.0
26.59,42.56,671.75,0.61,21.0,30.0,6.0,1.0
26.71,43.84,674.38,0.61,21.0,12.0,6.0,1.0
26.71,43.66,674.88,0.59,21.0,13.0,6.0,1.0
26.65,43.94,676.16,0.58,21.0,14.0,6.0,1.0
26.68,43.71,672.75,0.57,21.0,15.0,6.0,1.0
26.64,43.78,674.69,0.56,21.0,16.0,6.0,1.0
26.65,43.83,673.54,0.55,21.0,17.0,6.0,1.0
26.65,43.65,672.97,0.55,21.0,18.0,6.0,1.0
26.61,43.82,673.73,0.55,21.0,19.0,6.0,1.0
26.64,43.66,672.1699999999998,0.55,21.0,20.0,6.0,1.0
26.65,43.76,673.55,0.55,21.0,21.0,6.0,1.0
26.64,43.68,673.52,0.56,21.0,22.0,6.0,1.0
26.59,43.66,671.74,0.57,21.0,23.0,6.0,1.0
26.62,43.55,672.31,0.58,21.0,24.0,6.0,1.0
26.68,43.39,670.4600000000002,0.59,21.0,25.0,6.0,1.0
26.64,43.45,671.76,0.6,21.0,26.0,6.0,1.0
26.64,43.33,670.15,0.6,21.0,27.0,6.0,1.0
26.7,43.29,671.24,0.6,21.0,28.0,6.0,1.0
26.61,43.33,669.69,0.61,21.0,29.0,6.0,1.0
26.59,42.56,671.75,0.61,21.0,30.0,6.0,1.0
26.44,41.87,668.33,0.61,21.0,31.0,6.0,1.0
26.71,43.66,674.88,0.59,21.0,13.0,6.0,1.0
26.65,43.94,676.16,0.58,21.0,14.0,6.0,1.0
26.68,43.71,672.75,0.57,21.0,15.0,6.0,1.0
26.64,43.78,674.69,0.56,21.0,16.0,6.0,1.0
26.65,43.83,673.54,0.55,21.0,17.0,6.0,1.0
26.65,43.65,672.97,0.55,21.0,18.0,6.0,1.0
26.61,43.82,673.73,0.55,21.0,19.0,6.0,1.0
26.64,43.66,672.1699999999998,0.55,21.0,20.0,6.0,1.0
26.65,43.76,673.55,0.55,21.0,21.0,6.0,1.0
26.64,43.68,673.52,0.56,21.0,22.0,6.0,1.0
26.59,43.66,671.74,0.57,21.0,23.0,6.0,1.0
26.62,43.55,672.31,0.58,21.0,24.0,6.0,1.0
26.68,43.39,670.4600000000002,0.59,21.0,25.0,6.0,1.0
26.64,43.45,671.76,0.6,21.0,26.0,6.0,1.0
26.64,43.33,670.15,0.6,21.0,27.0,6.0,1.0
26.7,43.29,671.24,0.6,21.0,28.0,6.0,1.0
26.61,43.33,669.69,0.61,21.0,29.0,6.0,1.0
26.59,42.56,671.75,0.61,21.0,30.0,6.0,1.0
26.44,41.87,668.33,0.61,21.0,31.0,6.0,1.0
26.48,43.23,662.9300000000001,0.61,21.0,32.0,6.0,1.0
26.65,43.94,676.16,0.58,21.0,14.0,6.0,1.0
26.68,43.71,672.75,0.57,21.0,15.0,6.0,1.0
26.64,43.78,674.69,0.56,21.0,16.0,6.0,1.0
26.65,43.83,673.54,0.55,21.0,17.0,6.0,1.0
26.65,43.65,672.97,0.55,21.0,18.0,6.0,1.0
26.61,43.82,673.73,0.55,21.0,19.0,6.0,1.0
26.64,43.66,672.1699999999998,0.55,21.0,20.0,6.0,1.0
26.65,43.76,673.55,0.55,21.0,21.0,6.0,1.0
26.64,43.68,673.52,0.56,21.0,22.0,6.0,1.0
26.59,43.66,671.74,0.57,21.0,23.0,6.0,1.0
26.62,43.55,672.31,0.58,21.0,24.0,6.0,1.0
26.68,43.39,670.4600000000002,0.59,21.0,25.0,6.0,1.0
26.64,43.45,671.76,0.6,21.0,26.0,6.0,1.0
26.64,43.33,670.15,0.6,21.0,27.0,6.0,1.0
26.7,43.29,671.24,0.6,21.0,28.0,6.0,1.0
26.61,43.33,669.69,0.61,21.0,29.0,6.0,1.0
26.59,42.56,671.75,0.61,21.0,30.0,6.0,1.0
26.44,41.87,668.33,0.61,21.0,31.0,6.0,1.0
26.48,43.23,662.9300000000001,0.61,21.0,32.0,6.0,1.0
26.38,43.91,661.95,0.6,21.0,33.0,6.0,1.0
26.68,43.71,672.75,0.57,21.0,15.0,6.0,1.0
26.64,43.78,674.69,0.56,21.0,16.0,6.0,1.0
26.65,43.83,673.54,0.55,21.0,17.0,6.0,1.0
26.65,43.65,672.97,0.55,21.0,18.0,6.0,1.0
26.61,43.82,673.73,0.55,21.0,19.0,6.0,1.0
26.64,43.66,672.1699999999998,0.55,21.0,20.0,6.0,1.0
26.65,43.76,673.55,0.55,21.0,21.0,6.0,1.0
26.64,43.68,673.52,0.56,21.0,22.0,6.0,1.0
26.59,43.66,671.74,0.57,21.0,23.0,6.0,1.0
26.62,43.55,672.31,0.58,21.0,24.0,6.0,1.0
26.68,43.39,670.4600000000002,0.59,21.0,25.0,6.0,1.0
26.64,43.45,671.76,0.6,21.0,26.0,6.0,1.0
26.64,43.33,670.15,0.6,21.0,27.0,6.0,1.0
26.7,43.29,671.24,0.6,21.0,28.0,6.0,1.0
26.61,43.33,669.69,0.61,21.0,29.0,6.0,1.0
26.59,42.56,671.75,0.61,21.0,30.0,6.0,1.0
26.44,41.87,668.33,0.61,21.0,31.0,6.0,1.0
26.48,43.23,662.9300000000001,0.61,21.0,32.0,6.0,1.0
26.38,43.91,661.95,0.6,21.0,33.0,6.0,1.0
26.4,44.01,664.0499999999998,0.6,21.0,34.0,6.0,1.0
26.64,43.78,674.69,0.56,21.0,16.0,6.0,1.0
26.65,43.83,673.54,0.55,21.0,17.0,6.0,1.0
26.65,43.65,672.97,0.55,21.0,18.0,6.0,1.0
26.61,43.82,673.73,0.55,21.0,19.0,6.0,1.0
26.64,43.66,672.1699999999998,0.55,21.0,20.0,6.0,1.0
26.65,43.76,673.55,0.55,21.0,21.0,6.0,1.0
26.64,43.68,673.52,0.56,21.0,22.0,6.0,1.0
26.59,43.66,671.74,0.57,21.0,23.0,6.0,1.0
26.62,43.55,672.31,0.58,21.0,24.0,6.0,1.0
26.68,43.39,670.4600000000002,0.59,21.0,25.0,6.0,1.0
26.64,43.45,671.76,0.6,21.0,26.0,6.0,1.0
26.64,43.33,670.15,0.6,21.0,27.0,6.0,1.0
26.7,43.29,671.24,0.6,21.0,28.0,6.0,1.0
26.61,43.33,669.69,0.61,21.0,29.0,6.0,1.0
26.59,42.56,671.75,0.61,21.0,30.0,6.0,1.0
26.44,41.87,668.33,0.61,21.0,31.0,6.0,1.0
26.48,43.23,662.9300000000001,0.61,21.0,32.0,6.0,1.0
26.38,43.91,661.95,0.6,21.0,33.0,6.0,1.0
26.4,44.01,664.0499999999998,0.6,21.0,34.0,6.0,1.0
26.48,44.29,665.0,0.6,21.0,35.0,6.0,1.0
26.65,43.83,673.54,0.55,21.0,17.0,6.0,1.0
26.65,43.65,672.97,0.55,21.0,18.0,6.0,1.0
26.61,43.82,673.73,0.55,21.0,19.0,6.0,1.0
26.64,43.66,672.1699999999998,0.55,21.0,20.0,6.0,1.0
26.65,43.76,673.55,0.55,21.0,21.0,6.0,1.0
26.64,43.68,673.52,0.56,21.0,22.0,6.0,1.0
26.59,43.66,671.74,0.57,21.0,23.0,6.0,1.0
26.62,43.55,672.31,0.58,21.0,24.0,6.0,1.0
26.68,43.39,670.4600000000002,0.59,21.0,25.0,6.0,1.0
26.64,43.45,671.76,0.6,21.0,26.0,6.0,1.0
26.64,43.33,670.15,0.6,21.0,27.0,6.0,1.0
26.7,43.29,671.24,0.6,21.0,28.0,6.0,1.0
26.61,43.33,669.69,0.61,21.0,29.0,6.0,1.0
26.59,42.56,671.75,0.61,21.0,30.0,6.0,1.0
26.44,41.87,668.33,0.61,21.0,31.0,6.0,1.0
26.48,43.23,662.9300000000001,0.61,21.0,32.0,6.0,1.0
26.38,43.91,661.95,0.6,21.0,33.0,6.0,1.0
26.4,44.01,664.0499999999998,0.6,21.0,34.0,6.0,1.0
26.48,44.29,665.0,0.6,21.0,35.0,6.0,1.0
26.61,43.52,667.71,0.6,21.0,36.0,6.0,1.0
26.65,43.65,672.97,0.55,21.0,18.0,6.0,1.0
26.61,43.82,673.73,0.55,21.0,19.0,6.0,1.0
26.64,43.66,672.1699999999998,0.55,21.0,20.0,6.0,1.0
26.65,43.76,673.55,0.55,21.0,21.0,6.0,1.0
26.64,43.68,673.52,0.56,21.0,22.0,6.0,1.0
26.59,43.66,671.74,0.57,21.0,23.0,6.0,1.0
26.62,43.55,672.31,0.58,21.0,24.0,6.0,1.0
26.68,43.39,670.4600000000002,0.59,21.0,25.0,6.0,1.0
26.64,43.45,671.76,0.6,21.0,26.0,6.0,1.0
26.64,43.33,670.15,0.6,21.0,27.0,6.0,1.0
26.7,43.29,671.24,0.6,21.0,28.0,6.0,1.0
26.61,43.33,669.69,0.61,21.0,29.0,6.0,1.0
26.59,42.56,671.75,0.61,21.0,30.0,6.0,1.0
26.44,41.87,668.33,0.61,21.0,31.0,6.0,1.0
26.48,43.23,662.9300000000001,0.61,21.0,32.0,6.0,1.0
26.38,43.91,661.95,0.6,21.0,33.0,6.0,1.0
26.4,44.01,664.0499999999998,0.6,21.0,34.0,6.0,1.0
26.48,44.29,665.0,0.6,21.0,35.0,6.0,1.0
26.61,43.52,667.71,0.6,21.0,36.0,6.0,1.0
26.61,42.81,674.24,0.6,21.0,37.0,6.0,1.0
26.61,43.82,673.73,0.55,21.0,19.0,6.0,1.0
26.64,43.66,672.1699999999998,0.55,21.0,20.0,6.0,1.0
26.65,43.76,673.55,0.55,21.0,21.0,6.0,1.0
26.64,43.68,673.52,0.56,21.0,22.0,6.0,1.0
26.59,43.66,671.74,0.57,21.0,23.0,6.0,1.0
26.62,43.55,672.31,0.58,21.0,24.0,6.0,1.0
26.68,43.39,670.4600000000002,0.59,21.0,25.0,6.0,1.0
26.64,43.45,671.76,0.6,21.0,26.0,6.0,1.0
26.64,43.33,670.15,0.6,21.0,27.0,6.0,1.0
26.7,43.29,671.24,0.6,21.0,28.0,6.0,1.0
26.61,43.33,669.69,0.61,21.0,29.0,6.0,1.0
26.59,42.56,671.75,0.61,21.0,30.0,6.0,1.0
26.44,41.87,668.33,0.61,21.0,31.0,6.0,1.0
26.48,43.23,662.9300000000001,0.61,21.0,32.0,6.0,1.0
26.38,43.91,661.95,0.6,21.0,33.0,6.0,1.0
26.4,44.01,664.0499999999998,0.6,21.0,34.0,6.0,1.0
26.48,44.29,665.0,0.6,21.0,35.0,6.0,1.0
26.61,43.52,667.71,0.6,21.0,36.0,6.0,1.0
26.61,42.81,674.24,0.6,21.0,37.0,6.0,1.0
26.59,42.96,675.3,0.6,21.0,38.0,6.0,1.0
26.64,43.66,672.1699999999998,0.55,21.0,20.0,6.0,1.0
26.65,43.76,673.55,0.55,21.0,21.0,6.0,1.0
26.64,43.68,673.52,0.56,21.0,22.0,6.0,1.0
26.59,43.66,671.74,0.57,21.0,23.0,6.0,1.0
26.62,43.55,672.31,0.58,21.0,24.0,6.0,1.0
26.68,43.39,670.4600000000002,0.59,21.0,25.0,6.0,1.0
26.64,43.45,671.76,0.6,21.0,26.0,6.0,1.0
26.64,43.33,670.15,0.6,21.0,27.0,6.0,1.0
26.7,43.29,671.24,0.6,21.0,28.0,6.0,1.0
26.61,43.33,669.69,0.61,21.0,29.0,6.0,1.0
26.59,42.56,671.75,0.61,21.0,30.0,6.0,1.0
26.44,41.87,668.33,0.61,21.0,31.0,6.0,1.0
26.48,43.23,662.9300000000001,0.61,21.0,32.0,6.0,1.0
26.38,43.91,661.95,0.6,21.0,33.0,6.0,1.0
26.4,44.01,664.0499999999998,0.6,21.0,34.0,6.0,1.0
26.48,44.29,665.0,0.6,21.0,35.0,6.0,1.0
26.61,43.52,667.71,0.6,21.0,36.0,6.0,1.0
26.61,42.81,674.24,0.6,21.0,37.0,6.0,1.0
26.59,42.96,675.3,0.6,21.0,38.0,6.0,1.0
26.47,43.41,678.21,0.61,21.0,39.0,6.0,1.0
26.65,43.76,673.55,0.55,21.0,21.0,6.0,1.0
26.64,43.68,673.52,0.56,21.0,22.0,6.0,1.0
26.59,43.66,671.74,0.57,21.0,23.0,6.0,1.0
26.62,43.55,672.31,0.58,21.0,24.0,6.0,1.0
26.68,43.39,670.4600000000002,0.59,21.0,25.0,6.0,1.0
26.64,43.45,671.76,0.6,21.0,26.0,6.0,1.0
26.64,43.33,670.15,0.6,21.0,27.0,6.0,1.0
26.7,43.29,671.24,0.6,21.0,28.0,6.0,1.0
26.61,43.33,669.69,0.61,21.0,29.0,6.0,1.0
26.59,42.56,671.75,0.61,21.0,30.0,6.0,1.0
26.44,41.87,668.33,0.61,21.0,31.0,6.0,1.0
26.48,43.23,662.9300000000001,0.61,21.0,32.0,6.0,1.0
26.38,43.91,661.95,0.6,21.0,33.0,6.0,1.0
26.4,44.01,664.0499999999998,0.6,21.0,34.0,6.0,1.0
26.48,44.29,665.0,0.6,21.0,35.0,6.0,1.0
26.61,43.52,667.71,0.6,21.0,36.0,6.0,1.0
26.61,42.81,674.24,0.6,21.0,37.0,6.0,1.0
26.59,42.96,675.3,0.6,21.0,38.0,6.0,1.0
26.47,43.41,678.21,0.61,21.0,39.0,6.0,1.0
26.52,43.44,677.59,0.61,21.0,40.0,6.0,1.0
26.64,43.68,673.52,0.56,21.0,22.0,6.0,1.0
26.59,43.66,671.74,0.57,21.0,23.0,6.0,1.0
26.62,43.55,672.31,0.58,21.0,24.0,6.0,1.0
26.68,43.39,670.4600000000002,0.59,21.0,25.0,6.0,1.0
26.64,43.45,671.76,0.6,21.0,26.0,6.0,1.0
26.64,43.33,670.15,0.6,21.0,27.0,6.0,1.0
26.7,43.29,671.24,0.6,21.0,28.0,6.0,1.0
26.61,43.33,669.69,0.61,21.0,29.0,6.0,1.0
26.59,42.56,671.75,0.61,21.0,30.0,6.0,1.0
26.44,41.87,668.33,0.61,21.0,31.0,6.0,1.0
26.48,43.23,662.9300000000001,0.61,21.0,32.0,6.0,1.0
26.38,43.91,661.95,0.6,21.0,33.0,6.0,1.0
26.4,44.01,664.0499999999998,0.6,21.0,34.0,6.0,1.0
26.48,44.29,665.0,0.6,21.0,35.0,6.0,1.0
26.61,43.52,667.71,0.6,21.0,36.0,6.0,1.0
26.61,42.81,674.24,0.6,21.0,37.0,6.0,1.0
26.59,42.96,675.3,0.6,21.0,38.0,6.0,1.0
26.47,43.41,678.21,0.61,21.0,39.0,6.0,1.0
26.52,43.44,677.59,0.61,21.0,40.0,6.0,1.0
26.61,43.72,677.71,0.61,21.0,41.0,6.0,1.0
26.59,43.66,671.74,0.57,21.0,23.0,6.0,1.0
26.62,43.55,672.31,0.58,21.0,24.0,6.0,1.0
26.68,43.39,670.4600000000002,0.59,21.0,25.0,6.0,1.0
26.64,43.45,671.76,0.6,21.0,26.0,6.0,1.0
26.64,43.33,670.15,0.6,21.0,27.0,6.0,1.0
26.7,43.29,671.24,0.6,21.0,28.0,6.0,1.0
26.61,43.33,669.69,0.61,21.0,29.0,6.0,1.0
26.59,42.56,671.75,0.61,21.0,30.0,6.0,1.0
26.44,41.87,668.33,0.61,21.0,31.0,6.0,1.0
26.48,43.23,662.9300000000001,0.61,21.0,32.0,6.0,1.0
26.38,43.91,661.95,0.6,21.0,33.0,6.0,1.0
26.4,44.01,664.0499999999998,0.6,21.0,34.0,6.0,1.0
26.48,44.29,665.0,0.6,21.0,35.0,6.0,1.0
26.61,43.52,667.71,0.6,21.0,36.0,6.0,1.0
26.61,42.81,674.24,0.6,21.0,37.0,6.0,1.0
26.59,42.96,675.3,0.6,21.0,38.0,6.0,1.0
26.47,43.41,678.21,0.61,21.0,39.0,6.0,1.0
26.52,43.44,677.59,0.61,21.0,40.0,6.0,1.0
26.61,43.72,677.71,0.61,21.0,41.0,6.0,1.0
26.58,44.41,677.57,0.61,21.0,42.0,6.0,1.0
26.62,43.55,672.31,0.58,21.0,24.0,6.0,1.0
26.68,43.39,670.4600000000002,0.59,21.0,25.0,6.0,1.0
26.64,43.45,671.76,0.6,21.0,26.0,6.0,1.0
26.64,43.33,670.15,0.6,21.0,27.0,6.0,1.0
26.7,43.29,671.24,0.6,21.0,28.0,6.0,1.0
26.61,43.33,669.69,0.61,21.0,29.0,6.0,1.0
26.59,42.56,671.75,0.61,21.0,30.0,6.0,1.0
26.44,41.87,668.33,0.61,21.0,31.0,6.0,1.0
26.48,43.23,662.9300000000001,0.61,21.0,32.0,6.0,1.0
26.38,43.91,661.95,0.6,21.0,33.0,6.0,1.0
26.4,44.01,664.0499999999998,0.6,21.0,34.0,6.0,1.0
26.48,44.29,665.0,0.6,21.0,35.0,6.0,1.0
26.61,43.52,667.71,0.6,21.0,36.0,6.0,1.0
26.61,42.81,674.24,0.6,21.0,37.0,6.0,1.0
26.59,42.96,675.3,0.6,21.0,38.0,6.0,1.0
26.47,43.41,678.21,0.61,21.0,39.0,6.0,1.0
26.52,43.44,677.59,0.61,21.0,40.0,6.0,1.0
26.61,43.72,677.71,0.61,21.0,41.0,6.0,1.0
26.58,44.41,677.57,0.61,21.0,42.0,6.0,1.0
26.59,44.44,677.16,0.62,21.0,43.0,6.0,1.0
26.68,43.39,670.4600000000002,0.59,21.0,25.0,6.0,1.0
26.64,43.45,671.76,0.6,21.0,26.0,6.0,1.0
26.64,43.33,670.15,0.6,21.0,27.0,6.0,1.0
26.7,43.29,671.24,0.6,21.0,28.0,6.0,1.0
26.61,43.33,669.69,0.61,21.0,29.0,6.0,1.0
26.59,42.56,671.75,0.61,21.0,30.0,6.0,1.0
26.44,41.87,668.33,0.61,21.0,31.0,6.0,1.0
26.48,43.23,662.9300000000001,0.61,21.0,32.0,6.0,1.0
26.38,43.91,661.95,0.6,21.0,33.0,6.0,1.0
26.4,44.01,664.0499999999998,0.6,21.0,34.0,6.0,1.0
26.48,44.29,665.0,0.6,21.0,35.0,6.0,1.0
26.61,43.52,667.71,0.6,21.0,36.0,6.0,1.0
26.61,42.81,674.24,0.6,21.0,37.0,6.0,1.0
26.59,42.96,675.3,0.6,21.0,38.0,6.0,1.0
26.47,43.41,678.21,0.61,21.0,39.0,6.0,1.0
26.52,43.44,677.59,0.61,21.0,40.0,6.0,1.0
26.61,43.72,677.71,0.61,21.0,41.0,6.0,1.0
26.58,44.41,677.57,0.61,21.0,42.0,6.0,1.0
26.59,44.44,677.16,0.62,21.0,43.0,6.0,1.0
26.77,43.84,674.03,0.62,21.0,44.0,6.0,1.0
26.64,43.45,671.76,0.6,21.0,26.0,6.0,1.0
26.64,43.33,670.15,0.6,21.0,27.0,6.0,1.0
26.7,43.29,671.24,0.6,21.0,28.0,6.0,1.0
26.61,43.33,669.69,0.61,21.0,29.0,6.0,1.0
26.59,42.56,671.75,0.61,21.0,30.0,6.0,1.0
26.44,41.87,668.33,0.61,21.0,31.0,6.0,1.0
26.48,43.23,662.9300000000001,0.61,21.0,32.0,6.0,1.0
26.38,43.91,661.95,0.6,21.0,33.0,6.0,1.0
26.4,44.01,664.0499999999998,0.6,21.0,34.0,6.0,1.0
26.48,44.29,665.0,0.6,21.0,35.0,6.0,1.0
26.61,43.52,667.71,0.6,21.0,36.0,6.0,1.0
26.61,42.81,674.24,0.6,21.0,37.0,6.0,1.0
26.59,42.96,675.3,0.6,21.0,38.0,6.0,1.0
26.47,43.41,678.21,0.61,21.0,39.0,6.0,1.0
26.52,43.44,677.59,0.61,21.0,40.0,6.0,1.0
26.61,43.72,677.71,0.61,21.0,41.0,6.0,1.0
26.58,44.41,677.57,0.61,21.0,42.0,6.0,1.0
26.59,44.44,677.16,0.62,21.0,43.0,6.0,1.0
26.77,43.84,674.03,0.62,21.0,44.0,6.0,1.0
26.7,43.23,672.7,0.62,21.0,45.0,6.0,1.0
26.64,43.33,670.15,0.6,21.0,27.0,6.0,1.0
26.7,43.29,671.24,0.6,21.0,28.0,6.0,1.0
26.61,43.33,669.69,0.61,21.0,29.0,6.0,1.0
26.59,42.56,671.75,0.61,21.0,30.0,6.0,1.0
26.44,41.87,668.33,0.61,21.0,31.0,6.0,1.0
26.48,43.23,662.9300000000001,0.61,21.0,32.0,6.0,1.0
26.38,43.91,661.95,0.6,21.0,33.0,6.0,1.0
26.4,44.01,664.0499999999998,0.6,21.0,34.0,6.0,1.0
26.48,44.29,665.0,0.6,21.0,35.0,6.0,1.0
26.61,43.52,667.71,0.6,21.0,36.0,6.0,1.0
26.61,42.81,674.24,0.6,21.0,37.0,6.0,1.0
26.59,42.96,675.3,0.6,21.0,38.0,6.0,1.0
26.47,43.41,678.21,0.61,21.0,39.0,6.0,1.0
26.52,43.44,677.59,0.61,21.0,40.0,6.0,1.0
26.61,43.72,677.71,0.61,21.0,41.0,6.0,1.0
26.58,44.41,677.57,0.61,21.0,42.0,6.0,1.0
26.59,44.44,677.16,0.62,21.0,43.0,6.0,1.0
26.77,43.84,674.03,0.62,21.0,44.0,6.0,1.0
26.7,43.23,672.7,0.62,21.0,45.0,6.0,1.0
26.68,43.42,672.79,0.62,21.0,46.0,6.0,1.0
26.7,43.29,671.24,0.6,21.0,28.0,6.0,1.0
26.61,43.33,669.69,0.61,21.0,29.0,6.0,1.0
26.59,42.56,671.75,0.61,21.0,30.0,6.0,1.0
26.44,41.87,668.33,0.61,21.0,31.0,6.0,1.0
26.48,43.23,662.9300000000001,0.61,21.0,32.0,6.0,1.0
26.38,43.91,661.95,0.6,21.0,33.0,6.0,1.0
26.4,44.01,664.0499999999998,0.6,21.0,34.0,6.0,1.0
26.48,44.29,665.0,0.6,21.0,35.0,6.0,1.0
26.61,43.52,667.71,0.6,21.0,36.0,6.0,1.0
26.61,42.81,674.24,0.6,21.0,37.0,6.0,1.0
26.59,42.96,675.3,0.6,21.0,38.0,6.0,1.0
26.47,43.41,678.21,0.61,21.0,39.0,6.0,1.0
26.52,43.44,677.59,0.61,21.0,40.0,6.0,1.0
26.61,43.72,677.71,0.61,21.0,41.0,6.0,1.0
26.58,44.41,677.57,0.61,21.0,42.0,6.0,1.0
26.59,44.44,677.16,0.62,21.0,43.0,6.0,1.0
26.77,43.84,674.03,0.62,21.0,44.0,6.0,1.0
26.7,43.23,672.7,0.62,21.0,45.0,6.0,1.0
26.68,43.42,672.79,0.62,21.0,46.0,6.0,1.0
26.72,43.73,672.26,0.62,21.0,47.0,6.0,1.0
26.61,43.33,669.69,0.61,21.0,29.0,6.0,1.0
26.59,42.56,671.75,0.61,21.0,30.0,6.0,1.0
26.44,41.87,668.33,0.61,21.0,31.0,6.0,1.0
26.48,43.23,662.9300000000001,0.61,21.0,32.0,6.0,1.0
26.38,43.91,661.95,0.6,21.0,33.0,6.0,1.0
26.4,44.01,664.0499999999998,0.6,21.0,34.0,6.0,1.0
26.48,44.29,665.0,0.6,21.0,35.0,6.0,1.0
26.61,43.52,667.71,0.6,21.0,36.0,6.0,1.0
26.61,42.81,674.24,0.6,21.0,37.0,6.0,1.0
26.59,42.96,675.3,0.6,21.0,38.0,6.0,1.0
26.47,43.41,678.21,0.61,21.0,39.0,6.0,1.0
26.52,43.44,677.59,0.61,21.0,40.0,6.0,1.0
26.61,43.72,677.71,0.61,21.0,41.0,6.0,1.0
26.58,44.41,677.57,0.61,21.0,42.0,6.0,1.0
26.59,44.44,677.16,0.62,21.0,43.0,6.0,1.0
26.77,43.84,674.03,0.62,21.0,44.0,6.0,1.0
26.7,43.23,672.7,0.62,21.0,45.0,6.0,1.0
26.68,43.42,672.79,0.62,21.0,46.0,6.0,1.0
26.72,43.73,672.26,0.62,21.0,47.0,6.0,1.0
26.59,44.01,670.77,0.62,21.0,48.0,6.0,1.0
26.59,42.56,671.75,0.61,21.0,30.0,6.0,1.0
26.44,41.87,668.33,0.61,21.0,31.0,6.0,1.0
26.48,43.23,662.9300000000001,0.61,21.0,32.0,6.0,1.0
26.38,43.91,661.95,0.6,21.0,33.0,6.0,1.0
26.4,44.01,664.0499999999998,0.6,21.0,34.0,6.0,1.0
26.48,44.29,665.0,0.6,21.0,35.0,6.0,1.0
26.61,43.52,667.71,0.6,21.0,36.0,6.0,1.0
26.61,42.81,674.24,0.6,21.0,37.0,6.0,1.0
26.59,42.96,675.3,0.6,21.0,38.0,6.0,1.0
26.47,43.41,678.21,0.61,21.0,39.0,6.0,1.0
26.52,43.44,677.59,0.61,21.0,40.0,6.0,1.0
26.61,43.72,677.71,0.61,21.0,41.0,6.0,1.0
26.58,44.41,677.57,0.61,21.0,42.0,6.0,1.0
26.59,44.44,677.16,0.62,21.0,43.0,6.0,1.0
26.77,43.84,674.03,0.62,21.0,44.0,6.0,1.0
26.7,43.23,672.7,0.62,21.0,45.0,6.0,1.0
26.68,43.42,672.79,0.62,21.0,46.0,6.0,1.0
26.72,43.73,672.26,0.62,21.0,47.0,6.0,1.0
26.59,44.01,670.77,0.62,21.0,48.0,6.0,1.0
26.75,43.98,672.36,0.61,21.0,49.0,6.0,1.0
26.44,41.87,668.33,0.61,21.0,31.0,6.0,1.0
26.48,43.23,662.9300000000001,0.61,21.0,32.0,6.0,1.0
26.38,43.91,661.95,0.6,21.0,33.0,6.0,1.0
26.4,44.01,664.0499999999998,0.6,21.0,34.0,6.0,1.0
26.48,44.29,665.0,0.6,21.0,35.0,6.0,1.0
26.61,43.52,667.71,0.6,21.0,36.0,6.0,1.0
26.61,42.81,674.24,0.6,21.0,37.0,6.0,1.0
26.59,42.96,675.3,0.6,21.0,38.0,6.0,1.0
26.47,43.41,678.21,0.61,21.0,39.0,6.0,1.0
26.52,43.44,677.59,0.61,21.0,40.0,6.0,1.0
26.61,43.72,677.71,0.61,21.0,41.0,6.0,1.0
26.58,44.41,677.57,0.61,21.0,42.0,6.0,1.0
26.59,44.44,677.16,0.62,21.0,43.0,6.0,1.0
26.77,43.84,674.03,0.62,21.0,44.0,6.0,1.0
26.7,43.23,672.7,0.62,21.0,45.0,6.0,1.0
26.68,43.42,672.79,0.62,21.0,46.0,6.0,1.0
26.72,43.73,672.26,0.62,21.0,47.0,6.0,1.0
26.59,44.01,670.77,0.62,21.0,48.0,6.0,1.0
26.75,43.98,672.36,0.61,21.0,49.0,6.0,1.0
26.71,44.28,669.82,0.61,21.0,50.0,6.0,1.0
26.48,43.23,662.9300000000001,0.61,21.0,32.0,6.0,1.0
26.38,43.91,661.95,0.6,21.0,33.0,6.0,1.0
26.4,44.01,664.0499999999998,0.6,21.0,34.0,6.0,1.0
26.48,44.29,665.0,0.6,21.0,35.0,6.0,1.0
26.61,43.52,667.71,0.6,21.0,36.0,6.0,1.0
26.61,42.81,674.24,0.6,21.0,37.0,6.0,1.0
26.59,42.96,675.3,0.6,21.0,38.0,6.0,1.0
26.47,43.41,678.21,0.61,21.0,39.0,6.0,1.0
26.52,43.44,677.59,0.61,21.0,40.0,6.0,1.0
26.61,43.72,677.71,0.61,21.0,41.0,6.0,1.0
26.58,44.41,677.57,0.61,21.0,42.0,6.0,1.0
26.59,44.44,677.16,0.62,21.0,43.0,6.0,1.0
26.77,43.84,674.03,0.62,21.0,44.0,6.0,1.0
26.7,43.23,672.7,0.62,21.0,45.0,6.0,1.0
26.68,43.42,672.79,0.62,21.0,46.0,6.0,1.0
26.72,43.73,672.26,0.62,21.0,47.0,6.0,1.0
26.59,44.01,670.77,0.62,21.0,48.0,6.0,1.0
26.75,43.98,672.36,0.61,21.0,49.0,6.0,1.0
26.71,44.28,669.82,0.61,21.0,50.0,6.0,1.0
26.64,44.74,668.4,0.61,21.0,51.0,6.0,1.0
26.38,43.91,661.95,0.6,21.0,33.0,6.0,1.0
26.4,44.01,664.0499999999998,0.6,21.0,34.0,6.0,1.0
26.48,44.29,665.0,0.6,21.0,35.0,6.0,1.0
26.61,43.52,667.71,0.6,21.0,36.0,6.0,1.0
26.61,42.81,674.24,0.6,21.0,37.0,6.0,1.0
26.59,42.96,675.3,0.6,21.0,38.0,6.0,1.0
26.47,43.41,678.21,0.61,21.0,39.0,6.0,1.0
26.52,43.44,677.59,0.61,21.0,40.0,6.0,1.0
26.61,43.72,677.71,0.61,21.0,41.0,6.0,1.0
26.58,44.41,677.57,0.61,21.0,42.0,6.0,1.0
26.59,44.44,677.16,0.62,21.0,43.0,6.0,1.0
26.77,43.84,674.03,0.62,21.0,44.0,6.0,1.0
26.7,43.23,672.7,0.62,21.0,45.0,6.0,1.0
26.68,43.42,672.79,0.62,21.0,46.0,6.0,1.0
26.72,43.73,672.26,0.62,21.0,47.0,6.0,1.0
26.59,44.01,670.77,0.62,21.0,48.0,6.0,1.0
26.75,43.98,672.36,0.61,21.0,49.0,6.0,1.0
26.71,44.28,669.82,0.61,21.0,50.0,6.0,1.0
26.64,44.74,668.4,0.61,21.0,51.0,6.0,1.0
26.81,44.4,665.04,0.61,21.0,52.0,6.0,1.0
26.4,44.01,664.0499999999998,0.6,21.0,34.0,6.0,1.0
26.48,44.29,665.0,0.6,21.0,35.0,6.0,1.0
26.61,43.52,667.71,0.6,21.0,36.0,6.0,1.0
26.61,42.81,674.24,0.6,21.0,37.0,6.0,1.0
26.59,42.96,675.3,0.6,21.0,38.0,6.0,1.0
26.47,43.41,678.21,0.61,21.0,39.0,6.0,1.0
26.52,43.44,677.59,0.61,21.0,40.0,6.0,1.0
26.61,43.72,677.71,0.61,21.0,41.0,6.0,1.0
26.58,44.41,677.57,0.61,21.0,42.0,6.0,1.0
26.59,44.44,677.16,0.62,21.0,43.0,6.0,1.0
26.77,43.84,674.03,0.62,21.0,44.0,6.0,1.0
26.7,43.23,672.7,0.62,21.0,45.0,6.0,1.0
26.68,43.42,672.79,0.62,21.0,46.0,6.0,1.0
26.72,43.73,672.26,0.62,21.0,47.0,6.0,1.0
26.59,44.01,670.77,0.62,21.0,48.0,6.0,1.0
26.75,43.98,672.36,0.61,21.0,49.0,6.0,1.0
26.71,44.28,669.82,0.61,21.0,50.0,6.0,1.0
26.64,44.74,668.4,0.61,21.0,51.0,6.0,1.0
26.81,44.4,665.04,0.61,21.0,52.0,6.0,1.0
26.84,43.09,668.44,0.61,21.0,53.0,6.0,1.0
26.48,44.29,665.0,0.6,21.0,35.0,6.0,1.0
26.61,43.52,667.71,0.6,21.0,36.0,6.0,1.0
26.61,42.81,674.24,0.6,21.0,37.0,6.0,1.0
26.59,42.96,675.3,0.6,21.0,38.0,6.0,1.0
26.47,43.41,678.21,0.61,21.0,39.0,6.0,1.0
26.52,43.44,677.59,0.61,21.0,40.0,6.0,1.0
26.61,43.72,677.71,0.61,21.0,41.0,6.0,1.0
26.58,44.41,677.57,0.61,21.0,42.0,6.0,1.0
26.59,44.44,677.16,0.62,21.0,43.0,6.0,1.0
26.77,43.84,674.03,0.62,21.0,44.0,6.0,1.0
26.7,43.23,672.7,0.62,21.0,45.0,6.0,1.0
26.68,43.42,672.79,0.62,21.0,46.0,6.0,1.0
26.72,43.73,672.26,0.62,21.0,47.0,6.0,1.0
26.59,44.01,670.77,0.62,21.0,48.0,6.0,1.0
26.75,43.98,672.36,0.61,21.0,49.0,6.0,1.0
26.71,44.28,669.82,0.61,21.0,50.0,6.0,1.0
26.64,44.74,668.4,0.61,21.0,51.0,6.0,1.0
26.81,44.4,665.04,0.61,21.0,52.0,6.0,1.0
26.84,43.09,668.44,0.61,21.0,53.0,6.0,1.0
26.62,43.51,672.1399999999999,0.61,21.0,54.0,6.0,1.0
26.61,43.52,667.71,0.6,21.0,36.0,6.0,1.0
26.61,42.81,674.24,0.6,21.0,37.0,6.0,1.0
26.59,42.96,675.3,0.6,21.0,38.0,6.0,1.0
26.47,43.41,678.21,0.61,21.0,39.0,6.0,1.0
26.52,43.44,677.59,0.61,21.0,40.0,6.0,1.0
26.61,43.72,677.71,0.61,21.0,41.0,6.0,1.0
26.58,44.41,677.57,0.61,21.0,42.0,6.0,1.0
26.59,44.44,677.16,0.62,21.0,43.0,6.0,1.0
26.77,43.84,674.03,0.62,21.0,44.0,6.0,1.0
26.7,43.23,672.7,0.62,21.0,45.0,6.0,1.0
26.68,43.42,672.79,0.62,21.0,46.0,6.0,1.0
26.72,43.73,672.26,0.62,21.0,47.0,6.0,1.0
26.59,44.01,670.77,0.62,21.0,48.0,6.0,1.0
26.75,43.98,672.36,0.61,21.0,49.0,6.0,1.0
26.71,44.28,669.82,0.61,21.0,50.0,6.0,1.0
26.64,44.74,668.4,0.61,21.0,51.0,6.0,1.0
26.81,44.4,665.04,0.61,21.0,52.0,6.0,1.0
26.84,43.09,668.44,0.61,21.0,53.0,6.0,1.0
26.62,43.51,672.1399999999999,0.61,21.0,54.0,6.0,1.0
26.77,43.71,673.16,0.62,21.0,55.0,6.0,1.0
26.61,42.81,674.24,0.6,21.0,37.0,6.0,1.0
26.59,42.96,675.3,0.6,21.0,38.0,6.0,1.0
26.47,43.41,678.21,0.61,21.0,39.0,6.0,1.0
26.52,43.44,677.59,0.61,21.0,40.0,6.0,1.0
26.61,43.72,677.71,0.61,21.0,41.0,6.0,1.0
26.58,44.41,677.57,0.61,21.0,42.0,6.0,1.0
26.59,44.44,677.16,0.62,21.0,43.0,6.0,1.0
26.77,43.84,674.03,0.62,21.0,44.0,6.0,1.0
26.7,43.23,672.7,0.62,21.0,45.0,6.0,1.0
26.68,43.42,672.79,0.62,21.0,46.0,6.0,1.0
26.72,43.73,672.26,0.62,21.0,47.0,6.0,1.0
26.59,44.01,670.77,0.62,21.0,48.0,6.0,1.0
26.75,43.98,672.36,0.61,21.0,49.0,6.0,1.0
26.71,44.28,669.82,0.61,21.0,50.0,6.0,1.0
26.64,44.74,668.4,0.61,21.0,51.0,6.0,1.0
26.81,44.4,665.04,0.61,21.0,52.0,6.0,1.0
26.84,43.09,668.44,0.61,21.0,53.0,6.0,1.0
26.62,43.51,672.1399999999999,0.61,21.0,54.0,6.0,1.0
26.77,43.71,673.16,0.62,21.0,55.0,6.0,1.0
26.7,44.04,671.33,0.62,21.0,56.0,6.0,1.0
26.59,42.96,675.3,0.6,21.0,38.0,6.0,1.0
26.47,43.41,678.21,0.61,21.0,39.0,6.0,1.0
26.52,43.44,677.59,0.61,21.0,40.0,6.0,1.0
26.61,43.72,677.71,0.61,21.0,41.0,6.0,1.0
26.58,44.41,677.57,0.61,21.0,42.0,6.0,1.0
26.59,44.44,677.16,0.62,21.0,43.0,6.0,1.0
26.77,43.84,674.03,0.62,21.0,44.0,6.0,1.0
26.7,43.23,672.7,0.62,21.0,45.0,6.0,1.0
26.68,43.42,672.79,0.62,21.0,46.0,6.0,1.0
26.72,43.73,672.26,0.62,21.0,47.0,6.0,1.0
26.59,44.01,670.77,0.62,21.0,48.0,6.0,1.0
26.75,43.98,672.36,0.61,21.0,49.0,6.0,1.0
26.71,44.28,669.82,0.61,21.0,50.0,6.0,1.0
26.64,44.74,668.4,0.61,21.0,51.0,6.0,1.0
26.81,44.4,665.04,0.61,21.0,52.0,6.0,1.0
26.84,43.09,668.44,0.61,21.0,53.0,6.0,1.0
26.62,43.51,672.1399999999999,0.61,21.0,54.0,6.0,1.0
26.77,43.71,673.16,0.62,21.0,55.0,6.0,1.0
26.7,44.04,671.33,0.62,21.0,56.0,6.0,1.0
26.74,44.15,669.87,0.62,21.0,57.0,6.0,1.0
26.47,43.41,678.21,0.61,21.0,39.0,6.0,1.0
26.52,43.44,677.59,0.61,21.0,40.0,6.0,1.0
26.61,43.72,677.71,0.61,21.0,41.0,6.0,1.0
26.58,44.41,677.57,0.61,21.0,42.0,6.0,1.0
26.59,44.44,677.16,0.62,21.0,43.0,6.0,1.0
26.77,43.84,674.03,0.62,21.0,44.0,6.0,1.0
26.7,43.23,672.7,0.62,21.0,45.0,6.0,1.0
26.68,43.42,672.79,0.62,21.0,46.0,6.0,1.0
26.72,43.73,672.26,0.62,21.0,47.0,6.0,1.0
26.59,44.01,670.77,0.62,21.0,48.0,6.0,1.0
26.75,43.98,672.36,0.61,21.0,49.0,6.0,1.0
26.71,44.28,669.82,0.61,21.0,50.0,6.0,1.0
26.64,44.74,668.4,0.61,21.0,51.0,6.0,1.0
26.81,44.4,665.04,0.61,21.0,52.0,6.0,1.0
26.84,43.09,668.44,0.61,21.0,53.0,6.0,1.0
26.62,43.51,672.1399999999999,0.61,21.0,54.0,6.0,1.0
26.77,43.71,673.16,0.62,21.0,55.0,6.0,1.0
26.7,44.04,671.33,0.62,21.0,56.0,6.0,1.0
26.74,44.15,669.87,0.62,21.0,57.0,6.0,1.0
26.77,44.21,672.1699999999998,0.62,21.0,58.0,6.0,1.0
26.52,43.44,677.59,0.61,21.0,40.0,6.0,1.0
26.61,43.72,677.71,0.61,21.0,41.0,6.0,1.0
26.58,44.41,677.57,0.61,21.0,42.0,6.0,1.0
26.59,44.44,677.16,0.62,21.0,43.0,6.0,1.0
26.77,43.84,674.03,0.62,21.0,44.0,6.0,1.0
26.7,43.23,672.7,0.62,21.0,45.0,6.0,1.0
26.68,43.42,672.79,0.62,21.0,46.0,6.0,1.0
26.72,43.73,672.26,0.62,21.0,47.0,6.0,1.0
26.59,44.01,670.77,0.62,21.0,48.0,6.0,1.0
26.75,43.98,672.36,0.61,21.0,49.0,6.0,1.0
26.71,44.28,669.82,0.61,21.0,50.0,6.0,1.0
26.64,44.74,668.4,0.61,21.0,51.0,6.0,1.0
26.81,44.4,665.04,0.61,21.0,52.0,6.0,1.0
26.84,43.09,668.44,0.61,21.0,53.0,6.0,1.0
26.62,43.51,672.1399999999999,0.61,21.0,54.0,6.0,1.0
26.77,43.71,673.16,0.62,21.0,55.0,6.0,1.0
26.7,44.04,671.33,0.62,21.0,56.0,6.0,1.0
26.74,44.15,669.87,0.62,21.0,57.0,6.0,1.0
26.77,44.21,672.1699999999998,0.62,21.0,58.0,6.0,1.0
26.75,44.87,668.83,0.62,21.0,59.0,6.0,1.0
26.61,43.72,677.71,0.61,21.0,41.0,6.0,1.0
26.58,44.41,677.57,0.61,21.0,42.0,6.0,1.0
26.59,44.44,677.16,0.62,21.0,43.0,6.0,1.0
26.77,43.84,674.03,0.62,21.0,44.0,6.0,1.0
26.7,43.23,672.7,0.62,21.0,45.0,6.0,1.0
26.68,43.42,672.79,0.62,21.0,46.0,6.0,1.0
26.72,43.73,672.26,0.62,21.0,47.0,6.0,1.0
26.59,44.01,670.77,0.62,21.0,48.0,6.0,1.0
26.75,43.98,672.36,0.61,21.0,49.0,6.0,1.0
26.71,44.28,669.82,0.61,21.0,50.0,6.0,1.0
26.64,44.74,668.4,0.61,21.0,51.0,6.0,1.0
26.81,44.4,665.04,0.61,21.0,52.0,6.0,1.0
26.84,43.09,668.44,0.61,21.0,53.0,6.0,1.0
26.62,43.51,672.1399999999999,0.61,21.0,54.0,6.0,1.0
26.77,43.71,673.16,0.62,21.0,55.0,6.0,1.0
26.7,44.04,671.33,0.62,21.0,56.0,6.0,1.0
26.74,44.15,669.87,0.62,21.0,57.0,6.0,1.0
26.77,44.21,672.1699999999998,0.62,21.0,58.0,6.0,1.0
26.75,44.87,668.83,0.62,21.0,59.0,6.0,1.0
26.78,44.75,668.12,0.63,22.0,0.0,6.0,1.0
26.58,44.41,677.57,0.61,21.0,42.0,6.0,1.0
26.59,44.44,677.16,0.62,21.0,43.0,6.0,1.0
26.77,43.84,674.03,0.62,21.0,44.0,6.0,1.0
26.7,43.23,672.7,0.62,21.0,45.0,6.0,1.0
26.68,43.42,672.79,0.62,21.0,46.0,6.0,1.0
26.72,43.73,672.26,0.62,21.0,47.0,6.0,1.0
26.59,44.01,670.77,0.62,21.0,48.0,6.0,1.0
26.75,43.98,672.36,0.61,21.0,49.0,6.0,1.0
26.71,44.28,669.82,0.61,21.0,50.0,6.0,1.0
26.64,44.74,668.4,0.61,21.0,51.0,6.0,1.0
26.81,44.4,665.04,0.61,21.0,52.0,6.0,1.0
26.84,43.09,668.44,0.61,21.0,53.0,6.0,1.0
26.62,43.51,672.1399999999999,0.61,21.0,54.0,6.0,1.0
26.77,43.71,673.16,0.62,21.0,55.0,6.0,1.0
26.7,44.04,671.33,0.62,21.0,56.0,6.0,1.0
26.74,44.15,669.87,0.62,21.0,57.0,6.0,1.0
26.77,44.21,672.1699999999998,0.62,21.0,58.0,6.0,1.0
26.75,44.87,668.83,0.62,21.0,59.0,6.0,1.0
26.78,44.75,668.12,0.63,22.0,0.0,6.0,1.0
26.88,43.37,672.47,0.64,22.0,1.0,6.0,1.0
26.59,44.44,677.16,0.62,21.0,43.0,6.0,1.0
26.77,43.84,674.03,0.62,21.0,44.0,6.0,1.0
26.7,43.23,672.7,0.62,21.0,45.0,6.0,1.0
26.68,43.42,672.79,0.62,21.0,46.0,6.0,1.0
26.72,43.73,672.26,0.62,21.0,47.0,6.0,1.0
26.59,44.01,670.77,0.62,21.0,48.0,6.0,1.0
26.75,43.98,672.36,0.61,21.0,49.0,6.0,1.0
26.71,44.28,669.82,0.61,21.0,50.0,6.0,1.0
26.64,44.74,668.4,0.61,21.0,51.0,6.0,1.0
26.81,44.4,665.04,0.61,21.0,52.0,6.0,1.0
26.84,43.09,668.44,0.61,21.0,53.0,6.0,1.0
26.62,43.51,672.1399999999999,0.61,21.0,54.0,6.0,1.0
26.77,43.71,673.16,0.62,21.0,55.0,6.0,1.0
26.7,44.04,671.33,0.62,21.0,56.0,6.0,1.0
26.74,44.15,669.87,0.62,21.0,57.0,6.0,1.0
26.77,44.21,672.1699999999998,0.62,21.0,58.0,6.0,1.0
26.75,44.87,668.83,0.62,21.0,59.0,6.0,1.0
26.78,44.75,668.12,0.63,22.0,0.0,6.0,1.0
26.88,43.37,672.47,0.64,22.0,1.0,6.0,1.0
26.79,43.31,674.29,0.64,22.0,2.0,6.0,1.0
26.77,43.84,674.03,0.62,21.0,44.0,6.0,1.0
26.7,43.23,672.7,0.62,21.0,45.0,6.0,1.0
26.68,43.42,672.79,0.62,21.0,46.0,6.0,1.0
26.72,43.73,672.26,0.62,21.0,47.0,6.0,1.0
26.59,44.01,670.77,0.62,21.0,48.0,6.0,1.0
26.75,43.98,672.36,0.61,21.0,49.0,6.0,1.0
26.71,44.28,669.82,0.61,21.0,50.0,6.0,1.0
26.64,44.74,668.4,0.61,21.0,51.0,6.0,1.0
26.81,44.4,665.04,0.61,21.0,52.0,6.0,1.0
26.84,43.09,668.44,0.61,21.0,53.0,6.0,1.0
26.62,43.51,672.1399999999999,0.61,21.0,54.0,6.0,1.0
26.77,43.71,673.16,0.62,21.0,55.0,6.0,1.0
26.7,44.04,671.33,0.62,21.0,56.0,6.0,1.0
26.74,44.15,669.87,0.62,21.0,57.0,6.0,1.0
26.77,44.21,672.1699999999998,0.62,21.0,58.0,6.0,1.0
26.75,44.87,668.83,0.62,21.0,59.0,6.0,1.0
26.78,44.75,668.12,0.63,22.0,0.0,6.0,1.0
26.88,43.37,672.47,0.64,22.0,1.0,6.0,1.0
26.79,43.31,674.29,0.64,22.0,2.0,6.0,1.0
26.75,43.77,671.56,0.65,22.0,3.0,6.0,1.0
26.7,43.23,672.7,0.62,21.0,45.0,6.0,1.0
26.68,43.42,672.79,0.62,21.0,46.0,6.0,1.0
26.72,43.73,672.26,0.62,21.0,47.0,6.0,1.0
26.59,44.01,670.77,0.62,21.0,48.0,6.0,1.0
26.75,43.98,672.36,0.61,21.0,49.0,6.0,1.0
26.71,44.28,669.82,0.61,21.0,50.0,6.0,1.0
26.64,44.74,668.4,0.61,21.0,51.0,6.0,1.0
26.81,44.4,665.04,0.61,21.0,52.0,6.0,1.0
26.84,43.09,668.44,0.61,21.0,53.0,6.0,1.0
26.62,43.51,672.1399999999999,0.61,21.0,54.0,6.0,1.0
26.77,43.71,673.16,0.62,21.0,55.0,6.0,1.0
26.7,44.04,671.33,0.62,21.0,56.0,6.0,1.0
26.74,44.15,669.87,0.62,21.0,57.0,6.0,1.0
26.77,44.21,672.1699999999998,0.62,21.0,58.0,6.0,1.0
26.75,44.87,668.83,0.62,21.0,59.0,6.0,1.0
26.78,44.75,668.12,0.63,22.0,0.0,6.0,1.0
26.88,43.37,672.47,0.64,22.0,1.0,6.0,1.0
26.79,43.31,674.29,0.64,22.0,2.0,6.0,1.0
26.75,43.77,671.56,0.65,22.0,3.0,6.0,1.0
26.62,44.31,668.18,0.65,22.0,4.0,6.0,1.0
26.68,43.42,672.79,0.62,21.0,46.0,6.0,1.0
26.72,43.73,672.26,0.62,21.0,47.0,6.0,1.0
26.59,44.01,670.77,0.62,21.0,48.0,6.0,1.0
26.75,43.98,672.36,0.61,21.0,49.0,6.0,1.0
26.71,44.28,669.82,0.61,21.0,50.0,6.0,1.0
26.64,44.74,668.4,0.61,21.0,51.0,6.0,1.0
26.81,44.4,665.04,0.61,21.0,52.0,6.0,1.0
26.84,43.09,668.44,0.61,21.0,53.0,6.0,1.0
26.62,43.51,672.1399999999999,0.61,21.0,54.0,6.0,1.0
26.77,43.71,673.16,0.62,21.0,55.0,6.0,1.0
26.7,44.04,671.33,0.62,21.0,56.0,6.0,1.0
26.74,44.15,669.87,0.62,21.0,57.0,6.0,1.0
26.77,44.21,672.1699999999998,0.62,21.0,58.0,6.0,1.0
26.75,44.87,668.83,0.62,21.0,59.0,6.0,1.0
26.78,44.75,668.12,0.63,22.0,0.0,6.0,1.0
26.88,43.37,672.47,0.64,22.0,1.0,6.0,1.0
26.79,43.31,674.29,0.64,22.0,2.0,6.0,1.0
26.75,43.77,671.56,0.65,22.0,3.0,6.0,1.0
26.62,44.31,668.18,0.65,22.0,4.0,6.0,1.0
26.84,44.01,669.42,0.65,22.0,5.0,6.0,1.0
26.72,43.73,672.26,0.62,21.0,47.0,6.0,1.0
26.59,44.01,670.77,0.62,21.0,48.0,6.0,1.0
26.75,43.98,672.36,0.61,21.0,49.0,6.0,1.0
26.71,44.28,669.82,0.61,21.0,50.0,6.0,1.0
26.64,44.74,668.4,0.61,21.0,51.0,6.0,1.0
26.81,44.4,665.04,0.61,21.0,52.0,6.0,1.0
26.84,43.09,668.44,0.61,21.0,53.0,6.0,1.0
26.62,43.51,672.1399999999999,0.61,21.0,54.0,6.0,1.0
26.77,43.71,673.16,0.62,21.0,55.0,6.0,1.0
26.7,44.04,671.33,0.62,21.0,56.0,6.0,1.0
26.74,44.15,669.87,0.62,21.0,57.0,6.0,1.0
26.77,44.21,672.1699999999998,0.62,21.0,58.0,6.0,1.0
26.75,44.87,668.83,0.62,21.0,59.0,6.0,1.0
26.78,44.75,668.12,0.63,22.0,0.0,6.0,1.0
26.88,43.37,672.47,0.64,22.0,1.0,6.0,1.0
26.79,43.31,674.29,0.64,22.0,2.0,6.0,1.0
26.75,43.77,671.56,0.65,22.0,3.0,6.0,1.0
26.62,44.31,668.18,0.65,22.0,4.0,6.0,1.0
26.84,44.01,669.42,0.65,22.0,5.0,6.0,1.0
26.89,44.14,675.4,0.66,22.0,6.0,6.0,1.0
26.59,44.01,670.77,0.62,21.0,48.0,6.0,1.0
26.75,43.98,672.36,0.61,21.0,49.0,6.0,1.0
26.71,44.28,669.82,0.61,21.0,50.0,6.0,1.0
26.64,44.74,668.4,0.61,21.0,51.0,6.0,1.0
26.81,44.4,665.04,0.61,21.0,52.0,6.0,1.0
26.84,43.09,668.44,0.61,21.0,53.0,6.0,1.0
26.62,43.51,672.1399999999999,0.61,21.0,54.0,6.0,1.0
26.77,43.71,673.16,0.62,21.0,55.0,6.0,1.0
26.7,44.04,671.33,0.62,21.0,56.0,6.0,1.0
26.74,44.15,669.87,0.62,21.0,57.0,6.0,1.0
26.77,44.21,672.1699999999998,0.62,21.0,58.0,6.0,1.0
26.75,44.87,668.83,0.62,21.0,59.0,6.0,1.0
26.78,44.75,668.12,0.63,22.0,0.0,6.0,1.0
26.88,43.37,672.47,0.64,22.0,1.0,6.0,1.0
26.79,43.31,674.29,0.64,22.0,2.0,6.0,1.0
26.75,43.77,671.56,0.65,22.0,3.0,6.0,1.0
26.62,44.31,668.18,0.65,22.0,4.0,6.0,1.0
26.84,44.01,669.42,0.65,22.0,5.0,6.0,1.0
26.89,44.14,675.4,0.66,22.0,6.0,6.0,1.0
26.88,44.58,674.03,0.66,22.0,7.0,6.0,1.0
26.75,43.98,672.36,0.61,21.0,49.0,6.0,1.0
26.71,44.28,669.82,0.61,21.0,50.0,6.0,1.0
26.64,44.74,668.4,0.61,21.0,51.0,6.0,1.0
26.81,44.4,665.04,0.61,21.0,52.0,6.0,1.0
26.84,43.09,668.44,0.61,21.0,53.0,6.0,1.0
26.62,43.51,672.1399999999999,0.61,21.0,54.0,6.0,1.0
26.77,43.71,673.16,0.62,21.0,55.0,6.0,1.0
26.7,44.04,671.33,0.62,21.0,56.0,6.0,1.0
26.74,44.15,669.87,0.62,21.0,57.0,6.0,1.0
26.77,44.21,672.1699999999998,0.62,21.0,58.0,6.0,1.0
26.75,44.87,668.83,0.62,21.0,59.0,6.0,1.0
26.78,44.75,668.12,0.63,22.0,0.0,6.0,1.0
26.88,43.37,672.47,0.64,22.0,1.0,6.0,1.0
26.79,43.31,674.29,0.64,22.0,2.0,6.0,1.0
26.75,43.77,671.56,0.65,22.0,3.0,6.0,1.0
26.62,44.31,668.18,0.65,22.0,4.0,6.0,1.0
26.84,44.01,669.42,0.65,22.0,5.0,6.0,1.0
26.89,44.14,675.4,0.66,22.0,6.0,6.0,1.0
26.88,44.58,674.03,0.66,22.0,7.0,6.0,1.0
26.78,45.02,672.01,0.71,22.0,8.0,6.0,1.0
26.71,44.28,669.82,0.61,21.0,50.0,6.0,1.0
26.64,44.74,668.4,0.61,21.0,51.0,6.0,1.0
26.81,44.4,665.04,0.61,21.0,52.0,6.0,1.0
26.84,43.09,668.44,0.61,21.0,53.0,6.0,1.0
26.62,43.51,672.1399999999999,0.61,21.0,54.0,6.0,1.0
26.77,43.71,673.16,0.62,21.0,55.0,6.0,1.0
26.7,44.04,671.33,0.62,21.0,56.0,6.0,1.0
26.74,44.15,669.87,0.62,21.0,57.0,6.0,1.0
26.77,44.21,672.1699999999998,0.62,21.0,58.0,6.0,1.0
26.75,44.87,668.83,0.62,21.0,59.0,6.0,1.0
26.78,44.75,668.12,0.63,22.0,0.0,6.0,1.0
26.88,43.37,672.47,0.64,22.0,1.0,6.0,1.0
26.79,43.31,674.29,0.64,22.0,2.0,6.0,1.0
26.75,43.77,671.56,0.65,22.0,3.0,6.0,1.0
26.62,44.31,668.18,0.65,22.0,4.0,6.0,1.0
26.84,44.01,669.42,0.65,22.0,5.0,6.0,1.0
26.89,44.14,675.4,0.66,22.0,6.0,6.0,1.0
26.88,44.58,674.03,0.66,22.0,7.0,6.0,1.0
26.78,45.02,672.01,0.71,22.0,8.0,6.0,1.0
26.92,43.55,673.97,0.7499999999999999,22.0,9.0,6.0,1.0
26.64,44.74,668.4,0.61,21.0,51.0,6.0,1.0
26.81,44.4,665.04,0.61,21.0,52.0,6.0,1.0
26.84,43.09,668.44,0.61,21.0,53.0,6.0,1.0
26.62,43.51,672.1399999999999,0.61,21.0,54.0,6.0,1.0
26.77,43.71,673.16,0.62,21.0,55.0,6.0,1.0
26.7,44.04,671.33,0.62,21.0,56.0,6.0,1.0
26.74,44.15,669.87,0.62,21.0,57.0,6.0,1.0
26.77,44.21,672.1699999999998,0.62,21.0,58.0,6.0,1.0
26.75,44.87,668.83,0.62,21.0,59.0,6.0,1.0
26.78,44.75,668.12,0.63,22.0,0.0,6.0,1.0
26.88,43.37,672.47,0.64,22.0,1.0,6.0,1.0
26.79,43.31,674.29,0.64,22.0,2.0,6.0,1.0
26.75,43.77,671.56,0.65,22.0,3.0,6.0,1.0
26.62,44.31,668.18,0.65,22.0,4.0,6.0,1.0
26.84,44.01,669.42,0.65,22.0,5.0,6.0,1.0
26.89,44.14,675.4,0.66,22.0,6.0,6.0,1.0
26.88,44.58,674.03,0.66,22.0,7.0,6.0,1.0
26.78,45.02,672.01,0.71,22.0,8.0,6.0,1.0
26.92,43.55,673.97,0.7499999999999999,22.0,9.0,6.0,1.0
26.84,43.55,675.46,0.8,22.0,10.0,6.0,1.0
26.81,44.4,665.04,0.61,21.0,52.0,6.0,1.0
26.84,43.09,668.44,0.61,21.0,53.0,6.0,1.0
26.62,43.51,672.1399999999999,0.61,21.0,54.0,6.0,1.0
26.77,43.71,673.16,0.62,21.0,55.0,6.0,1.0
26.7,44.04,671.33,0.62,21.0,56.0,6.0,1.0
26.74,44.15,669.87,0.62,21.0,57.0,6.0,1.0
26.77,44.21,672.1699999999998,0.62,21.0,58.0,6.0,1.0
26.75,44.87,668.83,0.62,21.0,59.0,6.0,1.0
26.78,44.75,668.12,0.63,22.0,0.0,6.0,1.0
26.88,43.37,672.47,0.64,22.0,1.0,6.0,1.0
26.79,43.31,674.29,0.64,22.0,2.0,6.0,1.0
26.75,43.77,671.56,0.65,22.0,3.0,6.0,1.0
26.62,44.31,668.18,0.65,22.0,4.0,6.0,1.0
26.84,44.01,669.42,0.65,22.0,5.0,6.0,1.0
26.89,44.14,675.4,0.66,22.0,6.0,6.0,1.0
26.88,44.58,674.03,0.66,22.0,7.0,6.0,1.0
26.78,45.02,672.01,0.71,22.0,8.0,6.0,1.0
26.92,43.55,673.97,0.7499999999999999,22.0,9.0,6.0,1.0
26.84,43.55,675.46,0.8,22.0,10.0,6.0,1.0
26.86,43.48,671.33,0.87,22.0,11.0,6.0,1.0
26.84,43.09,668.44,0.61,21.0,53.0,6.0,1.0
26.62,43.51,672.1399999999999,0.61,21.0,54.0,6.0,1.0
26.77,43.71,673.16,0.62,21.0,55.0,6.0,1.0
26.7,44.04,671.33,0.62,21.0,56.0,6.0,1.0
26.74,44.15,669.87,0.62,21.0,57.0,6.0,1.0
26.77,44.21,672.1699999999998,0.62,21.0,58.0,6.0,1.0
26.75,44.87,668.83,0.62,21.0,59.0,6.0,1.0
26.78,44.75,668.12,0.63,22.0,0.0,6.0,1.0
26.88,43.37,672.47,0.64,22.0,1.0,6.0,1.0
26.79,43.31,674.29,0.64,22.0,2.0,6.0,1.0
26.75,43.77,671.56,0.65,22.0,3.0,6.0,1.0
26.62,44.31,668.18,0.65,22.0,4.0,6.0,1.0
26.84,44.01,669.42,0.65,22.0,5.0,6.0,1.0
26.89,44.14,675.4,0.66,22.0,6.0,6.0,1.0
26.88,44.58,674.03,0.66,22.0,7.0,6.0,1.0
26.78,45.02,672.01,0.71,22.0,8.0,6.0,1.0
26.92,43.55,673.97,0.7499999999999999,22.0,9.0,6.0,1.0
26.84,43.55,675.46,0.8,22.0,10.0,6.0,1.0
26.86,43.48,671.33,0.87,22.0,11.0,6.0,1.0
26.79,43.98,671.73,0.96,22.0,12.0,6.0,1.0
26.62,43.51,672.1399999999999,0.61,21.0,54.0,6.0,1.0
26.77,43.71,673.16,0.62,21.0,55.0,6.0,1.0
26.7,44.04,671.33,0.62,21.0,56.0,6.0,1.0
26.74,44.15,669.87,0.62,21.0,57.0,6.0,1.0
26.77,44.21,672.1699999999998,0.62,21.0,58.0,6.0,1.0
26.75,44.87,668.83,0.62,21.0,59.0,6.0,1.0
26.78,44.75,668.12,0.63,22.0,0.0,6.0,1.0
26.88,43.37,672.47,0.64,22.0,1.0,6.0,1.0
26.79,43.31,674.29,0.64,22.0,2.0,6.0,1.0
26.75,43.77,671.56,0.65,22.0,3.0,6.0,1.0
26.62,44.31,668.18,0.65,22.0,4.0,6.0,1.0
26.84,44.01,669.42,0.65,22.0,5.0,6.0,1.0
26.89,44.14,675.4,0.66,22.0,6.0,6.0,1.0
26.88,44.58,674.03,0.66,22.0,7.0,6.0,1.0
26.78,45.02,672.01,0.71,22.0,8.0,6.0,1.0
26.92,43.55,673.97,0.7499999999999999,22.0,9.0,6.0,1.0
26.84,43.55,675.46,0.8,22.0,10.0,6.0,1.0
26.86,43.48,671.33,0.87,22.0,11.0,6.0,1.0
26.79,43.98,671.73,0.96,22.0,12.0,6.0,1.0
26.84,43.84,666.98,1.02,22.0,13.0,6.0,1.0
26.77,43.71,673.16,0.62,21.0,55.0,6.0,1.0
26.7,44.04,671.33,0.62,21.0,56.0,6.0,1.0
26.74,44.15,669.87,0.62,21.0,57.0,6.0,1.0
26.77,44.21,672.1699999999998,0.62,21.0,58.0,6.0,1.0
26.75,44.87,668.83,0.62,21.0,59.0,6.0,1.0
26.78,44.75,668.12,0.63,22.0,0.0,6.0,1.0
26.88,43.37,672.47,0.64,22.0,1.0,6.0,1.0
26.79,43.31,674.29,0.64,22.0,2.0,6.0,1.0
26.75,43.77,671.56,0.65,22.0,3.0,6.0,1.0
26.62,44.31,668.18,0.65,22.0,4.0,6.0,1.0
26.84,44.01,669.42,0.65,22.0,5.0,6.0,1.0
26.89,44.14,675.4,0.66,22.0,6.0,6.0,1.0
26.88,44.58,674.03,0.66,22.0,7.0,6.0,1.0
26.78,45.02,672.01,0.71,22.0,8.0,6.0,1.0
26.92,43.55,673.97,0.7499999999999999,22.0,9.0,6.0,1.0
26.84,43.55,675.46,0.8,22.0,10.0,6.0,1.0
26.86,43.48,671.33,0.87,22.0,11.0,6.0,1.0
26.79,43.98,671.73,0.96,22.0,12.0,6.0,1.0
26.84,43.84,666.98,1.02,22.0,13.0,6.0,1.0
26.84,43.93,671.36,1.1,22.0,14.0,6.0,1.0
26.7,44.04,671.33,0.62,21.0,56.0,6.0,1.0
26.74,44.15,669.87,0.62,21.0,57.0,6.0,1.0
26.77,44.21,672.1699999999998,0.62,21.0,58.0,6.0,1.0
26.75,44.87,668.83,0.62,21.0,59.0,6.0,1.0
26.78,44.75,668.12,0.63,22.0,0.0,6.0,1.0
26.88,43.37,672.47,0.64,22.0,1.0,6.0,1.0
26.79,43.31,674.29,0.64,22.0,2.0,6.0,1.0
26.75,43.77,671.56,0.65,22.0,3.0,6.0,1.0
26.62,44.31,668.18,0.65,22.0,4.0,6.0,1.0
26.84,44.01,669.42,0.65,22.0,5.0,6.0,1.0
26.89,44.14,675.4,0.66,22.0,6.0,6.0,1.0
26.88,44.58,674.03,0.66,22.0,7.0,6.0,1.0
26.78,45.02,672.01,0.71,22.0,8.0,6.0,1.0
26.92,43.55,673.97,0.7499999999999999,22.0,9.0,6.0,1.0
26.84,43.55,675.46,0.8,22.0,10.0,6.0,1.0
26.86,43.48,671.33,0.87,22.0,11.0,6.0,1.0
26.79,43.98,671.73,0.96,22.0,12.0,6.0,1.0
26.84,43.84,666.98,1.02,22.0,13.0,6.0,1.0
26.84,43.93,671.36,1.1,22.0,14.0,6.0,1.0
26.79,43.74,672.4,1.19,22.0,15.0,6.0,1.0
26.74,44.15,669.87,0.62,21.0,57.0,6.0,1.0
26.77,44.21,672.1699999999998,0.62,21.0,58.0,6.0,1.0
26.75,44.87,668.83,0.62,21.0,59.0,6.0,1.0
26.78,44.75,668.12,0.63,22.0,0.0,6.0,1.0
26.88,43.37,672.47,0.64,22.0,1.0,6.0,1.0
26.79,43.31,674.29,0.64,22.0,2.0,6.0,1.0
26.75,43.77,671.56,0.65,22.0,3.0,6.0,1.0
26.62,44.31,668.18,0.65,22.0,4.0,6.0,1.0
26.84,44.01,669.42,0.65,22.0,5.0,6.0,1.0
26.89,44.14,675.4,0.66,22.0,6.0,6.0,1.0
26.88,44.58,674.03,0.66,22.0,7.0,6.0,1.0
26.78,45.02,672.01,0.71,22.0,8.0,6.0,1.0
26.92,43.55,673.97,0.7499999999999999,22.0,9.0,6.0,1.0
26.84,43.55,675.46,0.8,22.0,10.0,6.0,1.0
26.86,43.48,671.33,0.87,22.0,11.0,6.0,1.0
26.79,43.98,671.73,0.96,22.0,12.0,6.0,1.0
26.84,43.84,666.98,1.02,22.0,13.0,6.0,1.0
26.84,43.93,671.36,1.1,22.0,14.0,6.0,1.0
26.79,43.74,672.4,1.19,22.0,15.0,6.0,1.0
26.81,43.76,674.1099999999999,1.29,22.0,16.0,6.0,1.0
26.77,44.21,672.1699999999998,0.62,21.0,58.0,6.0,1.0
26.75,44.87,668.83,0.62,21.0,59.0,6.0,1.0
26.78,44.75,668.12,0.63,22.0,0.0,6.0,1.0
26.88,43.37,672.47,0.64,22.0,1.0,6.0,1.0
26.79,43.31,674.29,0.64,22.0,2.0,6.0,1.0
26.75,43.77,671.56,0.65,22.0,3.0,6.0,1.0
26.62,44.31,668.18,0.65,22.0,4.0,6.0,1.0
26.84,44.01,669.42,0.65,22.0,5.0,6.0,1.0
26.89,44.14,675.4,0.66,22.0,6.0,6.0,1.0
26.88,44.58,674.03,0.66,22.0,7.0,6.0,1.0
26.78,45.02,672.01,0.71,22.0,8.0,6.0,1.0
26.92,43.55,673.97,0.7499999999999999,22.0,9.0,6.0,1.0
26.84,43.55,675.46,0.8,22.0,10.0,6.0,1.0
26.86,43.48,671.33,0.87,22.0,11.0,6.0,1.0
26.79,43.98,671.73,0.96,22.0,12.0,6.0,1.0
26.84,43.84,666.98,1.02,22.0,13.0,6.0,1.0
26.84,43.93,671.36,1.1,22.0,14.0,6.0,1.0
26.79,43.74,672.4,1.19,22.0,15.0,6.0,1.0
26.81,43.76,674.1099999999999,1.29,22.0,16.0,6.0,1.0
26.57,44.32,674.76,1.36,22.0,17.0,6.0,1.0
26.75,44.87,668.83,0.62,21.0,59.0,6.0,1.0
26.78,44.75,668.12,0.63,22.0,0.0,6.0,1.0
26.88,43.37,672.47,0.64,22.0,1.0,6.0,1.0
26.79,43.31,674.29,0.64,22.0,2.0,6.0,1.0
26.75,43.77,671.56,0.65,22.0,3.0,6.0,1.0
26.62,44.31,668.18,0.65,22.0,4.0,6.0,1.0
26.84,44.01,669.42,0.65,22.0,5.0,6.0,1.0
26.89,44.14,675.4,0.66,22.0,6.0,6.0,1.0
26.88,44.58,674.03,0.66,22.0,7.0,6.0,1.0
26.78,45.02,672.01,0.71,22.0,8.0,6.0,1.0
26.92,43.55,673.97,0.7499999999999999,22.0,9.0,6.0,1.0
26.84,43.55,675.46,0.8,22.0,10.0,6.0,1.0
26.86,43.48,671.33,0.87,22.0,11.0,6.0,1.0
26.79,43.98,671.73,0.96,22.0,12.0,6.0,1.0
26.84,43.84,666.98,1.02,22.0,13.0,6.0,1.0
26.84,43.93,671.36,1.1,22.0,14.0,6.0,1.0
26.79,43.74,672.4,1.19,22.0,15.0,6.0,1.0
26.81,43.76,674.1099999999999,1.29,22.0,16.0,6.0,1.0
26.57,44.32,674.76,1.36,22.0,17.0,6.0,1.0
26.7,44.26,671.83,1.41,22.0,18.0,6.0,1.0
26.78,44.75,668.12,0.63,22.0,0.0,6.0,1.0
26.88,43.37,672.47,0.64,22.0,1.0,6.0,1.0
26.79,43.31,674.29,0.64,22.0,2.0,6.0,1.0
26.75,43.77,671.56,0.65,22.0,3.0,6.0,1.0
26.62,44.31,668.18,0.65,22.0,4.0,6.0,1.0
26.84,44.01,669.42,0.65,22.0,5.0,6.0,1.0
26.89,44.14,675.4,0.66,22.0,6.0,6.0,1.0
26.88,44.58,674.03,0.66,22.0,7.0,6.0,1.0
26.78,45.02,672.01,0.71,22.0,8.0,6.0,1.0
26.92,43.55,673.97,0.7499999999999999,22.0,9.0,6.0,1.0
26.84,43.55,675.46,0.8,22.0,10.0,6.0,1.0
26.86,43.48,671.33,0.87,22.0,11.0,6.0,1.0
26.79,43.98,671.73,0.96,22.0,12.0,6.0,1.0
26.84,43.84,666.98,1.02,22.0,13.0,6.0,1.0
26.84,43.93,671.36,1.1,22.0,14.0,6.0,1.0
26.79,43.74,672.4,1.19,22.0,15.0,6.0,1.0
26.81,43.76,674.1099999999999,1.29,22.0,16.0,6.0,1.0
26.57,44.32,674.76,1.36,22.0,17.0,6.0,1.0
26.7,44.26,671.83,1.41,22.0,18.0,6.0,1.0
26.85,44.17,675.82,1.45,22.0,19.0,6.0,1.0
26.88,43.37,672.47,0.64,22.0,1.0,6.0,1.0
26.79,43.31,674.29,0.64,22.0,2.0,6.0,1.0
26.75,43.77,671.56,0.65,22.0,3.0,6.0,1.0
26.62,44.31,668.18,0.65,22.0,4.0,6.0,1.0
26.84,44.01,669.42,0.65,22.0,5.0,6.0,1.0
26.89,44.14,675.4,0.66,22.0,6.0,6.0,1.0
26.88,44.58,674.03,0.66,22.0,7.0,6.0,1.0
26.78,45.02,672.01,0.71,22.0,8.0,6.0,1.0
26.92,43.55,673.97,0.7499999999999999,22.0,9.0,6.0,1.0
26.84,43.55,675.46,0.8,22.0,10.0,6.0,1.0
26.86,43.48,671.33,0.87,22.0,11.0,6.0,1.0
26.79,43.98,671.73,0.96,22.0,12.0,6.0,1.0
26.84,43.84,666.98,1.02,22.0,13.0,6.0,1.0
26.84,43.93,671.36,1.1,22.0,14.0,6.0,1.0
26.79,43.74,672.4,1.19,22.0,15.0,6.0,1.0
26.81,43.76,674.1099999999999,1.29,22.0,16.0,6.0,1.0
26.57,44.32,674.76,1.36,22.0,17.0,6.0,1.0
26.7,44.26,671.83,1.41,22.0,18.0,6.0,1.0
26.85,44.17,675.82,1.45,22.0,19.0,6.0,1.0
26.88,44.34,674.37,1.47,22.0,20.0,6.0,1.0
26.79,43.31,674.29,0.64,22.0,2.0,6.0,1.0
26.75,43.77,671.56,0.65,22.0,3.0,6.0,1.0
26.62,44.31,668.18,0.65,22.0,4.0,6.0,1.0
26.84,44.01,669.42,0.65,22.0,5.0,6.0,1.0
26.89,44.14,675.4,0.66,22.0,6.0,6.0,1.0
26.88,44.58,674.03,0.66,22.0,7.0,6.0,1.0
26.78,45.02,672.01,0.71,22.0,8.0,6.0,1.0
26.92,43.55,673.97,0.7499999999999999,22.0,9.0,6.0,1.0
26.84,43.55,675.46,0.8,22.0,10.0,6.0,1.0
26.86,43.48,671.33,0.87,22.0,11.0,6.0,1.0
26.79,43.98,671.73,0.96,22.0,12.0,6.0,1.0
26.84,43.84,666.98,1.02,22.0,13.0,6.0,1.0
26.84,43.93,671.36,1.1,22.0,14.0,6.0,1.0
26.79,43.74,672.4,1.19,22.0,15.0,6.0,1.0
26.81,43.76,674.1099999999999,1.29,22.0,16.0,6.0,1.0
26.57,44.32,674.76,1.36,22.0,17.0,6.0,1.0
26.7,44.26,671.83,1.41,22.0,18.0,6.0,1.0
26.85,44.17,675.82,1.45,22.0,19.0,6.0,1.0
26.88,44.34,674.37,1.47,22.0,20.0,6.0,1.0
26.88,44.53,671.79,1.46,22.0,21.0,6.0,1.0
26.75,43.77,671.56,0.65,22.0,3.0,6.0,1.0
26.62,44.31,668.18,0.65,22.0,4.0,6.0,1.0
26.84,44.01,669.42,0.65,22.0,5.0,6.0,1.0
26.89,44.14,675.4,0.66,22.0,6.0,6.0,1.0
26.88,44.58,674.03,0.66,22.0,7.0,6.0,1.0
26.78,45.02,672.01,0.71,22.0,8.0,6.0,1.0
26.92,43.55,673.97,0.7499999999999999,22.0,9.0,6.0,1.0
26.84,43.55,675.46,0.8,22.0,10.0,6.0,1.0
26.86,43.48,671.33,0.87,22.0,11.0,6.0,1.0
26.79,43.98,671.73,0.96,22.0,12.0,6.0,1.0
26.84,43.84,666.98,1.02,22.0,13.0,6.0,1.0
26.84,43.93,671.36,1.1,22.0,14.0,6.0,1.0
26.79,43.74,672.4,1.19,22.0,15.0,6.0,1.0
26.81,43.76,674.1099999999999,1.29,22.0,16.0,6.0,1.0
26.57,44.32,674.76,1.36,22.0,17.0,6.0,1.0
26.7,44.26,671.83,1.41,22.0,18.0,6.0,1.0
26.85,44.17,675.82,1.45,22.0,19.0,6.0,1.0
26.88,44.34,674.37,1.47,22.0,20.0,6.0,1.0
26.88,44.53,671.79,1.46,22.0,21.0,6.0,1.0
26.92,43.22,671.36,1.44,22.0,22.0,6.0,1.0
26.62,44.31,668.18,0.65,22.0,4.0,6.0,1.0
26.84,44.01,669.42,0.65,22.0,5.0,6.0,1.0
26.89,44.14,675.4,0.66,22.0,6.0,6.0,1.0
26.88,44.58,674.03,0.66,22.0,7.0,6.0,1.0
26.78,45.02,672.01,0.71,22.0,8.0,6.0,1.0
26.92,43.55,673.97,0.7499999999999999,22.0,9.0,6.0,1.0
26.84,43.55,675.46,0.8,22.0,10.0,6.0,1.0
26.86,43.48,671.33,0.87,22.0,11.0,6.0,1.0
26.79,43.98,671.73,0.96,22.0,12.0,6.0,1.0
26.84,43.84,666.98,1.02,22.0,13.0,6.0,1.0
26.84,43.93,671.36,1.1,22.0,14.0,6.0,1.0
26.79,43.74,672.4,1.19,22.0,15.0,6.0,1.0
26.81,43.76,674.1099999999999,1.29,22.0,16.0,6.0,1.0
26.57,44.32,674.76,1.36,22.0,17.0,6.0,1.0
26.7,44.26,671.83,1.41,22.0,18.0,6.0,1.0
26.85,44.17,675.82,1.45,22.0,19.0,6.0,1.0
26.88,44.34,674.37,1.47,22.0,20.0,6.0,1.0
26.88,44.53,671.79,1.46,22.0,21.0,6.0,1.0
26.92,43.22,671.36,1.44,22.0,22.0,6.0,1.0
26.88,42.98,673.72,1.43,22.0,23.0,6.0,1.0
26.84,44.01,669.42,0.65,22.0,5.0,6.0,1.0
26.89,44.14,675.4,0.66,22.0,6.0,6.0,1.0
26.88,44.58,674.03,0.66,22.0,7.0,6.0,1.0
26.78,45.02,672.01,0.71,22.0,8.0,6.0,1.0
26.92,43.55,673.97,0.7499999999999999,22.0,9.0,6.0,1.0
26.84,43.55,675.46,0.8,22.0,10.0,6.0,1.0
26.86,43.48,671.33,0.87,22.0,11.0,6.0,1.0
26.79,43.98,671.73,0.96,22.0,12.0,6.0,1.0
26.84,43.84,666.98,1.02,22.0,13.0,6.0,1.0
26.84,43.93,671.36,1.1,22.0,14.0,6.0,1.0
26.79,43.74,672.4,1.19,22.0,15.0,6.0,1.0
26.81,43.76,674.1099999999999,1.29,22.0,16.0,6.0,1.0
26.57,44.32,674.76,1.36,22.0,17.0,6.0,1.0
26.7,44.26,671.83,1.41,22.0,18.0,6.0,1.0
26.85,44.17,675.82,1.45,22.0,19.0,6.0,1.0
26.88,44.34,674.37,1.47,22.0,20.0,6.0,1.0
26.88,44.53,671.79,1.46,22.0,21.0,6.0,1.0
26.92,43.22,671.36,1.44,22.0,22.0,6.0,1.0
26.88,42.98,673.72,1.43,22.0,23.0,6.0,1.0
26.86,43.66,676.22,1.39,22.0,24.0,6.0,1.0
26.89,44.14,675.4,0.66,22.0,6.0,6.0,1.0
26.88,44.58,674.03,0.66,22.0,7.0,6.0,1.0
26.78,45.02,672.01,0.71,22.0,8.0,6.0,1.0
26.92,43.55,673.97,0.7499999999999999,22.0,9.0,6.0,1.0
26.84,43.55,675.46,0.8,22.0,10.0,6.0,1.0
26.86,43.48,671.33,0.87,22.0,11.0,6.0,1.0
26.79,43.98,671.73,0.96,22.0,12.0,6.0,1.0
26.84,43.84,666.98,1.02,22.0,13.0,6.0,1.0
26.84,43.93,671.36,1.1,22.0,14.0,6.0,1.0
26.79,43.74,672.4,1.19,22.0,15.0,6.0,1.0
26.81,43.76,674.1099999999999,1.29,22.0,16.0,6.0,1.0
26.57,44.32,674.76,1.36,22.0,17.0,6.0,1.0
26.7,44.26,671.83,1.41,22.0,18.0,6.0,1.0
26.85,44.17,675.82,1.45,22.0,19.0,6.0,1.0
26.88,44.34,674.37,1.47,22.0,20.0,6.0,1.0
26.88,44.53,671.79,1.46,22.0,21.0,6.0,1.0
26.92,43.22,671.36,1.44,22.0,22.0,6.0,1.0
26.88,42.98,673.72,1.43,22.0,23.0,6.0,1.0
26.86,43.66,676.22,1.39,22.0,24.0,6.0,1.0
26.84,43.82,677.33,1.35,22.0,25.0,6.0,1.0
26.88,44.58,674.03,0.66,22.0,7.0,6.0,1.0
26.78,45.02,672.01,0.71,22.0,8.0,6.0,1.0
26.92,43.55,673.97,0.7499999999999999,22.0,9.0,6.0,1.0
26.84,43.55,675.46,0.8,22.0,10.0,6.0,1.0
26.86,43.48,671.33,0.87,22.0,11.0,6.0,1.0
26.79,43.98,671.73,0.96,22.0,12.0,6.0,1.0
26.84,43.84,666.98,1.02,22.0,13.0,6.0,1.0
26.84,43.93,671.36,1.1,22.0,14.0,6.0,1.0
26.79,43.74,672.4,1.19,22.0,15.0,6.0,1.0
26.81,43.76,674.1099999999999,1.29,22.0,16.0,6.0,1.0
26.57,44.32,674.76,1.36,22.0,17.0,6.0,1.0
26.7,44.26,671.83,1.41,22.0,18.0,6.0,1.0
26.85,44.17,675.82,1.45,22.0,19.0,6.0,1.0
26.88,44.34,674.37,1.47,22.0,20.0,6.0,1.0
26.88,44.53,671.79,1.46,22.0,21.0,6.0,1.0
26.92,43.22,671.36,1.44,22.0,22.0,6.0,1.0
26.88,42.98,673.72,1.43,22.0,23.0,6.0,1.0
26.86,43.66,676.22,1.39,22.0,24.0,6.0,1.0
26.84,43.82,677.33,1.35,22.0,25.0,6.0,1.0
26.72,44.08,677.12,1.3,22.0,26.0,6.0,1.0
26.78,45.02,672.01,0.71,22.0,8.0,6.0,1.0
26.92,43.55,673.97,0.7499999999999999,22.0,9.0,6.0,1.0
26.84,43.55,675.46,0.8,22.0,10.0,6.0,1.0
26.86,43.48,671.33,0.87,22.0,11.0,6.0,1.0
26.79,43.98,671.73,0.96,22.0,12.0,6.0,1.0
26.84,43.84,666.98,1.02,22.0,13.0,6.0,1.0
26.84,43.93,671.36,1.1,22.0,14.0,6.0,1.0
26.79,43.74,672.4,1.19,22.0,15.0,6.0,1.0
26.81,43.76,674.1099999999999,1.29,22.0,16.0,6.0,1.0
26.57,44.32,674.76,1.36,22.0,17.0,6.0,1.0
26.7,44.26,671.83,1.41,22.0,18.0,6.0,1.0
26.85,44.17,675.82,1.45,22.0,19.0,6.0,1.0
26.88,44.34,674.37,1.47,22.0,20.0,6.0,1.0
26.88,44.53,671.79,1.46,22.0,21.0,6.0,1.0
26.92,43.22,671.36,1.44,22.0,22.0,6.0,1.0
26.88,42.98,673.72,1.43,22.0,23.0,6.0,1.0
26.86,43.66,676.22,1.39,22.0,24.0,6.0,1.0
26.84,43.82,677.33,1.35,22.0,25.0,6.0,1.0
26.72,44.08,677.12,1.3,22.0,26.0,6.0,1.0
26.81,43.85,677.19,1.27,22.0,27.0,6.0,1.0
26.92,43.55,673.97,0.7499999999999999,22.0,9.0,6.0,1.0
26.84,43.55,675.46,0.8,22.0,10.0,6.0,1.0
26.86,43.48,671.33,0.87,22.0,11.0,6.0,1.0
26.79,43.98,671.73,0.96,22.0,12.0,6.0,1.0
26.84,43.84,666.98,1.02,22.0,13.0,6.0,1.0
26.84,43.93,671.36,1.1,22.0,14.0,6.0,1.0
26.79,43.74,672.4,1.19,22.0,15.0,6.0,1.0
26.81,43.76,674.1099999999999,1.29,22.0,16.0,6.0,1.0
26.57,44.32,674.76,1.36,22.0,17.0,6.0,1.0
26.7,44.26,671.83,1.41,22.0,18.0,6.0,1.0
26.85,44.17,675.82,1.45,22.0,19.0,6.0,1.0
26.88,44.34,674.37,1.47,22.0,20.0,6.0,1.0
26.88,44.53,671.79,1.46,22.0,21.0,6.0,1.0
26.92,43.22,671.36,1.44,22.0,22.0,6.0,1.0
26.88,42.98,673.72,1.43,22.0,23.0,6.0,1.0
26.86,43.66,676.22,1.39,22.0,24.0,6.0,1.0
26.84,43.82,677.33,1.35,22.0,25.0,6.0,1.0
26.72,44.08,677.12,1.3,22.0,26.0,6.0,1.0
26.81,43.85,677.19,1.27,22.0,27.0,6.0,1.0
26.74,43.78,677.02,1.23,22.0,28.0,6.0,1.0
26.84,43.55,675.46,0.8,22.0,10.0,6.0,1.0
26.86,43.48,671.33,0.87,22.0,11.0,6.0,1.0
26.79,43.98,671.73,0.96,22.0,12.0,6.0,1.0
26.84,43.84,666.98,1.02,22.0,13.0,6.0,1.0
26.84,43.93,671.36,1.1,22.0,14.0,6.0,1.0
26.79,43.74,672.4,1.19,22.0,15.0,6.0,1.0
26.81,43.76,674.1099999999999,1.29,22.0,16.0,6.0,1.0
26.57,44.32,674.76,1.36,22.0,17.0,6.0,1.0
26.7,44.26,671.83,1.41,22.0,18.0,6.0,1.0
26.85,44.17,675.82,1.45,22.0,19.0,6.0,1.0
26.88,44.34,674.37,1.47,22.0,20.0,6.0,1.0
26.88,44.53,671.79,1.46,22.0,21.0,6.0,1.0
26.92,43.22,671.36,1.44,22.0,22.0,6.0,1.0
26.88,42.98,673.72,1.43,22.0,23.0,6.0,1.0
26.86,43.66,676.22,1.39,22.0,24.0,6.0,1.0
26.84,43.82,677.33,1.35,22.0,25.0,6.0,1.0
26.72,44.08,677.12,1.3,22.0,26.0,6.0,1.0
26.81,43.85,677.19,1.27,22.0,27.0,6.0,1.0
26.74,43.78,677.02,1.23,22.0,28.0,6.0,1.0
26.75,43.7,679.19,1.15,22.0,29.0,6.0,1.0
26.86,43.48,671.33,0.87,22.0,11.0,6.0,1.0
26.79,43.98,671.73,0.96,22.0,12.0,6.0,1.0
26.84,43.84,666.98,1.02,22.0,13.0,6.0,1.0
26.84,43.93,671.36,1.1,22.0,14.0,6.0,1.0
26.79,43.74,672.4,1.19,22.0,15.0,6.0,1.0
26.81,43.76,674.1099999999999,1.29,22.0,16.0,6.0,1.0
26.57,44.32,674.76,1.36,22.0,17.0,6.0,1.0
26.7,44.26,671.83,1.41,22.0,18.0,6.0,1.0
26.85,44.17,675.82,1.45,22.0,19.0,6.0,1.0
26.88,44.34,674.37,1.47,22.0,20.0,6.0,1.0
26.88,44.53,671.79,1.46,22.0,21.0,6.0,1.0
26.92,43.22,671.36,1.44,22.0,22.0,6.0,1.0
26.88,42.98,673.72,1.43,22.0,23.0,6.0,1.0
26.86,43.66,676.22,1.39,22.0,24.0,6.0,1.0
26.84,43.82,677.33,1.35,22.0,25.0,6.0,1.0
26.72,44.08,677.12,1.3,22.0,26.0,6.0,1.0
26.81,43.85,677.19,1.27,22.0,27.0,6.0,1.0
26.74,43.78,677.02,1.23,22.0,28.0,6.0,1.0
26.75,43.7,679.19,1.15,22.0,29.0,6.0,1.0
26.57,44.15,678.78,1.07,22.0,30.0,6.0,1.0
26.79,43.98,671.73,0.96,22.0,12.0,6.0,1.0
26.84,43.84,666.98,1.02,22.0,13.0,6.0,1.0
26.84,43.93,671.36,1.1,22.0,14.0,6.0,1.0
26.79,43.74,672.4,1.19,22.0,15.0,6.0,1.0
26.81,43.76,674.1099999999999,1.29,22.0,16.0,6.0,1.0
26.57,44.32,674.76,1.36,22.0,17.0,6.0,1.0
26.7,44.26,671.83,1.41,22.0,18.0,6.0,1.0
26.85,44.17,675.82,1.45,22.0,19.0,6.0,1.0
26.88,44.34,674.37,1.47,22.0,20.0,6.0,1.0
26.88,44.53,671.79,1.46,22.0,21.0,6.0,1.0
26.92,43.22,671.36,1.44,22.0,22.0,6.0,1.0
26.88,42.98,673.72,1.43,22.0,23.0,6.0,1.0
26.86,43.66,676.22,1.39,22.0,24.0,6.0,1.0
26.84,43.82,677.33,1.35,22.0,25.0,6.0,1.0
26.72,44.08,677.12,1.3,22.0,26.0,6.0,1.0
26.81,43.85,677.19,1.27,22.0,27.0,6.0,1.0
26.74,43.78,677.02,1.23,22.0,28.0,6.0,1.0
26.75,43.7,679.19,1.15,22.0,29.0,6.0,1.0
26.57,44.15,678.78,1.07,22.0,30.0,6.0,1.0
26.62,44.44,672.45,1.0,22.0,31.0,6.0,1.0
26.84,43.84,666.98,1.02,22.0,13.0,6.0,1.0
26.84,43.93,671.36,1.1,22.0,14.0,6.0,1.0
26.79,43.74,672.4,1.19,22.0,15.0,6.0,1.0
26.81,43.76,674.1099999999999,1.29,22.0,16.0,6.0,1.0
26.57,44.32,674.76,1.36,22.0,17.0,6.0,1.0
26.7,44.26,671.83,1.41,22.0,18.0,6.0,1.0
26.85,44.17,675.82,1.45,22.0,19.0,6.0,1.0
26.88,44.34,674.37,1.47,22.0,20.0,6.0,1.0
26.88,44.53,671.79,1.46,22.0,21.0,6.0,1.0
26.92,43.22,671.36,1.44,22.0,22.0,6.0,1.0
26.88,42.98,673.72,1.43,22.0,23.0,6.0,1.0
26.86,43.66,676.22,1.39,22.0,24.0,6.0,1.0
26.84,43.82,677.33,1.35,22.0,25.0,6.0,1.0
26.72,44.08,677.12,1.3,22.0,26.0,6.0,1.0
26.81,43.85,677.19,1.27,22.0,27.0,6.0,1.0
26.74,43.78,677.02,1.23,22.0,28.0,6.0,1.0
26.75,43.7,679.19,1.15,22.0,29.0,6.0,1.0
26.57,44.15,678.78,1.07,22.0,30.0,6.0,1.0
26.62,44.44,672.45,1.0,22.0,31.0,6.0,1.0
26.71,43.96,677.78,0.93,22.0,32.0,6.0,1.0
26.84,43.93,671.36,1.1,22.0,14.0,6.0,1.0
26.79,43.74,672.4,1.19,22.0,15.0,6.0,1.0
26.81,43.76,674.1099999999999,1.29,22.0,16.0,6.0,1.0
26.57,44.32,674.76,1.36,22.0,17.0,6.0,1.0
26.7,44.26,671.83,1.41,22.0,18.0,6.0,1.0
26.85,44.17,675.82,1.45,22.0,19.0,6.0,1.0
26.88,44.34,674.37,1.47,22.0,20.0,6.0,1.0
26.88,44.53,671.79,1.46,22.0,21.0,6.0,1.0
26.92,43.22,671.36,1.44,22.0,22.0,6.0,1.0
26.88,42.98,673.72,1.43,22.0,23.0,6.0,1.0
26.86,43.66,676.22,1.39,22.0,24.0,6.0,1.0
26.84,43.82,677.33,1.35,22.0,25.0,6.0,1.0
26.72,44.08,677.12,1.3,22.0,26.0,6.0,1.0
26.81,43.85,677.19,1.27,22.0,27.0,6.0,1.0
26.74,43.78,677.02,1.23,22.0,28.0,6.0,1.0
26.75,43.7,679.19,1.15,22.0,29.0,6.0,1.0
26.57,44.15,678.78,1.07,22.0,30.0,6.0,1.0
26.62,44.44,672.45,1.0,22.0,31.0,6.0,1.0
26.71,43.96,677.78,0.93,22.0,32.0,6.0,1.0
26.54,42.41,672.89,0.8799999999999999,22.0,33.0,6.0,1.0
26.79,43.74,672.4,1.19,22.0,15.0,6.0,1.0
26.81,43.76,674.1099999999999,1.29,22.0,16.0,6.0,1.0
26.57,44.32,674.76,1.36,22.0,17.0,6.0,1.0
26.7,44.26,671.83,1.41,22.0,18.0,6.0,1.0
26.85,44.17,675.82,1.45,22.0,19.0,6.0,1.0
26.88,44.34,674.37,1.47,22.0,20.0,6.0,1.0
26.88,44.53,671.79,1.46,22.0,21.0,6.0,1.0
26.92,43.22,671.36,1.44,22.0,22.0,6.0,1.0
26.88,42.98,673.72,1.43,22.0,23.0,6.0,1.0
26.86,43.66,676.22,1.39,22.0,24.0,6.0,1.0
26.84,43.82,677.33,1.35,22.0,25.0,6.0,1.0
26.72,44.08,677.12,1.3,22.0,26.0,6.0,1.0
26.81,43.85,677.19,1.27,22.0,27.0,6.0,1.0
26.74,43.78,677.02,1.23,22.0,28.0,6.0,1.0
26.75,43.7,679.19,1.15,22.0,29.0,6.0,1.0
26.57,44.15,678.78,1.07,22.0,30.0,6.0,1.0
26.62,44.44,672.45,1.0,22.0,31.0,6.0,1.0
26.71,43.96,677.78,0.93,22.0,32.0,6.0,1.0
26.54,42.41,672.89,0.8799999999999999,22.0,33.0,6.0,1.0
26.62,43.72,671.47,0.82,22.0,34.0,6.0,1.0
26.81,43.76,674.1099999999999,1.29,22.0,16.0,6.0,1.0
26.57,44.32,674.76,1.36,22.0,17.0,6.0,1.0
26.7,44.26,671.83,1.41,22.0,18.0,6.0,1.0
26.85,44.17,675.82,1.45,22.0,19.0,6.0,1.0
26.88,44.34,674.37,1.47,22.0,20.0,6.0,1.0
26.88,44.53,671.79,1.46,22.0,21.0,6.0,1.0
26.92,43.22,671.36,1.44,22.0,22.0,6.0,1.0
26.88,42.98,673.72,1.43,22.0,23.0,6.0,1.0
26.86,43.66,676.22,1.39,22.0,24.0,6.0,1.0
26.84,43.82,677.33,1.35,22.0,25.0,6.0,1.0
26.72,44.08,677.12,1.3,22.0,26.0,6.0,1.0
26.81,43.85,677.19,1.27,22.0,27.0,6.0,1.0
26.74,43.78,677.02,1.23,22.0,28.0,6.0,1.0
26.75,43.7,679.19,1.15,22.0,29.0,6.0,1.0
26.57,44.15,678.78,1.07,22.0,30.0,6.0,1.0
26.62,44.44,672.45,1.0,22.0,31.0,6.0,1.0
26.71,43.96,677.78,0.93,22.0,32.0,6.0,1.0
26.54,42.41,672.89,0.8799999999999999,22.0,33.0,6.0,1.0
26.62,43.72,671.47,0.82,22.0,34.0,6.0,1.0
26.71,42.56,672.28,0.77,22.0,35.0,6.0,1.0
26.57,44.32,674.76,1.36,22.0,17.0,6.0,1.0
26.7,44.26,671.83,1.41,22.0,18.0,6.0,1.0
26.85,44.17,675.82,1.45,22.0,19.0,6.0,1.0
26.88,44.34,674.37,1.47,22.0,20.0,6.0,1.0
26.88,44.53,671.79,1.46,22.0,21.0,6.0,1.0
26.92,43.22,671.36,1.44,22.0,22.0,6.0,1.0
26.88,42.98,673.72,1.43,22.0,23.0,6.0,1.0
26.86,43.66,676.22,1.39,22.0,24.0,6.0,1.0
26.84,43.82,677.33,1.35,22.0,25.0,6.0,1.0
26.72,44.08,677.12,1.3,22.0,26.0,6.0,1.0
26.81,43.85,677.19,1.27,22.0,27.0,6.0,1.0
26.74,43.78,677.02,1.23,22.0,28.0,6.0,1.0
26.75,43.7,679.19,1.15,22.0,29.0,6.0,1.0
26.57,44.15,678.78,1.07,22.0,30.0,6.0,1.0
26.62,44.44,672.45,1.0,22.0,31.0,6.0,1.0
26.71,43.96,677.78,0.93,22.0,32.0,6.0,1.0
26.54,42.41,672.89,0.8799999999999999,22.0,33.0,6.0,1.0
26.62,43.72,671.47,0.82,22.0,34.0,6.0,1.0
26.71,42.56,672.28,0.77,22.0,35.0,6.0,1.0
26.7,42.48,675.0,0.72,22.0,36.0,6.0,1.0
26.7,44.26,671.83,1.41,22.0,18.0,6.0,1.0
26.85,44.17,675.82,1.45,22.0,19.0,6.0,1.0
26.88,44.34,674.37,1.47,22.0,20.0,6.0,1.0
26.88,44.53,671.79,1.46,22.0,21.0,6.0,1.0
26.92,43.22,671.36,1.44,22.0,22.0,6.0,1.0
26.88,42.98,673.72,1.43,22.0,23.0,6.0,1.0
26.86,43.66,676.22,1.39,22.0,24.0,6.0,1.0
26.84,43.82,677.33,1.35,22.0,25.0,6.0,1.0
26.72,44.08,677.12,1.3,22.0,26.0,6.0,1.0
26.81,43.85,677.19,1.27,22.0,27.0,6.0,1.0
26.74,43.78,677.02,1.23,22.0,28.0,6.0,1.0
26.75,43.7,679.19,1.15,22.0,29.0,6.0,1.0
26.57,44.15,678.78,1.07,22.0,30.0,6.0,1.0
26.62,44.44,672.45,1.0,22.0,31.0,6.0,1.0
26.71,43.96,677.78,0.93,22.0,32.0,6.0,1.0
26.54,42.41,672.89,0.8799999999999999,22.0,33.0,6.0,1.0
26.62,43.72,671.47,0.82,22.0,34.0,6.0,1.0
26.71,42.56,672.28,0.77,22.0,35.0,6.0,1.0
26.7,42.48,675.0,0.72,22.0,36.0,6.0,1.0
26.64,42.91,675.36,0.66,22.0,37.0,6.0,1.0
26.85,44.17,675.82,1.45,22.0,19.0,6.0,1.0
26.88,44.34,674.37,1.47,22.0,20.0,6.0,1.0
26.88,44.53,671.79,1.46,22.0,21.0,6.0,1.0
26.92,43.22,671.36,1.44,22.0,22.0,6.0,1.0
26.88,42.98,673.72,1.43,22.0,23.0,6.0,1.0
26.86,43.66,676.22,1.39,22.0,24.0,6.0,1.0
26.84,43.82,677.33,1.35,22.0,25.0,6.0,1.0
26.72,44.08,677.12,1.3,22.0,26.0,6.0,1.0
26.81,43.85,677.19,1.27,22.0,27.0,6.0,1.0
26.74,43.78,677.02,1.23,22.0,28.0,6.0,1.0
26.75,43.7,679.19,1.15,22.0,29.0,6.0,1.0
26.57,44.15,678.78,1.07,22.0,30.0,6.0,1.0
26.62,44.44,672.45,1.0,22.0,31.0,6.0,1.0
26.71,43.96,677.78,0.93,22.0,32.0,6.0,1.0
26.54,42.41,672.89,0.8799999999999999,22.0,33.0,6.0,1.0
26.62,43.72,671.47,0.82,22.0,34.0,6.0,1.0
26.71,42.56,672.28,0.77,22.0,35.0,6.0,1.0
26.7,42.48,675.0,0.72,22.0,36.0,6.0,1.0
26.64,42.91,675.36,0.66,22.0,37.0,6.0,1.0
26.55,43.59,673.82,0.62,22.0,38.0,6.0,1.0
26.88,44.34,674.37,1.47,22.0,20.0,6.0,1.0
26.88,44.53,671.79,1.46,22.0,21.0,6.0,1.0
26.92,43.22,671.36,1.44,22.0,22.0,6.0,1.0
26.88,42.98,673.72,1.43,22.0,23.0,6.0,1.0
26.86,43.66,676.22,1.39,22.0,24.0,6.0,1.0
26.84,43.82,677.33,1.35,22.0,25.0,6.0,1.0
26.72,44.08,677.12,1.3,22.0,26.0,6.0,1.0
26.81,43.85,677.19,1.27,22.0,27.0,6.0,1.0
26.74,43.78,677.02,1.23,22.0,28.0,6.0,1.0
26.75,43.7,679.19,1.15,22.0,29.0,6.0,1.0
26.57,44.15,678.78,1.07,22.0,30.0,6.0,1.0
26.62,44.44,672.45,1.0,22.0,31.0,6.0,1.0
26.71,43.96,677.78,0.93,22.0,32.0,6.0,1.0
26.54,42.41,672.89,0.8799999999999999,22.0,33.0,6.0,1.0
26.62,43.72,671.47,0.82,22.0,34.0,6.0,1.0
26.71,42.56,672.28,0.77,22.0,35.0,6.0,1.0
26.7,42.48,675.0,0.72,22.0,36.0,6.0,1.0
26.64,42.91,675.36,0.66,22.0,37.0,6.0,1.0
26.55,43.59,673.82,0.62,22.0,38.0,6.0,1.0
26.58,43.6,676.48,0.61,22.0,39.0,6.0,1.0
26.88,44.53,671.79,1.46,22.0,21.0,6.0,1.0
26.92,43.22,671.36,1.44,22.0,22.0,6.0,1.0
26.88,42.98,673.72,1.43,22.0,23.0,6.0,1.0
26.86,43.66,676.22,1.39,22.0,24.0,6.0,1.0
26.84,43.82,677.33,1.35,22.0,25.0,6.0,1.0
26.72,44.08,677.12,1.3,22.0,26.0,6.0,1.0
26.81,43.85,677.19,1.27,22.0,27.0,6.0,1.0
26.74,43.78,677.02,1.23,22.0,28.0,6.0,1.0
26.75,43.7,679.19,1.15,22.0,29.0,6.0,1.0
26.57,44.15,678.78,1.07,22.0,30.0,6.0,1.0
26.62,44.44,672.45,1.0,22.0,31.0,6.0,1.0
26.71,43.96,677.78,0.93,22.0,32.0,6.0,1.0
26.54,42.41,672.89,0.8799999999999999,22.0,33.0,6.0,1.0
26.62,43.72,671.47,0.82,22.0,34.0,6.0,1.0
26.71,42.56,672.28,0.77,22.0,35.0,6.0,1.0
26.7,42.48,675.0,0.72,22.0,36.0,6.0,1.0
26.64,42.91,675.36,0.66,22.0,37.0,6.0,1.0
26.55,43.59,673.82,0.62,22.0,38.0,6.0,1.0
26.58,43.6,676.48,0.61,22.0,39.0,6.0,1.0
26.48,44.75,674.75,0.61,22.0,40.0,6.0,1.0
26.92,43.22,671.36,1.44,22.0,22.0,6.0,1.0
26.88,42.98,673.72,1.43,22.0,23.0,6.0,1.0
26.86,43.66,676.22,1.39,22.0,24.0,6.0,1.0
26.84,43.82,677.33,1.35,22.0,25.0,6.0,1.0
26.72,44.08,677.12,1.3,22.0,26.0,6.0,1.0
26.81,43.85,677.19,1.27,22.0,27.0,6.0,1.0
26.74,43.78,677.02,1.23,22.0,28.0,6.0,1.0
26.75,43.7,679.19,1.15,22.0,29.0,6.0,1.0
26.57,44.15,678.78,1.07,22.0,30.0,6.0,1.0
26.62,44.44,672.45,1.0,22.0,31.0,6.0,1.0
26.71,43.96,677.78,0.93,22.0,32.0,6.0,1.0
26.54,42.41,672.89,0.8799999999999999,22.0,33.0,6.0,1.0
26.62,43.72,671.47,0.82,22.0,34.0,6.0,1.0
26.71,42.56,672.28,0.77,22.0,35.0,6.0,1.0
26.7,42.48,675.0,0.72,22.0,36.0,6.0,1.0
26.64,42.91,675.36,0.66,22.0,37.0,6.0,1.0
26.55,43.59,673.82,0.62,22.0,38.0,6.0,1.0
26.58,43.6,676.48,0.61,22.0,39.0,6.0,1.0
26.48,44.75,674.75,0.61,22.0,40.0,6.0,1.0
26.67,44.47,677.04,0.6,22.0,41.0,6.0,1.0
26.88,42.98,673.72,1.43,22.0,23.0,6.0,1.0
26.86,43.66,676.22,1.39,22.0,24.0,6.0,1.0
26.84,43.82,677.33,1.35,22.0,25.0,6.0,1.0
26.72,44.08,677.12,1.3,22.0,26.0,6.0,1.0
26.81,43.85,677.19,1.27,22.0,27.0,6.0,1.0
26.74,43.78,677.02,1.23,22.0,28.0,6.0,1.0
26.75,43.7,679.19,1.15,22.0,29.0,6.0,1.0
26.57,44.15,678.78,1.07,22.0,30.0,6.0,1.0
26.62,44.44,672.45,1.0,22.0,31.0,6.0,1.0
26.71,43.96,677.78,0.93,22.0,32.0,6.0,1.0
26.54,42.41,672.89,0.8799999999999999,22.0,33.0,6.0,1.0
26.62,43.72,671.47,0.82,22.0,34.0,6.0,1.0
26.71,42.56,672.28,0.77,22.0,35.0,6.0,1.0
26.7,42.48,675.0,0.72,22.0,36.0,6.0,1.0
26.64,42.91,675.36,0.66,22.0,37.0,6.0,1.0
26.55,43.59,673.82,0.62,22.0,38.0,6.0,1.0
26.58,43.6,676.48,0.61,22.0,39.0,6.0,1.0
26.48,44.75,674.75,0.61,22.0,40.0,6.0,1.0
26.67,44.47,677.04,0.6,22.0,41.0,6.0,1.0
26.62,44.71,678.04,0.6,22.0,42.0,6.0,1.0
26.86,43.66,676.22,1.39,22.0,24.0,6.0,1.0
26.84,43.82,677.33,1.35,22.0,25.0,6.0,1.0
26.72,44.08,677.12,1.3,22.0,26.0,6.0,1.0
26.81,43.85,677.19,1.27,22.0,27.0,6.0,1.0
26.74,43.78,677.02,1.23,22.0,28.0,6.0,1.0
26.75,43.7,679.19,1.15,22.0,29.0,6.0,1.0
26.57,44.15,678.78,1.07,22.0,30.0,6.0,1.0
26.62,44.44,672.45,1.0,22.0,31.0,6.0,1.0
26.71,43.96,677.78,0.93,22.0,32.0,6.0,1.0
26.54,42.41,672.89,0.8799999999999999,22.0,33.0,6.0,1.0
26.62,43.72,671.47,0.82,22.0,34.0,6.0,1.0
26.71,42.56,672.28,0.77,22.0,35.0,6.0,1.0
26.7,42.48,675.0,0.72,22.0,36.0,6.0,1.0
26.64,42.91,675.36,0.66,22.0,37.0,6.0,1.0
26.55,43.59,673.82,0.62,22.0,38.0,6.0,1.0
26.58,43.6,676.48,0.61,22.0,39.0,6.0,1.0
26.48,44.75,674.75,0.61,22.0,40.0,6.0,1.0
26.67,44.47,677.04,0.6,22.0,41.0,6.0,1.0
26.62,44.71,678.04,0.6,22.0,42.0,6.0,1.0
26.75,43.31,677.93,0.6,22.0,43.0,6.0,1.0
26.84,43.82,677.33,1.35,22.0,25.0,6.0,1.0
26.72,44.08,677.12,1.3,22.0,26.0,6.0,1.0
26.81,43.85,677.19,1.27,22.0,27.0,6.0,1.0
26.74,43.78,677.02,1.23,22.0,28.0,6.0,1.0
26.75,43.7,679.19,1.15,22.0,29.0,6.0,1.0
26.57,44.15,678.78,1.07,22.0,30.0,6.0,1.0
26.62,44.44,672.45,1.0,22.0,31.0,6.0,1.0
26.71,43.96,677.78,0.93,22.0,32.0,6.0,1.0
26.54,42.41,672.89,0.8799999999999999,22.0,33.0,6.0,1.0
26.62,43.72,671.47,0.82,22.0,34.0,6.0,1.0
26.71,42.56,672.28,0.77,22.0,35.0,6.0,1.0
26.7,42.48,675.0,0.72,22.0,36.0,6.0,1.0
26.64,42.91,675.36,0.66,22.0,37.0,6.0,1.0
26.55,43.59,673.82,0.62,22.0,38.0,6.0,1.0
26.58,43.6,676.48,0.61,22.0,39.0,6.0,1.0
26.48,44.75,674.75,0.61,22.0,40.0,6.0,1.0
26.67,44.47,677.04,0.6,22.0,41.0,6.0,1.0
26.62,44.71,678.04,0.6,22.0,42.0,6.0,1.0
26.75,43.31,677.93,0.6,22.0,43.0,6.0,1.0
26.54,43.46,679.59,0.59,22.0,44.0,6.0,1.0
26.72,44.08,677.12,1.3,22.0,26.0,6.0,1.0
26.81,43.85,677.19,1.27,22.0,27.0,6.0,1.0
26.74,43.78,677.02,1.23,22.0,28.0,6.0,1.0
26.75,43.7,679.19,1.15,22.0,29.0,6.0,1.0
26.57,44.15,678.78,1.07,22.0,30.0,6.0,1.0
26.62,44.44,672.45,1.0,22.0,31.0,6.0,1.0
26.71,43.96,677.78,0.93,22.0,32.0,6.0,1.0
26.54,42.41,672.89,0.8799999999999999,22.0,33.0,6.0,1.0
26.62,43.72,671.47,0.82,22.0,34.0,6.0,1.0
26.71,42.56,672.28,0.77,22.0,35.0,6.0,1.0
26.7,42.48,675.0,0.72,22.0,36.0,6.0,1.0
26.64,42.91,675.36,0.66,22.0,37.0,6.0,1.0
26.55,43.59,673.82,0.62,22.0,38.0,6.0,1.0
26.58,43.6,676.48,0.61,22.0,39.0,6.0,1.0
26.48,44.75,674.75,0.61,22.0,40.0,6.0,1.0
26.67,44.47,677.04,0.6,22.0,41.0,6.0,1.0
26.62,44.71,678.04,0.6,22.0,42.0,6.0,1.0
26.75,43.31,677.93,0.6,22.0,43.0,6.0,1.0
26.54,43.46,679.59,0.59,22.0,44.0,6.0,1.0
26.57,43.61,680.75,0.58,22.0,45.0,6.0,1.0
26.81,43.85,677.19,1.27,22.0,27.0,6.0,1.0
26.74,43.78,677.02,1.23,22.0,28.0,6.0,1.0
26.75,43.7,679.19,1.15,22.0,29.0,6.0,1.0
26.57,44.15,678.78,1.07,22.0,30.0,6.0,1.0
26.62,44.44,672.45,1.0,22.0,31.0,6.0,1.0
26.71,43.96,677.78,0.93,22.0,32.0,6.0,1.0
26.54,42.41,672.89,0.8799999999999999,22.0,33.0,6.0,1.0
26.62,43.72,671.47,0.82,22.0,34.0,6.0,1.0
26.71,42.56,672.28,0.77,22.0,35.0,6.0,1.0
26.7,42.48,675.0,0.72,22.0,36.0,6.0,1.0
26.64,42.91,675.36,0.66,22.0,37.0,6.0,1.0
26.55,43.59,673.82,0.62,22.0,38.0,6.0,1.0
26.58,43.6,676.48,0.61,22.0,39.0,6.0,1.0
26.48,44.75,674.75,0.61,22.0,40.0,6.0,1.0
26.67,44.47,677.04,0.6,22.0,41.0,6.0,1.0
26.62,44.71,678.04,0.6,22.0,42.0,6.0,1.0
26.75,43.31,677.93,0.6,22.0,43.0,6.0,1.0
26.54,43.46,679.59,0.59,22.0,44.0,6.0,1.0
26.57,43.61,680.75,0.58,22.0,45.0,6.0,1.0
26.57,43.94,681.82,0.58,22.0,46.0,6.0,1.0
26.74,43.78,677.02,1.23,22.0,28.0,6.0,1.0
26.75,43.7,679.19,1.15,22.0,29.0,6.0,1.0
26.57,44.15,678.78,1.07,22.0,30.0,6.0,1.0
26.62,44.44,672.45,1.0,22.0,31.0,6.0,1.0
26.71,43.96,677.78,0.93,22.0,32.0,6.0,1.0
26.54,42.41,672.89,0.8799999999999999,22.0,33.0,6.0,1.0
26.62,43.72,671.47,0.82,22.0,34.0,6.0,1.0
26.71,42.56,672.28,0.77,22.0,35.0,6.0,1.0
26.7,42.48,675.0,0.72,22.0,36.0,6.0,1.0
26.64,42.91,675.36,0.66,22.0,37.0,6.0,1.0
26.55,43.59,673.82,0.62,22.0,38.0,6.0,1.0
26.58,43.6,676.48,0.61,22.0,39.0,6.0,1.0
26.48,44.75,674.75,0.61,22.0,40.0,6.0,1.0
26.67,44.47,677.04,0.6,22.0,41.0,6.0,1.0
26.62,44.71,678.04,0.6,22.0,42.0,6.0,1.0
26.75,43.31,677.93,0.6,22.0,43.0,6.0,1.0
26.54,43.46,679.59,0.59,22.0,44.0,6.0,1.0
26.57,43.61,680.75,0.58,22.0,45.0,6.0,1.0
26.57,43.94,681.82,0.58,22.0,46.0,6.0,1.0
26.72,43.78,677.83,0.57,22.0,47.0,6.0,1.0
26.75,43.7,679.19,1.15,22.0,29.0,6.0,1.0
26.57,44.15,678.78,1.07,22.0,30.0,6.0,1.0
26.62,44.44,672.45,1.0,22.0,31.0,6.0,1.0
26.71,43.96,677.78,0.93,22.0,32.0,6.0,1.0
26.54,42.41,672.89,0.8799999999999999,22.0,33.0,6.0,1.0
26.62,43.72,671.47,0.82,22.0,34.0,6.0,1.0
26.71,42.56,672.28,0.77,22.0,35.0,6.0,1.0
26.7,42.48,675.0,0.72,22.0,36.0,6.0,1.0
26.64,42.91,675.36,0.66,22.0,37.0,6.0,1.0
26.55,43.59,673.82,0.62,22.0,38.0,6.0,1.0
26.58,43.6,676.48,0.61,22.0,39.0,6.0,1.0
26.48,44.75,674.75,0.61,22.0,40.0,6.0,1.0
26.67,44.47,677.04,0.6,22.0,41.0,6.0,1.0
26.62,44.71,678.04,0.6,22.0,42.0,6.0,1.0
26.75,43.31,677.93,0.6,22.0,43.0,6.0,1.0
26.54,43.46,679.59,0.59,22.0,44.0,6.0,1.0
26.57,43.61,680.75,0.58,22.0,45.0,6.0,1.0
26.57,43.94,681.82,0.58,22.0,46.0,6.0,1.0
26.72,43.78,677.83,0.57,22.0,47.0,6.0,1.0
26.81,43.85,680.09,0.56,22.0,48.0,6.0,1.0
26.57,44.15,678.78,1.07,22.0,30.0,6.0,1.0
26.62,44.44,672.45,1.0,22.0,31.0,6.0,1.0
26.71,43.96,677.78,0.93,22.0,32.0,6.0,1.0
26.54,42.41,672.89,0.8799999999999999,22.0,33.0,6.0,1.0
26.62,43.72,671.47,0.82,22.0,34.0,6.0,1.0
26.71,42.56,672.28,0.77,22.0,35.0,6.0,1.0
26.7,42.48,675.0,0.72,22.0,36.0,6.0,1.0
26.64,42.91,675.36,0.66,22.0,37.0,6.0,1.0
26.55,43.59,673.82,0.62,22.0,38.0,6.0,1.0
26.58,43.6,676.48,0.61,22.0,39.0,6.0,1.0
26.48,44.75,674.75,0.61,22.0,40.0,6.0,1.0
26.67,44.47,677.04,0.6,22.0,41.0,6.0,1.0
26.62,44.71,678.04,0.6,22.0,42.0,6.0,1.0
26.75,43.31,677.93,0.6,22.0,43.0,6.0,1.0
26.54,43.46,679.59,0.59,22.0,44.0,6.0,1.0
26.57,43.61,680.75,0.58,22.0,45.0,6.0,1.0
26.57,43.94,681.82,0.58,22.0,46.0,6.0,1.0
26.72,43.78,677.83,0.57,22.0,47.0,6.0,1.0
26.81,43.85,680.09,0.56,22.0,48.0,6.0,1.0
26.67,44.75,678.21,0.55,22.0,49.0,6.0,1.0
26.62,44.44,672.45,1.0,22.0,31.0,6.0,1.0
26.71,43.96,677.78,0.93,22.0,32.0,6.0,1.0
26.54,42.41,672.89,0.8799999999999999,22.0,33.0,6.0,1.0
26.62,43.72,671.47,0.82,22.0,34.0,6.0,1.0
26.71,42.56,672.28,0.77,22.0,35.0,6.0,1.0
26.7,42.48,675.0,0.72,22.0,36.0,6.0,1.0
26.64,42.91,675.36,0.66,22.0,37.0,6.0,1.0
26.55,43.59,673.82,0.62,22.0,38.0,6.0,1.0
26.58,43.6,676.48,0.61,22.0,39.0,6.0,1.0
26.48,44.75,674.75,0.61,22.0,40.0,6.0,1.0
26.67,44.47,677.04,0.6,22.0,41.0,6.0,1.0
26.62,44.71,678.04,0.6,22.0,42.0,6.0,1.0
26.75,43.31,677.93,0.6,22.0,43.0,6.0,1.0
26.54,43.46,679.59,0.59,22.0,44.0,6.0,1.0
26.57,43.61,680.75,0.58,22.0,45.0,6.0,1.0
26.57,43.94,681.82,0.58,22.0,46.0,6.0,1.0
26.72,43.78,677.83,0.57,22.0,47.0,6.0,1.0
26.81,43.85,680.09,0.56,22.0,48.0,6.0,1.0
26.67,44.75,678.21,0.55,22.0,49.0,6.0,1.0
26.71,44.85,680.16,0.55,22.0,50.0,6.0,1.0
26.71,43.96,677.78,0.93,22.0,32.0,6.0,1.0
26.54,42.41,672.89,0.8799999999999999,22.0,33.0,6.0,1.0
26.62,43.72,671.47,0.82,22.0,34.0,6.0,1.0
26.71,42.56,672.28,0.77,22.0,35.0,6.0,1.0
26.7,42.48,675.0,0.72,22.0,36.0,6.0,1.0
26.64,42.91,675.36,0.66,22.0,37.0,6.0,1.0
26.55,43.59,673.82,0.62,22.0,38.0,6.0,1.0
26.58,43.6,676.48,0.61,22.0,39.0,6.0,1.0
26.48,44.75,674.75,0.61,22.0,40.0,6.0,1.0
26.67,44.47,677.04,0.6,22.0,41.0,6.0,1.0
26.62,44.71,678.04,0.6,22.0,42.0,6.0,1.0
26.75,43.31,677.93,0.6,22.0,43.0,6.0,1.0
26.54,43.46,679.59,0.59,22.0,44.0,6.0,1.0
26.57,43.61,680.75,0.58,22.0,45.0,6.0,1.0
26.57,43.94,681.82,0.58,22.0,46.0,6.0,1.0
26.72,43.78,677.83,0.57,22.0,47.0,6.0,1.0
26.81,43.85,680.09,0.56,22.0,48.0,6.0,1.0
26.67,44.75,678.21,0.55,22.0,49.0,6.0,1.0
26.71,44.85,680.16,0.55,22.0,50.0,6.0,1.0
26.85,43.44,682.1,0.55,22.0,51.0,6.0,1.0
26.54,42.41,672.89,0.8799999999999999,22.0,33.0,6.0,1.0
26.62,43.72,671.47,0.82,22.0,34.0,6.0,1.0
26.71,42.56,672.28,0.77,22.0,35.0,6.0,1.0
26.7,42.48,675.0,0.72,22.0,36.0,6.0,1.0
26.64,42.91,675.36,0.66,22.0,37.0,6.0,1.0
26.55,43.59,673.82,0.62,22.0,38.0,6.0,1.0
26.58,43.6,676.48,0.61,22.0,39.0,6.0,1.0
26.48,44.75,674.75,0.61,22.0,40.0,6.0,1.0
26.67,44.47,677.04,0.6,22.0,41.0,6.0,1.0
26.62,44.71,678.04,0.6,22.0,42.0,6.0,1.0
26.75,43.31,677.93,0.6,22.0,43.0,6.0,1.0
26.54,43.46,679.59,0.59,22.0,44.0,6.0,1.0
26.57,43.61,680.75,0.58,22.0,45.0,6.0,1.0
26.57,43.94,681.82,0.58,22.0,46.0,6.0,1.0
26.72,43.78,677.83,0.57,22.0,47.0,6.0,1.0
26.81,43.85,680.09,0.56,22.0,48.0,6.0,1.0
26.67,44.75,678.21,0.55,22.0,49.0,6.0,1.0
26.71,44.85,680.16,0.55,22.0,50.0,6.0,1.0
26.85,43.44,682.1,0.55,22.0,51.0,6.0,1.0
26.77,43.23,680.98,0.54,22.0,52.0,6.0,1.0
26.62,43.72,671.47,0.82,22.0,34.0,6.0,1.0
26.71,42.56,672.28,0.77,22.0,35.0,6.0,1.0
26.7,42.48,675.0,0.72,22.0,36.0,6.0,1.0
26.64,42.91,675.36,0.66,22.0,37.0,6.0,1.0
26.55,43.59,673.82,0.62,22.0,38.0,6.0,1.0
26.58,43.6,676.48,0.61,22.0,39.0,6.0,1.0
26.48,44.75,674.75,0.61,22.0,40.0,6.0,1.0
26.67,44.47,677.04,0.6,22.0,41.0,6.0,1.0
26.62,44.71,678.04,0.6,22.0,42.0,6.0,1.0
26.75,43.31,677.93,0.6,22.0,43.0,6.0,1.0
26.54,43.46,679.59,0.59,22.0,44.0,6.0,1.0
26.57,43.61,680.75,0.58,22.0,45.0,6.0,1.0
26.57,43.94,681.82,0.58,22.0,46.0,6.0,1.0
26.72,43.78,677.83,0.57,22.0,47.0,6.0,1.0
26.81,43.85,680.09,0.56,22.0,48.0,6.0,1.0
26.67,44.75,678.21,0.55,22.0,49.0,6.0,1.0
26.71,44.85,680.16,0.55,22.0,50.0,6.0,1.0
26.85,43.44,682.1,0.55,22.0,51.0,6.0,1.0
26.77,43.23,680.98,0.54,22.0,52.0,6.0,1.0
26.79,43.36,680.75,0.53,22.0,53.0,6.0,1.0
26.71,42.56,672.28,0.77,22.0,35.0,6.0,1.0
26.7,42.48,675.0,0.72,22.0,36.0,6.0,1.0
26.64,42.91,675.36,0.66,22.0,37.0,6.0,1.0
26.55,43.59,673.82,0.62,22.0,38.0,6.0,1.0
26.58,43.6,676.48,0.61,22.0,39.0,6.0,1.0
26.48,44.75,674.75,0.61,22.0,40.0,6.0,1.0
26.67,44.47,677.04,0.6,22.0,41.0,6.0,1.0
26.62,44.71,678.04,0.6,22.0,42.0,6.0,1.0
26.75,43.31,677.93,0.6,22.0,43.0,6.0,1.0
26.54,43.46,679.59,0.59,22.0,44.0,6.0,1.0
26.57,43.61,680.75,0.58,22.0,45.0,6.0,1.0
26.57,43.94,681.82,0.58,22.0,46.0,6.0,1.0
26.72,43.78,677.83,0.57,22.0,47.0,6.0,1.0
26.81,43.85,680.09,0.56,22.0,48.0,6.0,1.0
26.67,44.75,678.21,0.55,22.0,49.0,6.0,1.0
26.71,44.85,680.16,0.55,22.0,50.0,6.0,1.0
26.85,43.44,682.1,0.55,22.0,51.0,6.0,1.0
26.77,43.23,680.98,0.54,22.0,52.0,6.0,1.0
26.79,43.36,680.75,0.53,22.0,53.0,6.0,1.0
26.7,43.82,678.99,0.53,22.0,54.0,6.0,1.0
26.7,42.48,675.0,0.72,22.0,36.0,6.0,1.0
26.64,42.91,675.36,0.66,22.0,37.0,6.0,1.0
26.55,43.59,673.82,0.62,22.0,38.0,6.0,1.0
26.58,43.6,676.48,0.61,22.0,39.0,6.0,1.0
26.48,44.75,674.75,0.61,22.0,40.0,6.0,1.0
26.67,44.47,677.04,0.6,22.0,41.0,6.0,1.0
26.62,44.71,678.04,0.6,22.0,42.0,6.0,1.0
26.75,43.31,677.93,0.6,22.0,43.0,6.0,1.0
26.54,43.46,679.59,0.59,22.0,44.0,6.0,1.0
26.57,43.61,680.75,0.58,22.0,45.0,6.0,1.0
26.57,43.94,681.82,0.58,22.0,46.0,6.0,1.0
26.72,43.78,677.83,0.57,22.0,47.0,6.0,1.0
26.81,43.85,680.09,0.56,22.0,48.0,6.0,1.0
26.67,44.75,678.21,0.55,22.0,49.0,6.0,1.0
26.71,44.85,680.16,0.55,22.0,50.0,6.0,1.0
26.85,43.44,682.1,0.55,22.0,51.0,6.0,1.0
26.77,43.23,680.98,0.54,22.0,52.0,6.0,1.0
26.79,43.36,680.75,0.53,22.0,53.0,6.0,1.0
26.7,43.82,678.99,0.53,22.0,54.0,6.0,1.0
26.7,44.03,677.02,0.53,22.0,55.0,6.0,1.0
26.64,42.91,675.36,0.66,22.0,37.0,6.0,1.0
26.55,43.59,673.82,0.62,22.0,38.0,6.0,1.0
26.58,43.6,676.48,0.61,22.0,39.0,6.0,1.0
26.48,44.75,674.75,0.61,22.0,40.0,6.0,1.0
26.67,44.47,677.04,0.6,22.0,41.0,6.0,1.0
26.62,44.71,678.04,0.6,22.0,42.0,6.0,1.0
26.75,43.31,677.93,0.6,22.0,43.0,6.0,1.0
26.54,43.46,679.59,0.59,22.0,44.0,6.0,1.0
26.57,43.61,680.75,0.58,22.0,45.0,6.0,1.0
26.57,43.94,681.82,0.58,22.0,46.0,6.0,1.0
26.72,43.78,677.83,0.57,22.0,47.0,6.0,1.0
26.81,43.85,680.09,0.56,22.0,48.0,6.0,1.0
26.67,44.75,678.21,0.55,22.0,49.0,6.0,1.0
26.71,44.85,680.16,0.55,22.0,50.0,6.0,1.0
26.85,43.44,682.1,0.55,22.0,51.0,6.0,1.0
26.77,43.23,680.98,0.54,22.0,52.0,6.0,1.0
26.79,43.36,680.75,0.53,22.0,53.0,6.0,1.0
26.7,43.82,678.99,0.53,22.0,54.0,6.0,1.0
26.7,44.03,677.02,0.53,22.0,55.0,6.0,1.0
26.81,44.08,678.51,0.52,22.0,56.0,6.0,1.0
26.55,43.59,673.82,0.62,22.0,38.0,6.0,1.0
26.58,43.6,676.48,0.61,22.0,39.0,6.0,1.0
26.48,44.75,674.75,0.61,22.0,40.0,6.0,1.0
26.67,44.47,677.04,0.6,22.0,41.0,6.0,1.0
26.62,44.71,678.04,0.6,22.0,42.0,6.0,1.0
26.75,43.31,677.93,0.6,22.0,43.0,6.0,1.0
26.54,43.46,679.59,0.59,22.0,44.0,6.0,1.0
26.57,43.61,680.75,0.58,22.0,45.0,6.0,1.0
26.57,43.94,681.82,0.58,22.0,46.0,6.0,1.0
26.72,43.78,677.83,0.57,22.0,47.0,6.0,1.0
26.81,43.85,680.09,0.56,22.0,48.0,6.0,1.0
26.67,44.75,678.21,0.55,22.0,49.0,6.0,1.0
26.71,44.85,680.16,0.55,22.0,50.0,6.0,1.0
26.85,43.44,682.1,0.55,22.0,51.0,6.0,1.0
26.77,43.23,680.98,0.54,22.0,52.0,6.0,1.0
26.79,43.36,680.75,0.53,22.0,53.0,6.0,1.0
26.7,43.82,678.99,0.53,22.0,54.0,6.0,1.0
26.7,44.03,677.02,0.53,22.0,55.0,6.0,1.0
26.81,44.08,678.51,0.52,22.0,56.0,6.0,1.0
26.88,44.27,683.01,0.52,22.0,57.0,6.0,1.0
26.58,43.6,676.48,0.61,22.0,39.0,6.0,1.0
26.48,44.75,674.75,0.61,22.0,40.0,6.0,1.0
26.67,44.47,677.04,0.6,22.0,41.0,6.0,1.0
26.62,44.71,678.04,0.6,22.0,42.0,6.0,1.0
26.75,43.31,677.93,0.6,22.0,43.0,6.0,1.0
26.54,43.46,679.59,0.59,22.0,44.0,6.0,1.0
26.57,43.61,680.75,0.58,22.0,45.0,6.0,1.0
26.57,43.94,681.82,0.58,22.0,46.0,6.0,1.0
26.72,43.78,677.83,0.57,22.0,47.0,6.0,1.0
26.81,43.85,680.09,0.56,22.0,48.0,6.0,1.0
26.67,44.75,678.21,0.55,22.0,49.0,6.0,1.0
26.71,44.85,680.16,0.55,22.0,50.0,6.0,1.0
26.85,43.44,682.1,0.55,22.0,51.0,6.0,1.0
26.77,43.23,680.98,0.54,22.0,52.0,6.0,1.0
26.79,43.36,680.75,0.53,22.0,53.0,6.0,1.0
26.7,43.82,678.99,0.53,22.0,54.0,6.0,1.0
26.7,44.03,677.02,0.53,22.0,55.0,6.0,1.0
26.81,44.08,678.51,0.52,22.0,56.0,6.0,1.0
26.88,44.27,683.01,0.52,22.0,57.0,6.0,1.0
26.78,44.59,681.36,0.52,22.0,58.0,6.0,1.0
26.48,44.75,674.75,0.61,22.0,40.0,6.0,1.0
26.67,44.47,677.04,0.6,22.0,41.0,6.0,1.0
26.62,44.71,678.04,0.6,22.0,42.0,6.0,1.0
26.75,43.31,677.93,0.6,22.0,43.0,6.0,1.0
26.54,43.46,679.59,0.59,22.0,44.0,6.0,1.0
26.57,43.61,680.75,0.58,22.0,45.0,6.0,1.0
26.57,43.94,681.82,0.58,22.0,46.0,6.0,1.0
26.72,43.78,677.83,0.57,22.0,47.0,6.0,1.0
26.81,43.85,680.09,0.56,22.0,48.0,6.0,1.0
26.67,44.75,678.21,0.55,22.0,49.0,6.0,1.0
26.71,44.85,680.16,0.55,22.0,50.0,6.0,1.0
26.85,43.44,682.1,0.55,22.0,51.0,6.0,1.0
26.77,43.23,680.98,0.54,22.0,52.0,6.0,1.0
26.79,43.36,680.75,0.53,22.0,53.0,6.0,1.0
26.7,43.82,678.99,0.53,22.0,54.0,6.0,1.0
26.7,44.03,677.02,0.53,22.0,55.0,6.0,1.0
26.81,44.08,678.51,0.52,22.0,56.0,6.0,1.0
26.88,44.27,683.01,0.52,22.0,57.0,6.0,1.0
26.78,44.59,681.36,0.52,22.0,58.0,6.0,1.0
26.88,44.05,677.35,0.52,22.0,59.0,6.0,1.0
26.67,44.47,677.04,0.6,22.0,41.0,6.0,1.0
26.62,44.71,678.04,0.6,22.0,42.0,6.0,1.0
26.75,43.31,677.93,0.6,22.0,43.0,6.0,1.0
26.54,43.46,679.59,0.59,22.0,44.0,6.0,1.0
26.57,43.61,680.75,0.58,22.0,45.0,6.0,1.0
26.57,43.94,681.82,0.58,22.0,46.0,6.0,1.0
26.72,43.78,677.83,0.57,22.0,47.0,6.0,1.0
26.81,43.85,680.09,0.56,22.0,48.0,6.0,1.0
26.67,44.75,678.21,0.55,22.0,49.0,6.0,1.0
26.71,44.85,680.16,0.55,22.0,50.0,6.0,1.0
26.85,43.44,682.1,0.55,22.0,51.0,6.0,1.0
26.77,43.23,680.98,0.54,22.0,52.0,6.0,1.0
26.79,43.36,680.75,0.53,22.0,53.0,6.0,1.0
26.7,43.82,678.99,0.53,22.0,54.0,6.0,1.0
26.7,44.03,677.02,0.53,22.0,55.0,6.0,1.0
26.81,44.08,678.51,0.52,22.0,56.0,6.0,1.0
26.88,44.27,683.01,0.52,22.0,57.0,6.0,1.0
26.78,44.59,681.36,0.52,22.0,58.0,6.0,1.0
26.88,44.05,677.35,0.52,22.0,59.0,6.0,1.0
26.85,43.25,675.83,0.52,23.0,0.0,6.0,1.0
26.62,44.71,678.04,0.6,22.0,42.0,6.0,1.0
26.75,43.31,677.93,0.6,22.0,43.0,6.0,1.0
26.54,43.46,679.59,0.59,22.0,44.0,6.0,1.0
26.57,43.61,680.75,0.58,22.0,45.0,6.0,1.0
26.57,43.94,681.82,0.58,22.0,46.0,6.0,1.0
26.72,43.78,677.83,0.57,22.0,47.0,6.0,1.0
26.81,43.85,680.09,0.56,22.0,48.0,6.0,1.0
26.67,44.75,678.21,0.55,22.0,49.0,6.0,1.0
26.71,44.85,680.16,0.55,22.0,50.0,6.0,1.0
26.85,43.44,682.1,0.55,22.0,51.0,6.0,1.0
26.77,43.23,680.98,0.54,22.0,52.0,6.0,1.0
26.79,43.36,680.75,0.53,22.0,53.0,6.0,1.0
26.7,43.82,678.99,0.53,22.0,54.0,6.0,1.0
26.7,44.03,677.02,0.53,22.0,55.0,6.0,1.0
26.81,44.08,678.51,0.52,22.0,56.0,6.0,1.0
26.88,44.27,683.01,0.52,22.0,57.0,6.0,1.0
26.78,44.59,681.36,0.52,22.0,58.0,6.0,1.0
26.88,44.05,677.35,0.52,22.0,59.0,6.0,1.0
26.85,43.25,675.83,0.52,23.0,0.0,6.0,1.0
26.81,43.34,681.49,0.52,23.0,1.0,6.0,1.0
26.75,43.31,677.93,0.6,22.0,43.0,6.0,1.0
26.54,43.46,679.59,0.59,22.0,44.0,6.0,1.0
26.57,43.61,680.75,0.58,22.0,45.0,6.0,1.0
26.57,43.94,681.82,0.58,22.0,46.0,6.0,1.0
26.72,43.78,677.83,0.57,22.0,47.0,6.0,1.0
26.81,43.85,680.09,0.56,22.0,48.0,6.0,1.0
26.67,44.75,678.21,0.55,22.0,49.0,6.0,1.0
26.71,44.85,680.16,0.55,22.0,50.0,6.0,1.0
26.85,43.44,682.1,0.55,22.0,51.0,6.0,1.0
26.77,43.23,680.98,0.54,22.0,52.0,6.0,1.0
26.79,43.36,680.75,0.53,22.0,53.0,6.0,1.0
26.7,43.82,678.99,0.53,22.0,54.0,6.0,1.0
26.7,44.03,677.02,0.53,22.0,55.0,6.0,1.0
26.81,44.08,678.51,0.52,22.0,56.0,6.0,1.0
26.88,44.27,683.01,0.52,22.0,57.0,6.0,1.0
26.78,44.59,681.36,0.52,22.0,58.0,6.0,1.0
26.88,44.05,677.35,0.52,22.0,59.0,6.0,1.0
26.85,43.25,675.83,0.52,23.0,0.0,6.0,1.0
26.81,43.34,681.49,0.52,23.0,1.0,6.0,1.0
26.82,43.67,679.9,0.52,23.0,2.0,6.0,1.0
26.54,43.46,679.59,0.59,22.0,44.0,6.0,1.0
26.57,43.61,680.75,0.58,22.0,45.0,6.0,1.0
26.57,43.94,681.82,0.58,22.0,46.0,6.0,1.0
26.72,43.78,677.83,0.57,22.0,47.0,6.0,1.0
26.81,43.85,680.09,0.56,22.0,48.0,6.0,1.0
26.67,44.75,678.21,0.55,22.0,49.0,6.0,1.0
26.71,44.85,680.16,0.55,22.0,50.0,6.0,1.0
26.85,43.44,682.1,0.55,22.0,51.0,6.0,1.0
26.77,43.23,680.98,0.54,22.0,52.0,6.0,1.0
26.79,43.36,680.75,0.53,22.0,53.0,6.0,1.0
26.7,43.82,678.99,0.53,22.0,54.0,6.0,1.0
26.7,44.03,677.02,0.53,22.0,55.0,6.0,1.0
26.81,44.08,678.51,0.52,22.0,56.0,6.0,1.0
26.88,44.27,683.01,0.52,22.0,57.0,6.0,1.0
26.78,44.59,681.36,0.52,22.0,58.0,6.0,1.0
26.88,44.05,677.35,0.52,22.0,59.0,6.0,1.0
26.85,43.25,675.83,0.52,23.0,0.0,6.0,1.0
26.81,43.34,681.49,0.52,23.0,1.0,6.0,1.0
26.82,43.67,679.9,0.52,23.0,2.0,6.0,1.0
26.82,43.74,679.78,0.51,23.0,3.0,6.0,1.0
26.57,43.61,680.75,0.58,22.0,45.0,6.0,1.0
26.57,43.94,681.82,0.58,22.0,46.0,6.0,1.0
26.72,43.78,677.83,0.57,22.0,47.0,6.0,1.0
26.81,43.85,680.09,0.56,22.0,48.0,6.0,1.0
26.67,44.75,678.21,0.55,22.0,49.0,6.0,1.0
26.71,44.85,680.16,0.55,22.0,50.0,6.0,1.0
26.85,43.44,682.1,0.55,22.0,51.0,6.0,1.0
26.77,43.23,680.98,0.54,22.0,52.0,6.0,1.0
26.79,43.36,680.75,0.53,22.0,53.0,6.0,1.0
26.7,43.82,678.99,0.53,22.0,54.0,6.0,1.0
26.7,44.03,677.02,0.53,22.0,55.0,6.0,1.0
26.81,44.08,678.51,0.52,22.0,56.0,6.0,1.0
26.88,44.27,683.01,0.52,22.0,57.0,6.0,1.0
26.78,44.59,681.36,0.52,22.0,58.0,6.0,1.0
26.88,44.05,677.35,0.52,22.0,59.0,6.0,1.0
26.85,43.25,675.83,0.52,23.0,0.0,6.0,1.0
26.81,43.34,681.49,0.52,23.0,1.0,6.0,1.0
26.82,43.67,679.9,0.52,23.0,2.0,6.0,1.0
26.82,43.74,679.78,0.51,23.0,3.0,6.0,1.0
26.85,43.75,681.42,0.5,23.0,4.0,6.0,1.0
26.57,43.94,681.82,0.58,22.0,46.0,6.0,1.0
26.72,43.78,677.83,0.57,22.0,47.0,6.0,1.0
26.81,43.85,680.09,0.56,22.0,48.0,6.0,1.0
26.67,44.75,678.21,0.55,22.0,49.0,6.0,1.0
26.71,44.85,680.16,0.55,22.0,50.0,6.0,1.0
26.85,43.44,682.1,0.55,22.0,51.0,6.0,1.0
26.77,43.23,680.98,0.54,22.0,52.0,6.0,1.0
26.79,43.36,680.75,0.53,22.0,53.0,6.0,1.0
26.7,43.82,678.99,0.53,22.0,54.0,6.0,1.0
26.7,44.03,677.02,0.53,22.0,55.0,6.0,1.0
26.81,44.08,678.51,0.52,22.0,56.0,6.0,1.0
26.88,44.27,683.01,0.52,22.0,57.0,6.0,1.0
26.78,44.59,681.36,0.52,22.0,58.0,6.0,1.0
26.88,44.05,677.35,0.52,22.0,59.0,6.0,1.0
26.85,43.25,675.83,0.52,23.0,0.0,6.0,1.0
26.81,43.34,681.49,0.52,23.0,1.0,6.0,1.0
26.82,43.67,679.9,0.52,23.0,2.0,6.0,1.0
26.82,43.74,679.78,0.51,23.0,3.0,6.0,1.0
26.85,43.75,681.42,0.5,23.0,4.0,6.0,1.0
26.81,43.79,680.32,0.5,23.0,5.0,6.0,1.0
26.72,43.78,677.83,0.57,22.0,47.0,6.0,1.0
26.81,43.85,680.09,0.56,22.0,48.0,6.0,1.0
26.67,44.75,678.21,0.55,22.0,49.0,6.0,1.0
26.71,44.85,680.16,0.55,22.0,50.0,6.0,1.0
26.85,43.44,682.1,0.55,22.0,51.0,6.0,1.0
26.77,43.23,680.98,0.54,22.0,52.0,6.0,1.0
26.79,43.36,680.75,0.53,22.0,53.0,6.0,1.0
26.7,43.82,678.99,0.53,22.0,54.0,6.0,1.0
26.7,44.03,677.02,0.53,22.0,55.0,6.0,1.0
26.81,44.08,678.51,0.52,22.0,56.0,6.0,1.0
26.88,44.27,683.01,0.52,22.0,57.0,6.0,1.0
26.78,44.59,681.36,0.52,22.0,58.0,6.0,1.0
26.88,44.05,677.35,0.52,22.0,59.0,6.0,1.0
26.85,43.25,675.83,0.52,23.0,0.0,6.0,1.0
26.81,43.34,681.49,0.52,23.0,1.0,6.0,1.0
26.82,43.67,679.9,0.52,23.0,2.0,6.0,1.0
26.82,43.74,679.78,0.51,23.0,3.0,6.0,1.0
26.85,43.75,681.42,0.5,23.0,4.0,6.0,1.0
26.81,43.79,680.32,0.5,23.0,5.0,6.0,1.0
26.74,43.8,679.04,0.54,23.0,6.0,6.0,1.0
26.81,43.85,680.09,0.56,22.0,48.0,6.0,1.0
26.67,44.75,678.21,0.55,22.0,49.0,6.0,1.0
26.71,44.85,680.16,0.55,22.0,50.0,6.0,1.0
26.85,43.44,682.1,0.55,22.0,51.0,6.0,1.0
26.77,43.23,680.98,0.54,22.0,52.0,6.0,1.0
26.79,43.36,680.75,0.53,22.0,53.0,6.0,1.0
26.7,43.82,678.99,0.53,22.0,54.0,6.0,1.0
26.7,44.03,677.02,0.53,22.0,55.0,6.0,1.0
26.81,44.08,678.51,0.52,22.0,56.0,6.0,1.0
26.88,44.27,683.01,0.52,22.0,57.0,6.0,1.0
26.78,44.59,681.36,0.52,22.0,58.0,6.0,1.0
26.88,44.05,677.35,0.52,22.0,59.0,6.0,1.0
26.85,43.25,675.83,0.52,23.0,0.0,6.0,1.0
26.81,43.34,681.49,0.52,23.0,1.0,6.0,1.0
26.82,43.67,679.9,0.52,23.0,2.0,6.0,1.0
26.82,43.74,679.78,0.51,23.0,3.0,6.0,1.0
26.85,43.75,681.42,0.5,23.0,4.0,6.0,1.0
26.81,43.79,680.32,0.5,23.0,5.0,6.0,1.0
26.74,43.8,679.04,0.54,23.0,6.0,6.0,1.0
26.68,43.94,681.05,0.55,23.0,6.0,6.0,1.0
26.67,44.75,678.21,0.55,22.0,49.0,6.0,1.0
26.71,44.85,680.16,0.55,22.0,50.0,6.0,1.0
26.85,43.44,682.1,0.55,22.0,51.0,6.0,1.0
26.77,43.23,680.98,0.54,22.0,52.0,6.0,1.0
26.79,43.36,680.75,0.53,22.0,53.0,6.0,1.0
26.7,43.82,678.99,0.53,22.0,54.0,6.0,1.0
26.7,44.03,677.02,0.53,22.0,55.0,6.0,1.0
26.81,44.08,678.51,0.52,22.0,56.0,6.0,1.0
26.88,44.27,683.01,0.52,22.0,57.0,6.0,1.0
26.78,44.59,681.36,0.52,22.0,58.0,6.0,1.0
26.88,44.05,677.35,0.52,22.0,59.0,6.0,1.0
26.85,43.25,675.83,0.52,23.0,0.0,6.0,1.0
26.81,43.34,681.49,0.52,23.0,1.0,6.0,1.0
26.82,43.67,679.9,0.52,23.0,2.0,6.0,1.0
26.82,43.74,679.78,0.51,23.0,3.0,6.0,1.0
26.85,43.75,681.42,0.5,23.0,4.0,6.0,1.0
26.81,43.79,680.32,0.5,23.0,5.0,6.0,1.0
26.74,43.8,679.04,0.54,23.0,6.0,6.0,1.0
26.68,43.94,681.05,0.55,23.0,6.0,6.0,1.0
26.64,44.25,679.46,0.54,23.0,7.0,6.0,1.0
26.71,44.85,680.16,0.55,22.0,50.0,6.0,1.0
26.85,43.44,682.1,0.55,22.0,51.0,6.0,1.0
26.77,43.23,680.98,0.54,22.0,52.0,6.0,1.0
26.79,43.36,680.75,0.53,22.0,53.0,6.0,1.0
26.7,43.82,678.99,0.53,22.0,54.0,6.0,1.0
26.7,44.03,677.02,0.53,22.0,55.0,6.0,1.0
26.81,44.08,678.51,0.52,22.0,56.0,6.0,1.0
26.88,44.27,683.01,0.52,22.0,57.0,6.0,1.0
26.78,44.59,681.36,0.52,22.0,58.0,6.0,1.0
26.88,44.05,677.35,0.52,22.0,59.0,6.0,1.0
26.85,43.25,675.83,0.52,23.0,0.0,6.0,1.0
26.81,43.34,681.49,0.52,23.0,1.0,6.0,1.0
26.82,43.67,679.9,0.52,23.0,2.0,6.0,1.0
26.82,43.74,679.78,0.51,23.0,3.0,6.0,1.0
26.85,43.75,681.42,0.5,23.0,4.0,6.0,1.0
26.81,43.79,680.32,0.5,23.0,5.0,6.0,1.0
26.74,43.8,679.04,0.54,23.0,6.0,6.0,1.0
26.68,43.94,681.05,0.55,23.0,6.0,6.0,1.0
26.64,44.25,679.46,0.54,23.0,7.0,6.0,1.0
26.75,44.26,678.96,0.52,23.0,8.0,6.0,1.0
26.85,43.44,682.1,0.55,22.0,51.0,6.0,1.0
26.77,43.23,680.98,0.54,22.0,52.0,6.0,1.0
26.79,43.36,680.75,0.53,22.0,53.0,6.0,1.0
26.7,43.82,678.99,0.53,22.0,54.0,6.0,1.0
26.7,44.03,677.02,0.53,22.0,55.0,6.0,1.0
26.81,44.08,678.51,0.52,22.0,56.0,6.0,1.0
26.88,44.27,683.01,0.52,22.0,57.0,6.0,1.0
26.78,44.59,681.36,0.52,22.0,58.0,6.0,1.0
26.88,44.05,677.35,0.52,22.0,59.0,6.0,1.0
26.85,43.25,675.83,0.52,23.0,0.0,6.0,1.0
26.81,43.34,681.49,0.52,23.0,1.0,6.0,1.0
26.82,43.67,679.9,0.52,23.0,2.0,6.0,1.0
26.82,43.74,679.78,0.51,23.0,3.0,6.0,1.0
26.85,43.75,681.42,0.5,23.0,4.0,6.0,1.0
26.81,43.79,680.32,0.5,23.0,5.0,6.0,1.0
26.74,43.8,679.04,0.54,23.0,6.0,6.0,1.0
26.68,43.94,681.05,0.55,23.0,6.0,6.0,1.0
26.64,44.25,679.46,0.54,23.0,7.0,6.0,1.0
26.75,44.26,678.96,0.52,23.0,8.0,6.0,1.0
26.77,44.36,679.86,0.51,23.0,9.0,6.0,1.0
26.77,43.23,680.98,0.54,22.0,52.0,6.0,1.0
26.79,43.36,680.75,0.53,22.0,53.0,6.0,1.0
26.7,43.82,678.99,0.53,22.0,54.0,6.0,1.0
26.7,44.03,677.02,0.53,22.0,55.0,6.0,1.0
26.81,44.08,678.51,0.52,22.0,56.0,6.0,1.0
26.88,44.27,683.01,0.52,22.0,57.0,6.0,1.0
26.78,44.59,681.36,0.52,22.0,58.0,6.0,1.0
26.88,44.05,677.35,0.52,22.0,59.0,6.0,1.0
26.85,43.25,675.83,0.52,23.0,0.0,6.0,1.0
26.81,43.34,681.49,0.52,23.0,1.0,6.0,1.0
26.82,43.67,679.9,0.52,23.0,2.0,6.0,1.0
26.82,43.74,679.78,0.51,23.0,3.0,6.0,1.0
26.85,43.75,681.42,0.5,23.0,4.0,6.0,1.0
26.81,43.79,680.32,0.5,23.0,5.0,6.0,1.0
26.74,43.8,679.04,0.54,23.0,6.0,6.0,1.0
26.68,43.94,681.05,0.55,23.0,6.0,6.0,1.0
26.64,44.25,679.46,0.54,23.0,7.0,6.0,1.0
26.75,44.26,678.96,0.52,23.0,8.0,6.0,1.0
26.77,44.36,679.86,0.51,23.0,9.0,6.0,1.0
26.74,44.65,678.63,0.5,23.0,10.0,6.0,1.0
26.79,43.36,680.75,0.53,22.0,53.0,6.0,1.0
26.7,43.82,678.99,0.53,22.0,54.0,6.0,1.0
26.7,44.03,677.02,0.53,22.0,55.0,6.0,1.0
26.81,44.08,678.51,0.52,22.0,56.0,6.0,1.0
26.88,44.27,683.01,0.52,22.0,57.0,6.0,1.0
26.78,44.59,681.36,0.52,22.0,58.0,6.0,1.0
26.88,44.05,677.35,0.52,22.0,59.0,6.0,1.0
26.85,43.25,675.83,0.52,23.0,0.0,6.0,1.0
26.81,43.34,681.49,0.52,23.0,1.0,6.0,1.0
26.82,43.67,679.9,0.52,23.0,2.0,6.0,1.0
26.82,43.74,679.78,0.51,23.0,3.0,6.0,1.0
26.85,43.75,681.42,0.5,23.0,4.0,6.0,1.0
26.81,43.79,680.32,0.5,23.0,5.0,6.0,1.0
26.74,43.8,679.04,0.54,23.0,6.0,6.0,1.0
26.68,43.94,681.05,0.55,23.0,6.0,6.0,1.0
26.64,44.25,679.46,0.54,23.0,7.0,6.0,1.0
26.75,44.26,678.96,0.52,23.0,8.0,6.0,1.0
26.77,44.36,679.86,0.51,23.0,9.0,6.0,1.0
26.74,44.65,678.63,0.5,23.0,10.0,6.0,1.0
26.89,43.81,675.69,0.48999999999999994,23.0,11.0,6.0,1.0
26.7,43.82,678.99,0.53,22.0,54.0,6.0,1.0
26.7,44.03,677.02,0.53,22.0,55.0,6.0,1.0
26.81,44.08,678.51,0.52,22.0,56.0,6.0,1.0
26.88,44.27,683.01,0.52,22.0,57.0,6.0,1.0
26.78,44.59,681.36,0.52,22.0,58.0,6.0,1.0
26.88,44.05,677.35,0.52,22.0,59.0,6.0,1.0
26.85,43.25,675.83,0.52,23.0,0.0,6.0,1.0
26.81,43.34,681.49,0.52,23.0,1.0,6.0,1.0
26.82,43.67,679.9,0.52,23.0,2.0,6.0,1.0
26.82,43.74,679.78,0.51,23.0,3.0,6.0,1.0
26.85,43.75,681.42,0.5,23.0,4.0,6.0,1.0
26.81,43.79,680.32,0.5,23.0,5.0,6.0,1.0
26.74,43.8,679.04,0.54,23.0,6.0,6.0,1.0
26.68,43.94,681.05,0.55,23.0,6.0,6.0,1.0
26.64,44.25,679.46,0.54,23.0,7.0,6.0,1.0
26.75,44.26,678.96,0.52,23.0,8.0,6.0,1.0
26.77,44.36,679.86,0.51,23.0,9.0,6.0,1.0
26.74,44.65,678.63,0.5,23.0,10.0,6.0,1.0
26.89,43.81,675.69,0.48999999999999994,23.0,11.0,6.0,1.0
26.86,43.12,676.75,0.48,23.0,12.0,6.0,1.0
26.7,44.03,677.02,0.53,22.0,55.0,6.0,1.0
26.81,44.08,678.51,0.52,22.0,56.0,6.0,1.0
26.88,44.27,683.01,0.52,22.0,57.0,6.0,1.0
26.78,44.59,681.36,0.52,22.0,58.0,6.0,1.0
26.88,44.05,677.35,0.52,22.0,59.0,6.0,1.0
26.85,43.25,675.83,0.52,23.0,0.0,6.0,1.0
26.81,43.34,681.49,0.52,23.0,1.0,6.0,1.0
26.82,43.67,679.9,0.52,23.0,2.0,6.0,1.0
26.82,43.74,679.78,0.51,23.0,3.0,6.0,1.0
26.85,43.75,681.42,0.5,23.0,4.0,6.0,1.0
26.81,43.79,680.32,0.5,23.0,5.0,6.0,1.0
26.74,43.8,679.04,0.54,23.0,6.0,6.0,1.0
26.68,43.94,681.05,0.55,23.0,6.0,6.0,1.0
26.64,44.25,679.46,0.54,23.0,7.0,6.0,1.0
26.75,44.26,678.96,0.52,23.0,8.0,6.0,1.0
26.77,44.36,679.86,0.51,23.0,9.0,6.0,1.0
26.74,44.65,678.63,0.5,23.0,10.0,6.0,1.0
26.89,43.81,675.69,0.48999999999999994,23.0,11.0,6.0,1.0
26.86,43.12,676.75,0.48,23.0,12.0,6.0,1.0
26.81,43.34,677.43,0.47,23.0,13.0,6.0,1.0
26.81,44.08,678.51,0.52,22.0,56.0,6.0,1.0
26.88,44.27,683.01,0.52,22.0,57.0,6.0,1.0
26.78,44.59,681.36,0.52,22.0,58.0,6.0,1.0
26.88,44.05,677.35,0.52,22.0,59.0,6.0,1.0
26.85,43.25,675.83,0.52,23.0,0.0,6.0,1.0
26.81,43.34,681.49,0.52,23.0,1.0,6.0,1.0
26.82,43.67,679.9,0.52,23.0,2.0,6.0,1.0
26.82,43.74,679.78,0.51,23.0,3.0,6.0,1.0
26.85,43.75,681.42,0.5,23.0,4.0,6.0,1.0
26.81,43.79,680.32,0.5,23.0,5.0,6.0,1.0
26.74,43.8,679.04,0.54,23.0,6.0,6.0,1.0
26.68,43.94,681.05,0.55,23.0,6.0,6.0,1.0
26.64,44.25,679.46,0.54,23.0,7.0,6.0,1.0
26.75,44.26,678.96,0.52,23.0,8.0,6.0,1.0
26.77,44.36,679.86,0.51,23.0,9.0,6.0,1.0
26.74,44.65,678.63,0.5,23.0,10.0,6.0,1.0
26.89,43.81,675.69,0.48999999999999994,23.0,11.0,6.0,1.0
26.86,43.12,676.75,0.48,23.0,12.0,6.0,1.0
26.81,43.34,677.43,0.47,23.0,13.0,6.0,1.0
26.77,43.87,678.96,0.45,23.0,14.0,6.0,1.0
26.88,44.27,683.01,0.52,22.0,57.0,6.0,1.0
26.78,44.59,681.36,0.52,22.0,58.0,6.0,1.0
26.88,44.05,677.35,0.52,22.0,59.0,6.0,1.0
26.85,43.25,675.83,0.52,23.0,0.0,6.0,1.0
26.81,43.34,681.49,0.52,23.0,1.0,6.0,1.0
26.82,43.67,679.9,0.52,23.0,2.0,6.0,1.0
26.82,43.74,679.78,0.51,23.0,3.0,6.0,1.0
26.85,43.75,681.42,0.5,23.0,4.0,6.0,1.0
26.81,43.79,680.32,0.5,23.0,5.0,6.0,1.0
26.74,43.8,679.04,0.54,23.0,6.0,6.0,1.0
26.68,43.94,681.05,0.55,23.0,6.0,6.0,1.0
26.64,44.25,679.46,0.54,23.0,7.0,6.0,1.0
26.75,44.26,678.96,0.52,23.0,8.0,6.0,1.0
26.77,44.36,679.86,0.51,23.0,9.0,6.0,1.0
26.74,44.65,678.63,0.5,23.0,10.0,6.0,1.0
26.89,43.81,675.69,0.48999999999999994,23.0,11.0,6.0,1.0
26.86,43.12,676.75,0.48,23.0,12.0,6.0,1.0
26.81,43.34,677.43,0.47,23.0,13.0,6.0,1.0
26.77,43.87,678.96,0.45,23.0,14.0,6.0,1.0
26.79,43.77,680.5,0.41,23.0,15.0,6.0,1.0
26.78,44.59,681.36,0.52,22.0,58.0,6.0,1.0
26.88,44.05,677.35,0.52,22.0,59.0,6.0,1.0
26.85,43.25,675.83,0.52,23.0,0.0,6.0,1.0
26.81,43.34,681.49,0.52,23.0,1.0,6.0,1.0
26.82,43.67,679.9,0.52,23.0,2.0,6.0,1.0
26.82,43.74,679.78,0.51,23.0,3.0,6.0,1.0
26.85,43.75,681.42,0.5,23.0,4.0,6.0,1.0
26.81,43.79,680.32,0.5,23.0,5.0,6.0,1.0
26.74,43.8,679.04,0.54,23.0,6.0,6.0,1.0
26.68,43.94,681.05,0.55,23.0,6.0,6.0,1.0
26.64,44.25,679.46,0.54,23.0,7.0,6.0,1.0
26.75,44.26,678.96,0.52,23.0,8.0,6.0,1.0
26.77,44.36,679.86,0.51,23.0,9.0,6.0,1.0
26.74,44.65,678.63,0.5,23.0,10.0,6.0,1.0
26.89,43.81,675.69,0.48999999999999994,23.0,11.0,6.0,1.0
26.86,43.12,676.75,0.48,23.0,12.0,6.0,1.0
26.81,43.34,677.43,0.47,23.0,13.0,6.0,1.0
26.77,43.87,678.96,0.45,23.0,14.0,6.0,1.0
26.79,43.77,680.5,0.41,23.0,15.0,6.0,1.0
26.74,43.9,682.7900000000001,0.38,23.0,16.0,6.0,1.0
26.88,44.05,677.35,0.52,22.0,59.0,6.0,1.0
26.85,43.25,675.83,0.52,23.0,0.0,6.0,1.0
26.81,43.34,681.49,0.52,23.0,1.0,6.0,1.0
26.82,43.67,679.9,0.52,23.0,2.0,6.0,1.0
26.82,43.74,679.78,0.51,23.0,3.0,6.0,1.0
26.85,43.75,681.42,0.5,23.0,4.0,6.0,1.0
26.81,43.79,680.32,0.5,23.0,5.0,6.0,1.0
26.74,43.8,679.04,0.54,23.0,6.0,6.0,1.0
26.68,43.94,681.05,0.55,23.0,6.0,6.0,1.0
26.64,44.25,679.46,0.54,23.0,7.0,6.0,1.0
26.75,44.26,678.96,0.52,23.0,8.0,6.0,1.0
26.77,44.36,679.86,0.51,23.0,9.0,6.0,1.0
26.74,44.65,678.63,0.5,23.0,10.0,6.0,1.0
26.89,43.81,675.69,0.48999999999999994,23.0,11.0,6.0,1.0
26.86,43.12,676.75,0.48,23.0,12.0,6.0,1.0
26.81,43.34,677.43,0.47,23.0,13.0,6.0,1.0
26.77,43.87,678.96,0.45,23.0,14.0,6.0,1.0
26.79,43.77,680.5,0.41,23.0,15.0,6.0,1.0
26.74,43.9,682.7900000000001,0.38,23.0,16.0,6.0,1.0
26.77,43.71,681.39,0.37,23.0,17.0,6.0,1.0
26.85,43.25,675.83,0.52,23.0,0.0,6.0,1.0
26.81,43.34,681.49,0.52,23.0,1.0,6.0,1.0
26.82,43.67,679.9,0.52,23.0,2.0,6.0,1.0
26.82,43.74,679.78,0.51,23.0,3.0,6.0,1.0
26.85,43.75,681.42,0.5,23.0,4.0,6.0,1.0
26.81,43.79,680.32,0.5,23.0,5.0,6.0,1.0
26.74,43.8,679.04,0.54,23.0,6.0,6.0,1.0
26.68,43.94,681.05,0.55,23.0,6.0,6.0,1.0
26.64,44.25,679.46,0.54,23.0,7.0,6.0,1.0
26.75,44.26,678.96,0.52,23.0,8.0,6.0,1.0
26.77,44.36,679.86,0.51,23.0,9.0,6.0,1.0
26.74,44.65,678.63,0.5,23.0,10.0,6.0,1.0
26.89,43.81,675.69,0.48999999999999994,23.0,11.0,6.0,1.0
26.86,43.12,676.75,0.48,23.0,12.0,6.0,1.0
26.81,43.34,677.43,0.47,23.0,13.0,6.0,1.0
26.77,43.87,678.96,0.45,23.0,14.0,6.0,1.0
26.79,43.77,680.5,0.41,23.0,15.0,6.0,1.0
26.74,43.9,682.7900000000001,0.38,23.0,16.0,6.0,1.0
26.77,43.71,681.39,0.37,23.0,17.0,6.0,1.0
26.74,43.7,681.86,0.38,23.0,19.0,6.0,1.0
26.81,43.34,681.49,0.52,23.0,1.0,6.0,1.0
26.82,43.67,679.9,0.52,23.0,2.0,6.0,1.0
26.82,43.74,679.78,0.51,23.0,3.0,6.0,1.0
26.85,43.75,681.42,0.5,23.0,4.0,6.0,1.0
26.81,43.79,680.32,0.5,23.0,5.0,6.0,1.0
26.74,43.8,679.04,0.54,23.0,6.0,6.0,1.0
26.68,43.94,681.05,0.55,23.0,6.0,6.0,1.0
26.64,44.25,679.46,0.54,23.0,7.0,6.0,1.0
26.75,44.26,678.96,0.52,23.0,8.0,6.0,1.0
26.77,44.36,679.86,0.51,23.0,9.0,6.0,1.0
26.74,44.65,678.63,0.5,23.0,10.0,6.0,1.0
26.89,43.81,675.69,0.48999999999999994,23.0,11.0,6.0,1.0
26.86,43.12,676.75,0.48,23.0,12.0,6.0,1.0
26.81,43.34,677.43,0.47,23.0,13.0,6.0,1.0
26.77,43.87,678.96,0.45,23.0,14.0,6.0,1.0
26.79,43.77,680.5,0.41,23.0,15.0,6.0,1.0
26.74,43.9,682.7900000000001,0.38,23.0,16.0,6.0,1.0
26.77,43.71,681.39,0.37,23.0,17.0,6.0,1.0
26.74,43.7,681.86,0.38,23.0,19.0,6.0,1.0
26.7,43.85,680.42,0.38,23.0,20.0,6.0,1.0
26.82,43.67,679.9,0.52,23.0,2.0,6.0,1.0
26.82,43.74,679.78,0.51,23.0,3.0,6.0,1.0
26.85,43.75,681.42,0.5,23.0,4.0,6.0,1.0
26.81,43.79,680.32,0.5,23.0,5.0,6.0,1.0
26.74,43.8,679.04,0.54,23.0,6.0,6.0,1.0
26.68,43.94,681.05,0.55,23.0,6.0,6.0,1.0
26.64,44.25,679.46,0.54,23.0,7.0,6.0,1.0
26.75,44.26,678.96,0.52,23.0,8.0,6.0,1.0
26.77,44.36,679.86,0.51,23.0,9.0,6.0,1.0
26.74,44.65,678.63,0.5,23.0,10.0,6.0,1.0
26.89,43.81,675.69,0.48999999999999994,23.0,11.0,6.0,1.0
26.86,43.12,676.75,0.48,23.0,12.0,6.0,1.0
26.81,43.34,677.43,0.47,23.0,13.0,6.0,1.0
26.77,43.87,678.96,0.45,23.0,14.0,6.0,1.0
26.79,43.77,680.5,0.41,23.0,15.0,6.0,1.0
26.74,43.9,682.7900000000001,0.38,23.0,16.0,6.0,1.0
26.77,43.71,681.39,0.37,23.0,17.0,6.0,1.0
26.74,43.7,681.86,0.38,23.0,19.0,6.0,1.0
26.7,43.85,680.42,0.38,23.0,20.0,6.0,1.0
26.54,44.25,676.02,0.38,23.0,21.0,6.0,1.0
26.82,43.74,679.78,0.51,23.0,3.0,6.0,1.0
26.85,43.75,681.42,0.5,23.0,4.0,6.0,1.0
26.81,43.79,680.32,0.5,23.0,5.0,6.0,1.0
26.74,43.8,679.04,0.54,23.0,6.0,6.0,1.0
26.68,43.94,681.05,0.55,23.0,6.0,6.0,1.0
26.64,44.25,679.46,0.54,23.0,7.0,6.0,1.0
26.75,44.26,678.96,0.52,23.0,8.0,6.0,1.0
26.77,44.36,679.86,0.51,23.0,9.0,6.0,1.0
26.74,44.65,678.63,0.5,23.0,10.0,6.0,1.0
26.89,43.81,675.69,0.48999999999999994,23.0,11.0,6.0,1.0
26.86,43.12,676.75,0.48,23.0,12.0,6.0,1.0
26.81,43.34,677.43,0.47,23.0,13.0,6.0,1.0
26.77,43.87,678.96,0.45,23.0,14.0,6.0,1.0
26.79,43.77,680.5,0.41,23.0,15.0,6.0,1.0
26.74,43.9,682.7900000000001,0.38,23.0,16.0,6.0,1.0
26.77,43.71,681.39,0.37,23.0,17.0,6.0,1.0
26.74,43.7,681.86,0.38,23.0,19.0,6.0,1.0
26.7,43.85,680.42,0.38,23.0,20.0,6.0,1.0
26.54,44.25,676.02,0.38,23.0,21.0,6.0,1.0
26.7,44.12,673.5,0.38,23.0,22.0,6.0,1.0
26.85,43.75,681.42,0.5,23.0,4.0,6.0,1.0
26.81,43.79,680.32,0.5,23.0,5.0,6.0,1.0
26.74,43.8,679.04,0.54,23.0,6.0,6.0,1.0
26.68,43.94,681.05,0.55,23.0,6.0,6.0,1.0
26.64,44.25,679.46,0.54,23.0,7.0,6.0,1.0
26.75,44.26,678.96,0.52,23.0,8.0,6.0,1.0
26.77,44.36,679.86,0.51,23.0,9.0,6.0,1.0
26.74,44.65,678.63,0.5,23.0,10.0,6.0,1.0
26.89,43.81,675.69,0.48999999999999994,23.0,11.0,6.0,1.0
26.86,43.12,676.75,0.48,23.0,12.0,6.0,1.0
26.81,43.34,677.43,0.47,23.0,13.0,6.0,1.0
26.77,43.87,678.96,0.45,23.0,14.0,6.0,1.0
26.79,43.77,680.5,0.41,23.0,15.0,6.0,1.0
26.74,43.9,682.7900000000001,0.38,23.0,16.0,6.0,1.0
26.77,43.71,681.39,0.37,23.0,17.0,6.0,1.0
26.74,43.7,681.86,0.38,23.0,19.0,6.0,1.0
26.7,43.85,680.42,0.38,23.0,20.0,6.0,1.0
26.54,44.25,676.02,0.38,23.0,21.0,6.0,1.0
26.7,44.12,673.5,0.38,23.0,22.0,6.0,1.0
26.72,44.22,674.56,0.39,23.0,23.0,6.0,1.0
26.81,43.79,680.32,0.5,23.0,5.0,6.0,1.0
26.74,43.8,679.04,0.54,23.0,6.0,6.0,1.0
26.68,43.94,681.05,0.55,23.0,6.0,6.0,1.0
26.64,44.25,679.46,0.54,23.0,7.0,6.0,1.0
26.75,44.26,678.96,0.52,23.0,8.0,6.0,1.0
26.77,44.36,679.86,0.51,23.0,9.0,6.0,1.0
26.74,44.65,678.63,0.5,23.0,10.0,6.0,1.0
26.89,43.81,675.69,0.48999999999999994,23.0,11.0,6.0,1.0
26.86,43.12,676.75,0.48,23.0,12.0,6.0,1.0
26.81,43.34,677.43,0.47,23.0,13.0,6.0,1.0
26.77,43.87,678.96,0.45,23.0,14.0,6.0,1.0
26.79,43.77,680.5,0.41,23.0,15.0,6.0,1.0
26.74,43.9,682.7900000000001,0.38,23.0,16.0,6.0,1.0
26.77,43.71,681.39,0.37,23.0,17.0,6.0,1.0
26.74,43.7,681.86,0.38,23.0,19.0,6.0,1.0
26.7,43.85,680.42,0.38,23.0,20.0,6.0,1.0
26.54,44.25,676.02,0.38,23.0,21.0,6.0,1.0
26.7,44.12,673.5,0.38,23.0,22.0,6.0,1.0
26.72,44.22,674.56,0.39,23.0,23.0,6.0,1.0
26.78,44.66,674.69,0.4,23.0,24.0,6.0,1.0
26.74,43.8,679.04,0.54,23.0,6.0,6.0,1.0
26.68,43.94,681.05,0.55,23.0,6.0,6.0,1.0
26.64,44.25,679.46,0.54,23.0,7.0,6.0,1.0
26.75,44.26,678.96,0.52,23.0,8.0,6.0,1.0
26.77,44.36,679.86,0.51,23.0,9.0,6.0,1.0
26.74,44.65,678.63,0.5,23.0,10.0,6.0,1.0
26.89,43.81,675.69,0.48999999999999994,23.0,11.0,6.0,1.0
26.86,43.12,676.75,0.48,23.0,12.0,6.0,1.0
26.81,43.34,677.43,0.47,23.0,13.0,6.0,1.0
26.77,43.87,678.96,0.45,23.0,14.0,6.0,1.0
26.79,43.77,680.5,0.41,23.0,15.0,6.0,1.0
26.74,43.9,682.7900000000001,0.38,23.0,16.0,6.0,1.0
26.77,43.71,681.39,0.37,23.0,17.0,6.0,1.0
26.74,43.7,681.86,0.38,23.0,19.0,6.0,1.0
26.7,43.85,680.42,0.38,23.0,20.0,6.0,1.0
26.54,44.25,676.02,0.38,23.0,21.0,6.0,1.0
26.7,44.12,673.5,0.38,23.0,22.0,6.0,1.0
26.72,44.22,674.56,0.39,23.0,23.0,6.0,1.0
26.78,44.66,674.69,0.4,23.0,24.0,6.0,1.0
26.86,43.98,673.95,0.41,23.0,25.0,6.0,1.0
26.68,43.94,681.05,0.55,23.0,6.0,6.0,1.0
26.64,44.25,679.46,0.54,23.0,7.0,6.0,1.0
26.75,44.26,678.96,0.52,23.0,8.0,6.0,1.0
26.77,44.36,679.86,0.51,23.0,9.0,6.0,1.0
26.74,44.65,678.63,0.5,23.0,10.0,6.0,1.0
26.89,43.81,675.69,0.48999999999999994,23.0,11.0,6.0,1.0
26.86,43.12,676.75,0.48,23.0,12.0,6.0,1.0
26.81,43.34,677.43,0.47,23.0,13.0,6.0,1.0
26.77,43.87,678.96,0.45,23.0,14.0,6.0,1.0
26.79,43.77,680.5,0.41,23.0,15.0,6.0,1.0
26.74,43.9,682.7900000000001,0.38,23.0,16.0,6.0,1.0
26.77,43.71,681.39,0.37,23.0,17.0,6.0,1.0
26.74,43.7,681.86,0.38,23.0,19.0,6.0,1.0
26.7,43.85,680.42,0.38,23.0,20.0,6.0,1.0
26.54,44.25,676.02,0.38,23.0,21.0,6.0,1.0
26.7,44.12,673.5,0.38,23.0,22.0,6.0,1.0
26.72,44.22,674.56,0.39,23.0,23.0,6.0,1.0
26.78,44.66,674.69,0.4,23.0,24.0,6.0,1.0
26.86,43.98,673.95,0.41,23.0,25.0,6.0,1.0
26.79,43.15,675.19,0.42,23.0,26.0,6.0,1.0
26.64,44.25,679.46,0.54,23.0,7.0,6.0,1.0
26.75,44.26,678.96,0.52,23.0,8.0,6.0,1.0
26.77,44.36,679.86,0.51,23.0,9.0,6.0,1.0
26.74,44.65,678.63,0.5,23.0,10.0,6.0,1.0
26.89,43.81,675.69,0.48999999999999994,23.0,11.0,6.0,1.0
26.86,43.12,676.75,0.48,23.0,12.0,6.0,1.0
26.81,43.34,677.43,0.47,23.0,13.0,6.0,1.0
26.77,43.87,678.96,0.45,23.0,14.0,6.0,1.0
26.79,43.77,680.5,0.41,23.0,15.0,6.0,1.0
26.74,43.9,682.7900000000001,0.38,23.0,16.0,6.0,1.0
26.77,43.71,681.39,0.37,23.0,17.0,6.0,1.0
26.74,43.7,681.86,0.38,23.0,19.0,6.0,1.0
26.7,43.85,680.42,0.38,23.0,20.0,6.0,1.0
26.54,44.25,676.02,0.38,23.0,21.0,6.0,1.0
26.7,44.12,673.5,0.38,23.0,22.0,6.0,1.0
26.72,44.22,674.56,0.39,23.0,23.0,6.0,1.0
26.78,44.66,674.69,0.4,23.0,24.0,6.0,1.0
26.86,43.98,673.95,0.41,23.0,25.0,6.0,1.0
26.79,43.15,675.19,0.42,23.0,26.0,6.0,1.0
26.78,43.3,671.24,0.43,23.0,27.0,6.0,1.0
26.75,44.26,678.96,0.52,23.0,8.0,6.0,1.0
26.77,44.36,679.86,0.51,23.0,9.0,6.0,1.0
26.74,44.65,678.63,0.5,23.0,10.0,6.0,1.0
26.89,43.81,675.69,0.48999999999999994,23.0,11.0,6.0,1.0
26.86,43.12,676.75,0.48,23.0,12.0,6.0,1.0
26.81,43.34,677.43,0.47,23.0,13.0,6.0,1.0
26.77,43.87,678.96,0.45,23.0,14.0,6.0,1.0
26.79,43.77,680.5,0.41,23.0,15.0,6.0,1.0
26.74,43.9,682.7900000000001,0.38,23.0,16.0,6.0,1.0
26.77,43.71,681.39,0.37,23.0,17.0,6.0,1.0
26.74,43.7,681.86,0.38,23.0,19.0,6.0,1.0
26.7,43.85,680.42,0.38,23.0,20.0,6.0,1.0
26.54,44.25,676.02,0.38,23.0,21.0,6.0,1.0
26.7,44.12,673.5,0.38,23.0,22.0,6.0,1.0
26.72,44.22,674.56,0.39,23.0,23.0,6.0,1.0
26.78,44.66,674.69,0.4,23.0,24.0,6.0,1.0
26.86,43.98,673.95,0.41,23.0,25.0,6.0,1.0
26.79,43.15,675.19,0.42,23.0,26.0,6.0,1.0
26.78,43.3,671.24,0.43,23.0,27.0,6.0,1.0
26.84,43.66,673.98,0.43999999999999995,23.0,28.0,6.0,1.0
26.77,44.36,679.86,0.51,23.0,9.0,6.0,1.0
26.74,44.65,678.63,0.5,23.0,10.0,6.0,1.0
26.89,43.81,675.69,0.48999999999999994,23.0,11.0,6.0,1.0
26.86,43.12,676.75,0.48,23.0,12.0,6.0,1.0
26.81,43.34,677.43,0.47,23.0,13.0,6.0,1.0
26.77,43.87,678.96,0.45,23.0,14.0,6.0,1.0
26.79,43.77,680.5,0.41,23.0,15.0,6.0,1.0
26.74,43.9,682.7900000000001,0.38,23.0,16.0,6.0,1.0
26.77,43.71,681.39,0.37,23.0,17.0,6.0,1.0
26.74,43.7,681.86,0.38,23.0,19.0,6.0,1.0
26.7,43.85,680.42,0.38,23.0,20.0,6.0,1.0
26.54,44.25,676.02,0.38,23.0,21.0,6.0,1.0
26.7,44.12,673.5,0.38,23.0,22.0,6.0,1.0
26.72,44.22,674.56,0.39,23.0,23.0,6.0,1.0
26.78,44.66,674.69,0.4,23.0,24.0,6.0,1.0
26.86,43.98,673.95,0.41,23.0,25.0,6.0,1.0
26.79,43.15,675.19,0.42,23.0,26.0,6.0,1.0
26.78,43.3,671.24,0.43,23.0,27.0,6.0,1.0
26.84,43.66,673.98,0.43999999999999995,23.0,28.0,6.0,1.0
26.78,43.85,674.27,0.43999999999999995,23.0,29.0,6.0,1.0
26.74,44.65,678.63,0.5,23.0,10.0,6.0,1.0
26.89,43.81,675.69,0.48999999999999994,23.0,11.0,6.0,1.0
26.86,43.12,676.75,0.48,23.0,12.0,6.0,1.0
26.81,43.34,677.43,0.47,23.0,13.0,6.0,1.0
26.77,43.87,678.96,0.45,23.0,14.0,6.0,1.0
26.79,43.77,680.5,0.41,23.0,15.0,6.0,1.0
26.74,43.9,682.7900000000001,0.38,23.0,16.0,6.0,1.0
26.77,43.71,681.39,0.37,23.0,17.0,6.0,1.0
26.74,43.7,681.86,0.38,23.0,19.0,6.0,1.0
26.7,43.85,680.42,0.38,23.0,20.0,6.0,1.0
26.54,44.25,676.02,0.38,23.0,21.0,6.0,1.0
26.7,44.12,673.5,0.38,23.0,22.0,6.0,1.0
26.72,44.22,674.56,0.39,23.0,23.0,6.0,1.0
26.78,44.66,674.69,0.4,23.0,24.0,6.0,1.0
26.86,43.98,673.95,0.41,23.0,25.0,6.0,1.0
26.79,43.15,675.19,0.42,23.0,26.0,6.0,1.0
26.78,43.3,671.24,0.43,23.0,27.0,6.0,1.0
26.84,43.66,673.98,0.43999999999999995,23.0,28.0,6.0,1.0
26.78,43.85,674.27,0.43999999999999995,23.0,29.0,6.0,1.0
26.81,43.76,674.19,0.43999999999999995,23.0,30.0,6.0,1.0
26.89,43.81,675.69,0.48999999999999994,23.0,11.0,6.0,1.0
26.86,43.12,676.75,0.48,23.0,12.0,6.0,1.0
26.81,43.34,677.43,0.47,23.0,13.0,6.0,1.0
26.77,43.87,678.96,0.45,23.0,14.0,6.0,1.0
26.79,43.77,680.5,0.41,23.0,15.0,6.0,1.0
26.74,43.9,682.7900000000001,0.38,23.0,16.0,6.0,1.0
26.77,43.71,681.39,0.37,23.0,17.0,6.0,1.0
26.74,43.7,681.86,0.38,23.0,19.0,6.0,1.0
26.7,43.85,680.42,0.38,23.0,20.0,6.0,1.0
26.54,44.25,676.02,0.38,23.0,21.0,6.0,1.0
26.7,44.12,673.5,0.38,23.0,22.0,6.0,1.0
26.72,44.22,674.56,0.39,23.0,23.0,6.0,1.0
26.78,44.66,674.69,0.4,23.0,24.0,6.0,1.0
26.86,43.98,673.95,0.41,23.0,25.0,6.0,1.0
26.79,43.15,675.19,0.42,23.0,26.0,6.0,1.0
26.78,43.3,671.24,0.43,23.0,27.0,6.0,1.0
26.84,43.66,673.98,0.43999999999999995,23.0,28.0,6.0,1.0
26.78,43.85,674.27,0.43999999999999995,23.0,29.0,6.0,1.0
26.81,43.76,674.19,0.43999999999999995,23.0,30.0,6.0,1.0
26.75,43.82,672.16,0.45,23.0,31.0,6.0,1.0
26.86,43.12,676.75,0.48,23.0,12.0,6.0,1.0
26.81,43.34,677.43,0.47,23.0,13.0,6.0,1.0
26.77,43.87,678.96,0.45,23.0,14.0,6.0,1.0
26.79,43.77,680.5,0.41,23.0,15.0,6.0,1.0
26.74,43.9,682.7900000000001,0.38,23.0,16.0,6.0,1.0
26.77,43.71,681.39,0.37,23.0,17.0,6.0,1.0
26.74,43.7,681.86,0.38,23.0,19.0,6.0,1.0
26.7,43.85,680.42,0.38,23.0,20.0,6.0,1.0
26.54,44.25,676.02,0.38,23.0,21.0,6.0,1.0
26.7,44.12,673.5,0.38,23.0,22.0,6.0,1.0
26.72,44.22,674.56,0.39,23.0,23.0,6.0,1.0
26.78,44.66,674.69,0.4,23.0,24.0,6.0,1.0
26.86,43.98,673.95,0.41,23.0,25.0,6.0,1.0
26.79,43.15,675.19,0.42,23.0,26.0,6.0,1.0
26.78,43.3,671.24,0.43,23.0,27.0,6.0,1.0
26.84,43.66,673.98,0.43999999999999995,23.0,28.0,6.0,1.0
26.78,43.85,674.27,0.43999999999999995,23.0,29.0,6.0,1.0
26.81,43.76,674.19,0.43999999999999995,23.0,30.0,6.0,1.0
26.75,43.82,672.16,0.45,23.0,31.0,6.0,1.0
26.78,43.53,672.91,0.45999999999999996,23.0,32.0,6.0,1.0
26.81,43.34,677.43,0.47,23.0,13.0,6.0,1.0
26.77,43.87,678.96,0.45,23.0,14.0,6.0,1.0
26.79,43.77,680.5,0.41,23.0,15.0,6.0,1.0
26.74,43.9,682.7900000000001,0.38,23.0,16.0,6.0,1.0
26.77,43.71,681.39,0.37,23.0,17.0,6.0,1.0
26.74,43.7,681.86,0.38,23.0,19.0,6.0,1.0
26.7,43.85,680.42,0.38,23.0,20.0,6.0,1.0
26.54,44.25,676.02,0.38,23.0,21.0,6.0,1.0
26.7,44.12,673.5,0.38,23.0,22.0,6.0,1.0
26.72,44.22,674.56,0.39,23.0,23.0,6.0,1.0
26.78,44.66,674.69,0.4,23.0,24.0,6.0,1.0
26.86,43.98,673.95,0.41,23.0,25.0,6.0,1.0
26.79,43.15,675.19,0.42,23.0,26.0,6.0,1.0
26.78,43.3,671.24,0.43,23.0,27.0,6.0,1.0
26.84,43.66,673.98,0.43999999999999995,23.0,28.0,6.0,1.0
26.78,43.85,674.27,0.43999999999999995,23.0,29.0,6.0,1.0
26.81,43.76,674.19,0.43999999999999995,23.0,30.0,6.0,1.0
26.75,43.82,672.16,0.45,23.0,31.0,6.0,1.0
26.78,43.53,672.91,0.45999999999999996,23.0,32.0,6.0,1.0
26.71,43.51,674.73,0.45999999999999996,23.0,33.0,6.0,1.0
26.77,43.87,678.96,0.45,23.0,14.0,6.0,1.0
26.79,43.77,680.5,0.41,23.0,15.0,6.0,1.0
26.74,43.9,682.7900000000001,0.38,23.0,16.0,6.0,1.0
26.77,43.71,681.39,0.37,23.0,17.0,6.0,1.0
26.74,43.7,681.86,0.38,23.0,19.0,6.0,1.0
26.7,43.85,680.42,0.38,23.0,20.0,6.0,1.0
26.54,44.25,676.02,0.38,23.0,21.0,6.0,1.0
26.7,44.12,673.5,0.38,23.0,22.0,6.0,1.0
26.72,44.22,674.56,0.39,23.0,23.0,6.0,1.0
26.78,44.66,674.69,0.4,23.0,24.0,6.0,1.0
26.86,43.98,673.95,0.41,23.0,25.0,6.0,1.0
26.79,43.15,675.19,0.42,23.0,26.0,6.0,1.0
26.78,43.3,671.24,0.43,23.0,27.0,6.0,1.0
26.84,43.66,673.98,0.43999999999999995,23.0,28.0,6.0,1.0
26.78,43.85,674.27,0.43999999999999995,23.0,29.0,6.0,1.0
26.81,43.76,674.19,0.43999999999999995,23.0,30.0,6.0,1.0
26.75,43.82,672.16,0.45,23.0,31.0,6.0,1.0
26.78,43.53,672.91,0.45999999999999996,23.0,32.0,6.0,1.0
26.71,43.51,674.73,0.45999999999999996,23.0,33.0,6.0,1.0
26.54,43.44,673.96,0.45999999999999996,23.0,34.0,6.0,1.0
26.79,43.77,680.5,0.41,23.0,15.0,6.0,1.0
26.74,43.9,682.7900000000001,0.38,23.0,16.0,6.0,1.0
26.77,43.71,681.39,0.37,23.0,17.0,6.0,1.0
26.74,43.7,681.86,0.38,23.0,19.0,6.0,1.0
26.7,43.85,680.42,0.38,23.0,20.0,6.0,1.0
26.54,44.25,676.02,0.38,23.0,21.0,6.0,1.0
26.7,44.12,673.5,0.38,23.0,22.0,6.0,1.0
26.72,44.22,674.56,0.39,23.0,23.0,6.0,1.0
26.78,44.66,674.69,0.4,23.0,24.0,6.0,1.0
26.86,43.98,673.95,0.41,23.0,25.0,6.0,1.0
26.79,43.15,675.19,0.42,23.0,26.0,6.0,1.0
26.78,43.3,671.24,0.43,23.0,27.0,6.0,1.0
26.84,43.66,673.98,0.43999999999999995,23.0,28.0,6.0,1.0
26.78,43.85,674.27,0.43999999999999995,23.0,29.0,6.0,1.0
26.81,43.76,674.19,0.43999999999999995,23.0,30.0,6.0,1.0
26.75,43.82,672.16,0.45,23.0,31.0,6.0,1.0
26.78,43.53,672.91,0.45999999999999996,23.0,32.0,6.0,1.0
26.71,43.51,674.73,0.45999999999999996,23.0,33.0,6.0,1.0
26.54,43.44,673.96,0.45999999999999996,23.0,34.0,6.0,1.0
26.52,42.99,675.39,0.47,23.0,35.0,6.0,1.0
26.74,43.9,682.7900000000001,0.38,23.0,16.0,6.0,1.0
26.77,43.71,681.39,0.37,23.0,17.0,6.0,1.0
26.74,43.7,681.86,0.38,23.0,19.0,6.0,1.0
26.7,43.85,680.42,0.38,23.0,20.0,6.0,1.0
26.54,44.25,676.02,0.38,23.0,21.0,6.0,1.0
26.7,44.12,673.5,0.38,23.0,22.0,6.0,1.0
26.72,44.22,674.56,0.39,23.0,23.0,6.0,1.0
26.78,44.66,674.69,0.4,23.0,24.0,6.0,1.0
26.86,43.98,673.95,0.41,23.0,25.0,6.0,1.0
26.79,43.15,675.19,0.42,23.0,26.0,6.0,1.0
26.78,43.3,671.24,0.43,23.0,27.0,6.0,1.0
26.84,43.66,673.98,0.43999999999999995,23.0,28.0,6.0,1.0
26.78,43.85,674.27,0.43999999999999995,23.0,29.0,6.0,1.0
26.81,43.76,674.19,0.43999999999999995,23.0,30.0,6.0,1.0
26.75,43.82,672.16,0.45,23.0,31.0,6.0,1.0
26.78,43.53,672.91,0.45999999999999996,23.0,32.0,6.0,1.0
26.71,43.51,674.73,0.45999999999999996,23.0,33.0,6.0,1.0
26.54,43.44,673.96,0.45999999999999996,23.0,34.0,6.0,1.0
26.52,42.99,675.39,0.47,23.0,35.0,6.0,1.0
26.46,43.67,673.04,0.47,23.0,36.0,6.0,1.0
26.77,43.71,681.39,0.37,23.0,17.0,6.0,1.0
26.74,43.7,681.86,0.38,23.0,19.0,6.0,1.0
26.7,43.85,680.42,0.38,23.0,20.0,6.0,1.0
26.54,44.25,676.02,0.38,23.0,21.0,6.0,1.0
26.7,44.12,673.5,0.38,23.0,22.0,6.0,1.0
26.72,44.22,674.56,0.39,23.0,23.0,6.0,1.0
26.78,44.66,674.69,0.4,23.0,24.0,6.0,1.0
26.86,43.98,673.95,0.41,23.0,25.0,6.0,1.0
26.79,43.15,675.19,0.42,23.0,26.0,6.0,1.0
26.78,43.3,671.24,0.43,23.0,27.0,6.0,1.0
26.84,43.66,673.98,0.43999999999999995,23.0,28.0,6.0,1.0
26.78,43.85,674.27,0.43999999999999995,23.0,29.0,6.0,1.0
26.81,43.76,674.19,0.43999999999999995,23.0,30.0,6.0,1.0
26.75,43.82,672.16,0.45,23.0,31.0,6.0,1.0
26.78,43.53,672.91,0.45999999999999996,23.0,32.0,6.0,1.0
26.71,43.51,674.73,0.45999999999999996,23.0,33.0,6.0,1.0
26.54,43.44,673.96,0.45999999999999996,23.0,34.0,6.0,1.0
26.52,42.99,675.39,0.47,23.0,35.0,6.0,1.0
26.46,43.67,673.04,0.47,23.0,36.0,6.0,1.0
26.59,43.68,677.29,0.48,23.0,37.0,6.0,1.0
26.74,43.7,681.86,0.38,23.0,19.0,6.0,1.0
26.7,43.85,680.42,0.38,23.0,20.0,6.0,1.0
26.54,44.25,676.02,0.38,23.0,21.0,6.0,1.0
26.7,44.12,673.5,0.38,23.0,22.0,6.0,1.0
26.72,44.22,674.56,0.39,23.0,23.0,6.0,1.0
26.78,44.66,674.69,0.4,23.0,24.0,6.0,1.0
26.86,43.98,673.95,0.41,23.0,25.0,6.0,1.0
26.79,43.15,675.19,0.42,23.0,26.0,6.0,1.0
26.78,43.3,671.24,0.43,23.0,27.0,6.0,1.0
26.84,43.66,673.98,0.43999999999999995,23.0,28.0,6.0,1.0
26.78,43.85,674.27,0.43999999999999995,23.0,29.0,6.0,1.0
26.81,43.76,674.19,0.43999999999999995,23.0,30.0,6.0,1.0
26.75,43.82,672.16,0.45,23.0,31.0,6.0,1.0
26.78,43.53,672.91,0.45999999999999996,23.0,32.0,6.0,1.0
26.71,43.51,674.73,0.45999999999999996,23.0,33.0,6.0,1.0
26.54,43.44,673.96,0.45999999999999996,23.0,34.0,6.0,1.0
26.52,42.99,675.39,0.47,23.0,35.0,6.0,1.0
26.46,43.67,673.04,0.47,23.0,36.0,6.0,1.0
26.59,43.68,677.29,0.48,23.0,37.0,6.0,1.0
26.59,43.8,676.21,0.48,23.0,38.0,6.0,1.0
26.7,43.85,680.42,0.38,23.0,20.0,6.0,1.0
26.54,44.25,676.02,0.38,23.0,21.0,6.0,1.0
26.7,44.12,673.5,0.38,23.0,22.0,6.0,1.0
26.72,44.22,674.56,0.39,23.0,23.0,6.0,1.0
26.78,44.66,674.69,0.4,23.0,24.0,6.0,1.0
26.86,43.98,673.95,0.41,23.0,25.0,6.0,1.0
26.79,43.15,675.19,0.42,23.0,26.0,6.0,1.0
26.78,43.3,671.24,0.43,23.0,27.0,6.0,1.0
26.84,43.66,673.98,0.43999999999999995,23.0,28.0,6.0,1.0
26.78,43.85,674.27,0.43999999999999995,23.0,29.0,6.0,1.0
26.81,43.76,674.19,0.43999999999999995,23.0,30.0,6.0,1.0
26.75,43.82,672.16,0.45,23.0,31.0,6.0,1.0
26.78,43.53,672.91,0.45999999999999996,23.0,32.0,6.0,1.0
26.71,43.51,674.73,0.45999999999999996,23.0,33.0,6.0,1.0
26.54,43.44,673.96,0.45999999999999996,23.0,34.0,6.0,1.0
26.52,42.99,675.39,0.47,23.0,35.0,6.0,1.0
26.46,43.67,673.04,0.47,23.0,36.0,6.0,1.0
26.59,43.68,677.29,0.48,23.0,37.0,6.0,1.0
26.59,43.8,676.21,0.48,23.0,38.0,6.0,1.0
26.67,42.83,679.68,0.48999999999999994,23.0,39.0,6.0,1.0
26.54,44.25,676.02,0.38,23.0,21.0,6.0,1.0
26.7,44.12,673.5,0.38,23.0,22.0,6.0,1.0
26.72,44.22,674.56,0.39,23.0,23.0,6.0,1.0
26.78,44.66,674.69,0.4,23.0,24.0,6.0,1.0
26.86,43.98,673.95,0.41,23.0,25.0,6.0,1.0
26.79,43.15,675.19,0.42,23.0,26.0,6.0,1.0
26.78,43.3,671.24,0.43,23.0,27.0,6.0,1.0
26.84,43.66,673.98,0.43999999999999995,23.0,28.0,6.0,1.0
26.78,43.85,674.27,0.43999999999999995,23.0,29.0,6.0,1.0
26.81,43.76,674.19,0.43999999999999995,23.0,30.0,6.0,1.0
26.75,43.82,672.16,0.45,23.0,31.0,6.0,1.0
26.78,43.53,672.91,0.45999999999999996,23.0,32.0,6.0,1.0
26.71,43.51,674.73,0.45999999999999996,23.0,33.0,6.0,1.0
26.54,43.44,673.96,0.45999999999999996,23.0,34.0,6.0,1.0
26.52,42.99,675.39,0.47,23.0,35.0,6.0,1.0
26.46,43.67,673.04,0.47,23.0,36.0,6.0,1.0
26.59,43.68,677.29,0.48,23.0,37.0,6.0,1.0
26.59,43.8,676.21,0.48,23.0,38.0,6.0,1.0
26.67,42.83,679.68,0.48999999999999994,23.0,39.0,6.0,1.0
26.5,43.08,680.46,0.48999999999999994,23.0,40.0,6.0,1.0
26.7,44.12,673.5,0.38,23.0,22.0,6.0,1.0
26.72,44.22,674.56,0.39,23.0,23.0,6.0,1.0
26.78,44.66,674.69,0.4,23.0,24.0,6.0,1.0
26.86,43.98,673.95,0.41,23.0,25.0,6.0,1.0
26.79,43.15,675.19,0.42,23.0,26.0,6.0,1.0
26.78,43.3,671.24,0.43,23.0,27.0,6.0,1.0
26.84,43.66,673.98,0.43999999999999995,23.0,28.0,6.0,1.0
26.78,43.85,674.27,0.43999999999999995,23.0,29.0,6.0,1.0
26.81,43.76,674.19,0.43999999999999995,23.0,30.0,6.0,1.0
26.75,43.82,672.16,0.45,23.0,31.0,6.0,1.0
26.78,43.53,672.91,0.45999999999999996,23.0,32.0,6.0,1.0
26.71,43.51,674.73,0.45999999999999996,23.0,33.0,6.0,1.0
26.54,43.44,673.96,0.45999999999999996,23.0,34.0,6.0,1.0
26.52,42.99,675.39,0.47,23.0,35.0,6.0,1.0
26.46,43.67,673.04,0.47,23.0,36.0,6.0,1.0
26.59,43.68,677.29,0.48,23.0,37.0,6.0,1.0
26.59,43.8,676.21,0.48,23.0,38.0,6.0,1.0
26.67,42.83,679.68,0.48999999999999994,23.0,39.0,6.0,1.0
26.5,43.08,680.46,0.48999999999999994,23.0,40.0,6.0,1.0
26.55,43.12,682.19,0.5,23.0,41.0,6.0,1.0
26.72,44.22,674.56,0.39,23.0,23.0,6.0,1.0
26.78,44.66,674.69,0.4,23.0,24.0,6.0,1.0
26.86,43.98,673.95,0.41,23.0,25.0,6.0,1.0
26.79,43.15,675.19,0.42,23.0,26.0,6.0,1.0
26.78,43.3,671.24,0.43,23.0,27.0,6.0,1.0
26.84,43.66,673.98,0.43999999999999995,23.0,28.0,6.0,1.0
26.78,43.85,674.27,0.43999999999999995,23.0,29.0,6.0,1.0
26.81,43.76,674.19,0.43999999999999995,23.0,30.0,6.0,1.0
26.75,43.82,672.16,0.45,23.0,31.0,6.0,1.0
26.78,43.53,672.91,0.45999999999999996,23.0,32.0,6.0,1.0
26.71,43.51,674.73,0.45999999999999996,23.0,33.0,6.0,1.0
26.54,43.44,673.96,0.45999999999999996,23.0,34.0,6.0,1.0
26.52,42.99,675.39,0.47,23.0,35.0,6.0,1.0
26.46,43.67,673.04,0.47,23.0,36.0,6.0,1.0
26.59,43.68,677.29,0.48,23.0,37.0,6.0,1.0
26.59,43.8,676.21,0.48,23.0,38.0,6.0,1.0
26.67,42.83,679.68,0.48999999999999994,23.0,39.0,6.0,1.0
26.5,43.08,680.46,0.48999999999999994,23.0,40.0,6.0,1.0
26.55,43.12,682.19,0.5,23.0,41.0,6.0,1.0
26.54,43.44,680.66,0.5,23.0,42.0,6.0,1.0
26.78,44.66,674.69,0.4,23.0,24.0,6.0,1.0
26.86,43.98,673.95,0.41,23.0,25.0,6.0,1.0
26.79,43.15,675.19,0.42,23.0,26.0,6.0,1.0
26.78,43.3,671.24,0.43,23.0,27.0,6.0,1.0
26.84,43.66,673.98,0.43999999999999995,23.0,28.0,6.0,1.0
26.78,43.85,674.27,0.43999999999999995,23.0,29.0,6.0,1.0
26.81,43.76,674.19,0.43999999999999995,23.0,30.0,6.0,1.0
26.75,43.82,672.16,0.45,23.0,31.0,6.0,1.0
26.78,43.53,672.91,0.45999999999999996,23.0,32.0,6.0,1.0
26.71,43.51,674.73,0.45999999999999996,23.0,33.0,6.0,1.0
26.54,43.44,673.96,0.45999999999999996,23.0,34.0,6.0,1.0
26.52,42.99,675.39,0.47,23.0,35.0,6.0,1.0
26.46,43.67,673.04,0.47,23.0,36.0,6.0,1.0
26.59,43.68,677.29,0.48,23.0,37.0,6.0,1.0
26.59,43.8,676.21,0.48,23.0,38.0,6.0,1.0
26.67,42.83,679.68,0.48999999999999994,23.0,39.0,6.0,1.0
26.5,43.08,680.46,0.48999999999999994,23.0,40.0,6.0,1.0
26.55,43.12,682.19,0.5,23.0,41.0,6.0,1.0
26.54,43.44,680.66,0.5,23.0,42.0,6.0,1.0
26.58,43.97,681.42,0.5,23.0,43.0,6.0,1.0
26.86,43.98,673.95,0.41,23.0,25.0,6.0,1.0
26.79,43.15,675.19,0.42,23.0,26.0,6.0,1.0
26.78,43.3,671.24,0.43,23.0,27.0,6.0,1.0
26.84,43.66,673.98,0.43999999999999995,23.0,28.0,6.0,1.0
26.78,43.85,674.27,0.43999999999999995,23.0,29.0,6.0,1.0
26.81,43.76,674.19,0.43999999999999995,23.0,30.0,6.0,1.0
26.75,43.82,672.16,0.45,23.0,31.0,6.0,1.0
26.78,43.53,672.91,0.45999999999999996,23.0,32.0,6.0,1.0
26.71,43.51,674.73,0.45999999999999996,23.0,33.0,6.0,1.0
26.54,43.44,673.96,0.45999999999999996,23.0,34.0,6.0,1.0
26.52,42.99,675.39,0.47,23.0,35.0,6.0,1.0
26.46,43.67,673.04,0.47,23.0,36.0,6.0,1.0
26.59,43.68,677.29,0.48,23.0,37.0,6.0,1.0
26.59,43.8,676.21,0.48,23.0,38.0,6.0,1.0
26.67,42.83,679.68,0.48999999999999994,23.0,39.0,6.0,1.0
26.5,43.08,680.46,0.48999999999999994,23.0,40.0,6.0,1.0
26.55,43.12,682.19,0.5,23.0,41.0,6.0,1.0
26.54,43.44,680.66,0.5,23.0,42.0,6.0,1.0
26.58,43.97,681.42,0.5,23.0,43.0,6.0,1.0
26.58,44.14,684.15,0.51,23.0,44.0,6.0,1.0
26.79,43.15,675.19,0.42,23.0,26.0,6.0,1.0
26.78,43.3,671.24,0.43,23.0,27.0,6.0,1.0
26.84,43.66,673.98,0.43999999999999995,23.0,28.0,6.0,1.0
26.78,43.85,674.27,0.43999999999999995,23.0,29.0,6.0,1.0
26.81,43.76,674.19,0.43999999999999995,23.0,30.0,6.0,1.0
26.75,43.82,672.16,0.45,23.0,31.0,6.0,1.0
26.78,43.53,672.91,0.45999999999999996,23.0,32.0,6.0,1.0
26.71,43.51,674.73,0.45999999999999996,23.0,33.0,6.0,1.0
26.54,43.44,673.96,0.45999999999999996,23.0,34.0,6.0,1.0
26.52,42.99,675.39,0.47,23.0,35.0,6.0,1.0
26.46,43.67,673.04,0.47,23.0,36.0,6.0,1.0
26.59,43.68,677.29,0.48,23.0,37.0,6.0,1.0
26.59,43.8,676.21,0.48,23.0,38.0,6.0,1.0
26.67,42.83,679.68,0.48999999999999994,23.0,39.0,6.0,1.0
26.5,43.08,680.46,0.48999999999999994,23.0,40.0,6.0,1.0
26.55,43.12,682.19,0.5,23.0,41.0,6.0,1.0
26.54,43.44,680.66,0.5,23.0,42.0,6.0,1.0
26.58,43.97,681.42,0.5,23.0,43.0,6.0,1.0
26.58,44.14,684.15,0.51,23.0,44.0,6.0,1.0
26.47,45.02,685.7900000000001,0.52,23.0,45.0,6.0,1.0
26.78,43.3,671.24,0.43,23.0,27.0,6.0,1.0
26.84,43.66,673.98,0.43999999999999995,23.0,28.0,6.0,1.0
26.78,43.85,674.27,0.43999999999999995,23.0,29.0,6.0,1.0
26.81,43.76,674.19,0.43999999999999995,23.0,30.0,6.0,1.0
26.75,43.82,672.16,0.45,23.0,31.0,6.0,1.0
26.78,43.53,672.91,0.45999999999999996,23.0,32.0,6.0,1.0
26.71,43.51,674.73,0.45999999999999996,23.0,33.0,6.0,1.0
26.54,43.44,673.96,0.45999999999999996,23.0,34.0,6.0,1.0
26.52,42.99,675.39,0.47,23.0,35.0,6.0,1.0
26.46,43.67,673.04,0.47,23.0,36.0,6.0,1.0
26.59,43.68,677.29,0.48,23.0,37.0,6.0,1.0
26.59,43.8,676.21,0.48,23.0,38.0,6.0,1.0
26.67,42.83,679.68,0.48999999999999994,23.0,39.0,6.0,1.0
26.5,43.08,680.46,0.48999999999999994,23.0,40.0,6.0,1.0
26.55,43.12,682.19,0.5,23.0,41.0,6.0,1.0
26.54,43.44,680.66,0.5,23.0,42.0,6.0,1.0
26.58,43.97,681.42,0.5,23.0,43.0,6.0,1.0
26.58,44.14,684.15,0.51,23.0,44.0,6.0,1.0
26.47,45.02,685.7900000000001,0.52,23.0,45.0,6.0,1.0
26.65,44.48,685.25,0.53,23.0,46.0,6.0,1.0
26.84,43.66,673.98,0.43999999999999995,23.0,28.0,6.0,1.0
26.78,43.85,674.27,0.43999999999999995,23.0,29.0,6.0,1.0
26.81,43.76,674.19,0.43999999999999995,23.0,30.0,6.0,1.0
26.75,43.82,672.16,0.45,23.0,31.0,6.0,1.0
26.78,43.53,672.91,0.45999999999999996,23.0,32.0,6.0,1.0
26.71,43.51,674.73,0.45999999999999996,23.0,33.0,6.0,1.0
26.54,43.44,673.96,0.45999999999999996,23.0,34.0,6.0,1.0
26.52,42.99,675.39,0.47,23.0,35.0,6.0,1.0
26.46,43.67,673.04,0.47,23.0,36.0,6.0,1.0
26.59,43.68,677.29,0.48,23.0,37.0,6.0,1.0
26.59,43.8,676.21,0.48,23.0,38.0,6.0,1.0
26.67,42.83,679.68,0.48999999999999994,23.0,39.0,6.0,1.0
26.5,43.08,680.46,0.48999999999999994,23.0,40.0,6.0,1.0
26.55,43.12,682.19,0.5,23.0,41.0,6.0,1.0
26.54,43.44,680.66,0.5,23.0,42.0,6.0,1.0
26.58,43.97,681.42,0.5,23.0,43.0,6.0,1.0
26.58,44.14,684.15,0.51,23.0,44.0,6.0,1.0
26.47,45.02,685.7900000000001,0.52,23.0,45.0,6.0,1.0
26.65,44.48,685.25,0.53,23.0,46.0,6.0,1.0
26.74,43.16,693.8,0.53,23.0,47.0,6.0,1.0
26.78,43.85,674.27,0.43999999999999995,23.0,29.0,6.0,1.0
26.81,43.76,674.19,0.43999999999999995,23.0,30.0,6.0,1.0
26.75,43.82,672.16,0.45,23.0,31.0,6.0,1.0
26.78,43.53,672.91,0.45999999999999996,23.0,32.0,6.0,1.0
26.71,43.51,674.73,0.45999999999999996,23.0,33.0,6.0,1.0
26.54,43.44,673.96,0.45999999999999996,23.0,34.0,6.0,1.0
26.52,42.99,675.39,0.47,23.0,35.0,6.0,1.0
26.46,43.67,673.04,0.47,23.0,36.0,6.0,1.0
26.59,43.68,677.29,0.48,23.0,37.0,6.0,1.0
26.59,43.8,676.21,0.48,23.0,38.0,6.0,1.0
26.67,42.83,679.68,0.48999999999999994,23.0,39.0,6.0,1.0
26.5,43.08,680.46,0.48999999999999994,23.0,40.0,6.0,1.0
26.55,43.12,682.19,0.5,23.0,41.0,6.0,1.0
26.54,43.44,680.66,0.5,23.0,42.0,6.0,1.0
26.58,43.97,681.42,0.5,23.0,43.0,6.0,1.0
26.58,44.14,684.15,0.51,23.0,44.0,6.0,1.0
26.47,45.02,685.7900000000001,0.52,23.0,45.0,6.0,1.0
26.65,44.48,685.25,0.53,23.0,46.0,6.0,1.0
26.74,43.16,693.8,0.53,23.0,47.0,6.0,1.0
26.64,43.19,692.54,0.53,23.0,48.0,6.0,1.0
26.81,43.76,674.19,0.43999999999999995,23.0,30.0,6.0,1.0
26.75,43.82,672.16,0.45,23.0,31.0,6.0,1.0
26.78,43.53,672.91,0.45999999999999996,23.0,32.0,6.0,1.0
26.71,43.51,674.73,0.45999999999999996,23.0,33.0,6.0,1.0
26.54,43.44,673.96,0.45999999999999996,23.0,34.0,6.0,1.0
26.52,42.99,675.39,0.47,23.0,35.0,6.0,1.0
26.46,43.67,673.04,0.47,23.0,36.0,6.0,1.0
26.59,43.68,677.29,0.48,23.0,37.0,6.0,1.0
26.59,43.8,676.21,0.48,23.0,38.0,6.0,1.0
26.67,42.83,679.68,0.48999999999999994,23.0,39.0,6.0,1.0
26.5,43.08,680.46,0.48999999999999994,23.0,40.0,6.0,1.0
26.55,43.12,682.19,0.5,23.0,41.0,6.0,1.0
26.54,43.44,680.66,0.5,23.0,42.0,6.0,1.0
26.58,43.97,681.42,0.5,23.0,43.0,6.0,1.0
26.58,44.14,684.15,0.51,23.0,44.0,6.0,1.0
26.47,45.02,685.7900000000001,0.52,23.0,45.0,6.0,1.0
26.65,44.48,685.25,0.53,23.0,46.0,6.0,1.0
26.74,43.16,693.8,0.53,23.0,47.0,6.0,1.0
26.64,43.19,692.54,0.53,23.0,48.0,6.0,1.0
26.65,43.58,693.28,0.53,23.0,49.0,6.0,1.0
26.75,43.82,672.16,0.45,23.0,31.0,6.0,1.0
26.78,43.53,672.91,0.45999999999999996,23.0,32.0,6.0,1.0
26.71,43.51,674.73,0.45999999999999996,23.0,33.0,6.0,1.0
26.54,43.44,673.96,0.45999999999999996,23.0,34.0,6.0,1.0
26.52,42.99,675.39,0.47,23.0,35.0,6.0,1.0
26.46,43.67,673.04,0.47,23.0,36.0,6.0,1.0
26.59,43.68,677.29,0.48,23.0,37.0,6.0,1.0
26.59,43.8,676.21,0.48,23.0,38.0,6.0,1.0
26.67,42.83,679.68,0.48999999999999994,23.0,39.0,6.0,1.0
26.5,43.08,680.46,0.48999999999999994,23.0,40.0,6.0,1.0
26.55,43.12,682.19,0.5,23.0,41.0,6.0,1.0
26.54,43.44,680.66,0.5,23.0,42.0,6.0,1.0
26.58,43.97,681.42,0.5,23.0,43.0,6.0,1.0
26.58,44.14,684.15,0.51,23.0,44.0,6.0,1.0
26.47,45.02,685.7900000000001,0.52,23.0,45.0,6.0,1.0
26.65,44.48,685.25,0.53,23.0,46.0,6.0,1.0
26.74,43.16,693.8,0.53,23.0,47.0,6.0,1.0
26.64,43.19,692.54,0.53,23.0,48.0,6.0,1.0
26.65,43.58,693.28,0.53,23.0,49.0,6.0,1.0
26.57,43.89,693.26,0.53,23.0,50.0,6.0,1.0
26.78,43.53,672.91,0.45999999999999996,23.0,32.0,6.0,1.0
26.71,43.51,674.73,0.45999999999999996,23.0,33.0,6.0,1.0
26.54,43.44,673.96,0.45999999999999996,23.0,34.0,6.0,1.0
26.52,42.99,675.39,0.47,23.0,35.0,6.0,1.0
26.46,43.67,673.04,0.47,23.0,36.0,6.0,1.0
26.59,43.68,677.29,0.48,23.0,37.0,6.0,1.0
26.59,43.8,676.21,0.48,23.0,38.0,6.0,1.0
26.67,42.83,679.68,0.48999999999999994,23.0,39.0,6.0,1.0
26.5,43.08,680.46,0.48999999999999994,23.0,40.0,6.0,1.0
26.55,43.12,682.19,0.5,23.0,41.0,6.0,1.0
26.54,43.44,680.66,0.5,23.0,42.0,6.0,1.0
26.58,43.97,681.42,0.5,23.0,43.0,6.0,1.0
26.58,44.14,684.15,0.51,23.0,44.0,6.0,1.0
26.47,45.02,685.7900000000001,0.52,23.0,45.0,6.0,1.0
26.65,44.48,685.25,0.53,23.0,46.0,6.0,1.0
26.74,43.16,693.8,0.53,23.0,47.0,6.0,1.0
26.64,43.19,692.54,0.53,23.0,48.0,6.0,1.0
26.65,43.58,693.28,0.53,23.0,49.0,6.0,1.0
26.57,43.89,693.26,0.53,23.0,50.0,6.0,1.0
26.72,43.72,692.2,0.53,23.0,51.0,6.0,1.0
26.71,43.51,674.73,0.45999999999999996,23.0,33.0,6.0,1.0
26.54,43.44,673.96,0.45999999999999996,23.0,34.0,6.0,1.0
26.52,42.99,675.39,0.47,23.0,35.0,6.0,1.0
26.46,43.67,673.04,0.47,23.0,36.0,6.0,1.0
26.59,43.68,677.29,0.48,23.0,37.0,6.0,1.0
26.59,43.8,676.21,0.48,23.0,38.0,6.0,1.0
26.67,42.83,679.68,0.48999999999999994,23.0,39.0,6.0,1.0
26.5,43.08,680.46,0.48999999999999994,23.0,40.0,6.0,1.0
26.55,43.12,682.19,0.5,23.0,41.0,6.0,1.0
26.54,43.44,680.66,0.5,23.0,42.0,6.0,1.0
26.58,43.97,681.42,0.5,23.0,43.0,6.0,1.0
26.58,44.14,684.15,0.51,23.0,44.0,6.0,1.0
26.47,45.02,685.7900000000001,0.52,23.0,45.0,6.0,1.0
26.65,44.48,685.25,0.53,23.0,46.0,6.0,1.0
26.74,43.16,693.8,0.53,23.0,47.0,6.0,1.0
26.64,43.19,692.54,0.53,23.0,48.0,6.0,1.0
26.65,43.58,693.28,0.53,23.0,49.0,6.0,1.0
26.57,43.89,693.26,0.53,23.0,50.0,6.0,1.0
26.72,43.72,692.2,0.53,23.0,51.0,6.0,1.0
26.74,44.25,691.4100000000001,0.53,23.0,52.0,6.0,1.0
26.54,43.44,673.96,0.45999999999999996,23.0,34.0,6.0,1.0
26.52,42.99,675.39,0.47,23.0,35.0,6.0,1.0
26.46,43.67,673.04,0.47,23.0,36.0,6.0,1.0
26.59,43.68,677.29,0.48,23.0,37.0,6.0,1.0
26.59,43.8,676.21,0.48,23.0,38.0,6.0,1.0
26.67,42.83,679.68,0.48999999999999994,23.0,39.0,6.0,1.0
26.5,43.08,680.46,0.48999999999999994,23.0,40.0,6.0,1.0
26.55,43.12,682.19,0.5,23.0,41.0,6.0,1.0
26.54,43.44,680.66,0.5,23.0,42.0,6.0,1.0
26.58,43.97,681.42,0.5,23.0,43.0,6.0,1.0
26.58,44.14,684.15,0.51,23.0,44.0,6.0,1.0
26.47,45.02,685.7900000000001,0.52,23.0,45.0,6.0,1.0
26.65,44.48,685.25,0.53,23.0,46.0,6.0,1.0
26.74,43.16,693.8,0.53,23.0,47.0,6.0,1.0
26.64,43.19,692.54,0.53,23.0,48.0,6.0,1.0
26.65,43.58,693.28,0.53,23.0,49.0,6.0,1.0
26.57,43.89,693.26,0.53,23.0,50.0,6.0,1.0
26.72,43.72,692.2,0.53,23.0,51.0,6.0,1.0
26.74,44.25,691.4100000000001,0.53,23.0,52.0,6.0,1.0
26.75,44.45,683.44,0.53,23.0,53.0,6.0,1.0
26.52,42.99,675.39,0.47,23.0,35.0,6.0,1.0
26.46,43.67,673.04,0.47,23.0,36.0,6.0,1.0
26.59,43.68,677.29,0.48,23.0,37.0,6.0,1.0
26.59,43.8,676.21,0.48,23.0,38.0,6.0,1.0
26.67,42.83,679.68,0.48999999999999994,23.0,39.0,6.0,1.0
26.5,43.08,680.46,0.48999999999999994,23.0,40.0,6.0,1.0
26.55,43.12,682.19,0.5,23.0,41.0,6.0,1.0
26.54,43.44,680.66,0.5,23.0,42.0,6.0,1.0
26.58,43.97,681.42,0.5,23.0,43.0,6.0,1.0
26.58,44.14,684.15,0.51,23.0,44.0,6.0,1.0
26.47,45.02,685.7900000000001,0.52,23.0,45.0,6.0,1.0
26.65,44.48,685.25,0.53,23.0,46.0,6.0,1.0
26.74,43.16,693.8,0.53,23.0,47.0,6.0,1.0
26.64,43.19,692.54,0.53,23.0,48.0,6.0,1.0
26.65,43.58,693.28,0.53,23.0,49.0,6.0,1.0
26.57,43.89,693.26,0.53,23.0,50.0,6.0,1.0
26.72,43.72,692.2,0.53,23.0,51.0,6.0,1.0
26.74,44.25,691.4100000000001,0.53,23.0,52.0,6.0,1.0
26.75,44.45,683.44,0.53,23.0,53.0,6.0,1.0
26.74,44.52,682.44,0.53,23.0,54.0,6.0,1.0
26.46,43.67,673.04,0.47,23.0,36.0,6.0,1.0
26.59,43.68,677.29,0.48,23.0,37.0,6.0,1.0
26.59,43.8,676.21,0.48,23.0,38.0,6.0,1.0
26.67,42.83,679.68,0.48999999999999994,23.0,39.0,6.0,1.0
26.5,43.08,680.46,0.48999999999999994,23.0,40.0,6.0,1.0
26.55,43.12,682.19,0.5,23.0,41.0,6.0,1.0
26.54,43.44,680.66,0.5,23.0,42.0,6.0,1.0
26.58,43.97,681.42,0.5,23.0,43.0,6.0,1.0
26.58,44.14,684.15,0.51,23.0,44.0,6.0,1.0
26.47,45.02,685.7900000000001,0.52,23.0,45.0,6.0,1.0
26.65,44.48,685.25,0.53,23.0,46.0,6.0,1.0
26.74,43.16,693.8,0.53,23.0,47.0,6.0,1.0
26.64,43.19,692.54,0.53,23.0,48.0,6.0,1.0
26.65,43.58,693.28,0.53,23.0,49.0,6.0,1.0
26.57,43.89,693.26,0.53,23.0,50.0,6.0,1.0
26.72,43.72,692.2,0.53,23.0,51.0,6.0,1.0
26.74,44.25,691.4100000000001,0.53,23.0,52.0,6.0,1.0
26.75,44.45,683.44,0.53,23.0,53.0,6.0,1.0
26.74,44.52,682.44,0.53,23.0,54.0,6.0,1.0
26.85,43.21,685.09,0.52,23.0,55.0,6.0,1.0
26.59,43.68,677.29,0.48,23.0,37.0,6.0,1.0
26.59,43.8,676.21,0.48,23.0,38.0,6.0,1.0
26.67,42.83,679.68,0.48999999999999994,23.0,39.0,6.0,1.0
26.5,43.08,680.46,0.48999999999999994,23.0,40.0,6.0,1.0
26.55,43.12,682.19,0.5,23.0,41.0,6.0,1.0
26.54,43.44,680.66,0.5,23.0,42.0,6.0,1.0
26.58,43.97,681.42,0.5,23.0,43.0,6.0,1.0
26.58,44.14,684.15,0.51,23.0,44.0,6.0,1.0
26.47,45.02,685.7900000000001,0.52,23.0,45.0,6.0,1.0
26.65,44.48,685.25,0.53,23.0,46.0,6.0,1.0
26.74,43.16,693.8,0.53,23.0,47.0,6.0,1.0
26.64,43.19,692.54,0.53,23.0,48.0,6.0,1.0
26.65,43.58,693.28,0.53,23.0,49.0,6.0,1.0
26.57,43.89,693.26,0.53,23.0,50.0,6.0,1.0
26.72,43.72,692.2,0.53,23.0,51.0,6.0,1.0
26.74,44.25,691.4100000000001,0.53,23.0,52.0,6.0,1.0
26.75,44.45,683.44,0.53,23.0,53.0,6.0,1.0
26.74,44.52,682.44,0.53,23.0,54.0,6.0,1.0
26.85,43.21,685.09,0.52,23.0,55.0,6.0,1.0
26.77,43.13,685.97,0.52,23.0,56.0,6.0,1.0
26.59,43.8,676.21,0.48,23.0,38.0,6.0,1.0
26.67,42.83,679.68,0.48999999999999994,23.0,39.0,6.0,1.0
26.5,43.08,680.46,0.48999999999999994,23.0,40.0,6.0,1.0
26.55,43.12,682.19,0.5,23.0,41.0,6.0,1.0
26.54,43.44,680.66,0.5,23.0,42.0,6.0,1.0
26.58,43.97,681.42,0.5,23.0,43.0,6.0,1.0
26.58,44.14,684.15,0.51,23.0,44.0,6.0,1.0
26.47,45.02,685.7900000000001,0.52,23.0,45.0,6.0,1.0
26.65,44.48,685.25,0.53,23.0,46.0,6.0,1.0
26.74,43.16,693.8,0.53,23.0,47.0,6.0,1.0
26.64,43.19,692.54,0.53,23.0,48.0,6.0,1.0
26.65,43.58,693.28,0.53,23.0,49.0,6.0,1.0
26.57,43.89,693.26,0.53,23.0,50.0,6.0,1.0
26.72,43.72,692.2,0.53,23.0,51.0,6.0,1.0
26.74,44.25,691.4100000000001,0.53,23.0,52.0,6.0,1.0
26.75,44.45,683.44,0.53,23.0,53.0,6.0,1.0
26.74,44.52,682.44,0.53,23.0,54.0,6.0,1.0
26.85,43.21,685.09,0.52,23.0,55.0,6.0,1.0
26.77,43.13,685.97,0.52,23.0,56.0,6.0,1.0
26.79,43.39,687.54,0.52,23.0,57.0,6.0,1.0
26.67,42.83,679.68,0.48999999999999994,23.0,39.0,6.0,1.0
26.5,43.08,680.46,0.48999999999999994,23.0,40.0,6.0,1.0
26.55,43.12,682.19,0.5,23.0,41.0,6.0,1.0
26.54,43.44,680.66,0.5,23.0,42.0,6.0,1.0
26.58,43.97,681.42,0.5,23.0,43.0,6.0,1.0
26.58,44.14,684.15,0.51,23.0,44.0,6.0,1.0
26.47,45.02,685.7900000000001,0.52,23.0,45.0,6.0,1.0
26.65,44.48,685.25,0.53,23.0,46.0,6.0,1.0
26.74,43.16,693.8,0.53,23.0,47.0,6.0,1.0
26.64,43.19,692.54,0.53,23.0,48.0,6.0,1.0
26.65,43.58,693.28,0.53,23.0,49.0,6.0,1.0
26.57,43.89,693.26,0.53,23.0,50.0,6.0,1.0
26.72,43.72,692.2,0.53,23.0,51.0,6.0,1.0
26.74,44.25,691.4100000000001,0.53,23.0,52.0,6.0,1.0
26.75,44.45,683.44,0.53,23.0,53.0,6.0,1.0
26.74,44.52,682.44,0.53,23.0,54.0,6.0,1.0
26.85,43.21,685.09,0.52,23.0,55.0,6.0,1.0
26.77,43.13,685.97,0.52,23.0,56.0,6.0,1.0
26.79,43.39,687.54,0.52,23.0,57.0,6.0,1.0
26.74,43.71,689.31,0.52,23.0,58.0,6.0,1.0
26.5,43.08,680.46,0.48999999999999994,23.0,40.0,6.0,1.0
26.55,43.12,682.19,0.5,23.0,41.0,6.0,1.0
26.54,43.44,680.66,0.5,23.0,42.0,6.0,1.0
26.58,43.97,681.42,0.5,23.0,43.0,6.0,1.0
26.58,44.14,684.15,0.51,23.0,44.0,6.0,1.0
26.47,45.02,685.7900000000001,0.52,23.0,45.0,6.0,1.0
26.65,44.48,685.25,0.53,23.0,46.0,6.0,1.0
26.74,43.16,693.8,0.53,23.0,47.0,6.0,1.0
26.64,43.19,692.54,0.53,23.0,48.0,6.0,1.0
26.65,43.58,693.28,0.53,23.0,49.0,6.0,1.0
26.57,43.89,693.26,0.53,23.0,50.0,6.0,1.0
26.72,43.72,692.2,0.53,23.0,51.0,6.0,1.0
26.74,44.25,691.4100000000001,0.53,23.0,52.0,6.0,1.0
26.75,44.45,683.44,0.53,23.0,53.0,6.0,1.0
26.74,44.52,682.44,0.53,23.0,54.0,6.0,1.0
26.85,43.21,685.09,0.52,23.0,55.0,6.0,1.0
26.77,43.13,685.97,0.52,23.0,56.0,6.0,1.0
26.79,43.39,687.54,0.52,23.0,57.0,6.0,1.0
26.74,43.71,689.31,0.52,23.0,58.0,6.0,1.0
26.78,43.7,692.04,0.52,23.0,59.0,6.0,1.0
26.55,43.12,682.19,0.5,23.0,41.0,6.0,1.0
26.54,43.44,680.66,0.5,23.0,42.0,6.0,1.0
26.58,43.97,681.42,0.5,23.0,43.0,6.0,1.0
26.58,44.14,684.15,0.51,23.0,44.0,6.0,1.0
26.47,45.02,685.7900000000001,0.52,23.0,45.0,6.0,1.0
26.65,44.48,685.25,0.53,23.0,46.0,6.0,1.0
26.74,43.16,693.8,0.53,23.0,47.0,6.0,1.0
26.64,43.19,692.54,0.53,23.0,48.0,6.0,1.0
26.65,43.58,693.28,0.53,23.0,49.0,6.0,1.0
26.57,43.89,693.26,0.53,23.0,50.0,6.0,1.0
26.72,43.72,692.2,0.53,23.0,51.0,6.0,1.0
26.74,44.25,691.4100000000001,0.53,23.0,52.0,6.0,1.0
26.75,44.45,683.44,0.53,23.0,53.0,6.0,1.0
26.74,44.52,682.44,0.53,23.0,54.0,6.0,1.0
26.85,43.21,685.09,0.52,23.0,55.0,6.0,1.0
26.77,43.13,685.97,0.52,23.0,56.0,6.0,1.0
26.79,43.39,687.54,0.52,23.0,57.0,6.0,1.0
26.74,43.71,689.31,0.52,23.0,58.0,6.0,1.0
26.78,43.7,692.04,0.52,23.0,59.0,6.0,1.0
26.78,43.67,692.72,0.52,0.0,0.0,0.0,0.0
26.54,43.44,680.66,0.5,23.0,42.0,6.0,1.0
26.58,43.97,681.42,0.5,23.0,43.0,6.0,1.0
26.58,44.14,684.15,0.51,23.0,44.0,6.0,1.0
26.47,45.02,685.7900000000001,0.52,23.0,45.0,6.0,1.0
26.65,44.48,685.25,0.53,23.0,46.0,6.0,1.0
26.74,43.16,693.8,0.53,23.0,47.0,6.0,1.0
26.64,43.19,692.54,0.53,23.0,48.0,6.0,1.0
26.65,43.58,693.28,0.53,23.0,49.0,6.0,1.0
26.57,43.89,693.26,0.53,23.0,50.0,6.0,1.0
26.72,43.72,692.2,0.53,23.0,51.0,6.0,1.0
26.74,44.25,691.4100000000001,0.53,23.0,52.0,6.0,1.0
26.75,44.45,683.44,0.53,23.0,53.0,6.0,1.0
26.74,44.52,682.44,0.53,23.0,54.0,6.0,1.0
26.85,43.21,685.09,0.52,23.0,55.0,6.0,1.0
26.77,43.13,685.97,0.52,23.0,56.0,6.0,1.0
26.79,43.39,687.54,0.52,23.0,57.0,6.0,1.0
26.74,43.71,689.31,0.52,23.0,58.0,6.0,1.0
26.78,43.7,692.04,0.52,23.0,59.0,6.0,1.0
26.78,43.67,692.72,0.52,0.0,0.0,0.0,0.0
26.71,43.58,690.27,0.52,0.0,1.0,0.0,0.0
26.58,43.97,681.42,0.5,23.0,43.0,6.0,1.0
26.58,44.14,684.15,0.51,23.0,44.0,6.0,1.0
26.47,45.02,685.7900000000001,0.52,23.0,45.0,6.0,1.0
26.65,44.48,685.25,0.53,23.0,46.0,6.0,1.0
26.74,43.16,693.8,0.53,23.0,47.0,6.0,1.0
26.64,43.19,692.54,0.53,23.0,48.0,6.0,1.0
26.65,43.58,693.28,0.53,23.0,49.0,6.0,1.0
26.57,43.89,693.26,0.53,23.0,50.0,6.0,1.0
26.72,43.72,692.2,0.53,23.0,51.0,6.0,1.0
26.74,44.25,691.4100000000001,0.53,23.0,52.0,6.0,1.0
26.75,44.45,683.44,0.53,23.0,53.0,6.0,1.0
26.74,44.52,682.44,0.53,23.0,54.0,6.0,1.0
26.85,43.21,685.09,0.52,23.0,55.0,6.0,1.0
26.77,43.13,685.97,0.52,23.0,56.0,6.0,1.0
26.79,43.39,687.54,0.52,23.0,57.0,6.0,1.0
26.74,43.71,689.31,0.52,23.0,58.0,6.0,1.0
26.78,43.7,692.04,0.52,23.0,59.0,6.0,1.0
26.78,43.67,692.72,0.52,0.0,0.0,0.0,0.0
26.71,43.58,690.27,0.52,0.0,1.0,0.0,0.0
26.75,43.55,687.12,0.52,0.0,2.0,0.0,0.0
26.58,44.14,684.15,0.51,23.0,44.0,6.0,1.0
26.47,45.02,685.7900000000001,0.52,23.0,45.0,6.0,1.0
26.65,44.48,685.25,0.53,23.0,46.0,6.0,1.0
26.74,43.16,693.8,0.53,23.0,47.0,6.0,1.0
26.64,43.19,692.54,0.53,23.0,48.0,6.0,1.0
26.65,43.58,693.28,0.53,23.0,49.0,6.0,1.0
26.57,43.89,693.26,0.53,23.0,50.0,6.0,1.0
26.72,43.72,692.2,0.53,23.0,51.0,6.0,1.0
26.74,44.25,691.4100000000001,0.53,23.0,52.0,6.0,1.0
26.75,44.45,683.44,0.53,23.0,53.0,6.0,1.0
26.74,44.52,682.44,0.53,23.0,54.0,6.0,1.0
26.85,43.21,685.09,0.52,23.0,55.0,6.0,1.0
26.77,43.13,685.97,0.52,23.0,56.0,6.0,1.0
26.79,43.39,687.54,0.52,23.0,57.0,6.0,1.0
26.74,43.71,689.31,0.52,23.0,58.0,6.0,1.0
26.78,43.7,692.04,0.52,23.0,59.0,6.0,1.0
26.78,43.67,692.72,0.52,0.0,0.0,0.0,0.0
26.71,43.58,690.27,0.52,0.0,1.0,0.0,0.0
26.75,43.55,687.12,0.52,0.0,2.0,0.0,0.0
26.59,43.9,688.37,0.52,0.0,3.0,0.0,0.0
26.47,45.02,685.7900000000001,0.52,23.0,45.0,6.0,1.0
26.65,44.48,685.25,0.53,23.0,46.0,6.0,1.0
26.74,43.16,693.8,0.53,23.0,47.0,6.0,1.0
26.64,43.19,692.54,0.53,23.0,48.0,6.0,1.0
26.65,43.58,693.28,0.53,23.0,49.0,6.0,1.0
26.57,43.89,693.26,0.53,23.0,50.0,6.0,1.0
26.72,43.72,692.2,0.53,23.0,51.0,6.0,1.0
26.74,44.25,691.4100000000001,0.53,23.0,52.0,6.0,1.0
26.75,44.45,683.44,0.53,23.0,53.0,6.0,1.0
26.74,44.52,682.44,0.53,23.0,54.0,6.0,1.0
26.85,43.21,685.09,0.52,23.0,55.0,6.0,1.0
26.77,43.13,685.97,0.52,23.0,56.0,6.0,1.0
26.79,43.39,687.54,0.52,23.0,57.0,6.0,1.0
26.74,43.71,689.31,0.52,23.0,58.0,6.0,1.0
26.78,43.7,692.04,0.52,23.0,59.0,6.0,1.0
26.78,43.67,692.72,0.52,0.0,0.0,0.0,0.0
26.71,43.58,690.27,0.52,0.0,1.0,0.0,0.0
26.75,43.55,687.12,0.52,0.0,2.0,0.0,0.0
26.59,43.9,688.37,0.52,0.0,3.0,0.0,0.0
26.75,43.82,690.03,0.52,0.0,4.0,0.0,0.0
26.65,44.48,685.25,0.53,23.0,46.0,6.0,1.0
26.74,43.16,693.8,0.53,23.0,47.0,6.0,1.0
26.64,43.19,692.54,0.53,23.0,48.0,6.0,1.0
26.65,43.58,693.28,0.53,23.0,49.0,6.0,1.0
26.57,43.89,693.26,0.53,23.0,50.0,6.0,1.0
26.72,43.72,692.2,0.53,23.0,51.0,6.0,1.0
26.74,44.25,691.4100000000001,0.53,23.0,52.0,6.0,1.0
26.75,44.45,683.44,0.53,23.0,53.0,6.0,1.0
26.74,44.52,682.44,0.53,23.0,54.0,6.0,1.0
26.85,43.21,685.09,0.52,23.0,55.0,6.0,1.0
26.77,43.13,685.97,0.52,23.0,56.0,6.0,1.0
26.79,43.39,687.54,0.52,23.0,57.0,6.0,1.0
26.74,43.71,689.31,0.52,23.0,58.0,6.0,1.0
26.78,43.7,692.04,0.52,23.0,59.0,6.0,1.0
26.78,43.67,692.72,0.52,0.0,0.0,0.0,0.0
26.71,43.58,690.27,0.52,0.0,1.0,0.0,0.0
26.75,43.55,687.12,0.52,0.0,2.0,0.0,0.0
26.59,43.9,688.37,0.52,0.0,3.0,0.0,0.0
26.75,43.82,690.03,0.52,0.0,4.0,0.0,0.0
26.72,44.17,689.75,0.52,0.0,5.0,0.0,0.0
26.74,43.16,693.8,0.53,23.0,47.0,6.0,1.0
26.64,43.19,692.54,0.53,23.0,48.0,6.0,1.0
26.65,43.58,693.28,0.53,23.0,49.0,6.0,1.0
26.57,43.89,693.26,0.53,23.0,50.0,6.0,1.0
26.72,43.72,692.2,0.53,23.0,51.0,6.0,1.0
26.74,44.25,691.4100000000001,0.53,23.0,52.0,6.0,1.0
26.75,44.45,683.44,0.53,23.0,53.0,6.0,1.0
26.74,44.52,682.44,0.53,23.0,54.0,6.0,1.0
26.85,43.21,685.09,0.52,23.0,55.0,6.0,1.0
26.77,43.13,685.97,0.52,23.0,56.0,6.0,1.0
26.79,43.39,687.54,0.52,23.0,57.0,6.0,1.0
26.74,43.71,689.31,0.52,23.0,58.0,6.0,1.0
26.78,43.7,692.04,0.52,23.0,59.0,6.0,1.0
26.78,43.67,692.72,0.52,0.0,0.0,0.0,0.0
26.71,43.58,690.27,0.52,0.0,1.0,0.0,0.0
26.75,43.55,687.12,0.52,0.0,2.0,0.0,0.0
26.59,43.9,688.37,0.52,0.0,3.0,0.0,0.0
26.75,43.82,690.03,0.52,0.0,4.0,0.0,0.0
26.72,44.17,689.75,0.52,0.0,5.0,0.0,0.0
26.71,44.45,688.08,0.52,0.0,6.0,0.0,0.0
26.64,43.19,692.54,0.53,23.0,48.0,6.0,1.0
26.65,43.58,693.28,0.53,23.0,49.0,6.0,1.0
26.57,43.89,693.26,0.53,23.0,50.0,6.0,1.0
26.72,43.72,692.2,0.53,23.0,51.0,6.0,1.0
26.74,44.25,691.4100000000001,0.53,23.0,52.0,6.0,1.0
26.75,44.45,683.44,0.53,23.0,53.0,6.0,1.0
26.74,44.52,682.44,0.53,23.0,54.0,6.0,1.0
26.85,43.21,685.09,0.52,23.0,55.0,6.0,1.0
26.77,43.13,685.97,0.52,23.0,56.0,6.0,1.0
26.79,43.39,687.54,0.52,23.0,57.0,6.0,1.0
26.74,43.71,689.31,0.52,23.0,58.0,6.0,1.0
26.78,43.7,692.04,0.52,23.0,59.0,6.0,1.0
26.78,43.67,692.72,0.52,0.0,0.0,0.0,0.0
26.71,43.58,690.27,0.52,0.0,1.0,0.0,0.0
26.75,43.55,687.12,0.52,0.0,2.0,0.0,0.0
26.59,43.9,688.37,0.52,0.0,3.0,0.0,0.0
26.75,43.82,690.03,0.52,0.0,4.0,0.0,0.0
26.72,44.17,689.75,0.52,0.0,5.0,0.0,0.0
26.71,44.45,688.08,0.52,0.0,6.0,0.0,0.0
26.79,44.06,684.59,0.52,0.0,7.0,0.0,0.0
26.65,43.58,693.28,0.53,23.0,49.0,6.0,1.0
26.57,43.89,693.26,0.53,23.0,50.0,6.0,1.0
26.72,43.72,692.2,0.53,23.0,51.0,6.0,1.0
26.74,44.25,691.4100000000001,0.53,23.0,52.0,6.0,1.0
26.75,44.45,683.44,0.53,23.0,53.0,6.0,1.0
26.74,44.52,682.44,0.53,23.0,54.0,6.0,1.0
26.85,43.21,685.09,0.52,23.0,55.0,6.0,1.0
26.77,43.13,685.97,0.52,23.0,56.0,6.0,1.0
26.79,43.39,687.54,0.52,23.0,57.0,6.0,1.0
26.74,43.71,689.31,0.52,23.0,58.0,6.0,1.0
26.78,43.7,692.04,0.52,23.0,59.0,6.0,1.0
26.78,43.67,692.72,0.52,0.0,0.0,0.0,0.0
26.71,43.58,690.27,0.52,0.0,1.0,0.0,0.0
26.75,43.55,687.12,0.52,0.0,2.0,0.0,0.0
26.59,43.9,688.37,0.52,0.0,3.0,0.0,0.0
26.75,43.82,690.03,0.52,0.0,4.0,0.0,0.0
26.72,44.17,689.75,0.52,0.0,5.0,0.0,0.0
26.71,44.45,688.08,0.52,0.0,6.0,0.0,0.0
26.79,44.06,684.59,0.52,0.0,7.0,0.0,0.0
26.88,43.07,688.26,0.52,0.0,8.0,0.0,0.0
26.57,43.89,693.26,0.53,23.0,50.0,6.0,1.0
26.72,43.72,692.2,0.53,23.0,51.0,6.0,1.0
26.74,44.25,691.4100000000001,0.53,23.0,52.0,6.0,1.0
26.75,44.45,683.44,0.53,23.0,53.0,6.0,1.0
26.74,44.52,682.44,0.53,23.0,54.0,6.0,1.0
26.85,43.21,685.09,0.52,23.0,55.0,6.0,1.0
26.77,43.13,685.97,0.52,23.0,56.0,6.0,1.0
26.79,43.39,687.54,0.52,23.0,57.0,6.0,1.0
26.74,43.71,689.31,0.52,23.0,58.0,6.0,1.0
26.78,43.7,692.04,0.52,23.0,59.0,6.0,1.0
26.78,43.67,692.72,0.52,0.0,0.0,0.0,0.0
26.71,43.58,690.27,0.52,0.0,1.0,0.0,0.0
26.75,43.55,687.12,0.52,0.0,2.0,0.0,0.0
26.59,43.9,688.37,0.52,0.0,3.0,0.0,0.0
26.75,43.82,690.03,0.52,0.0,4.0,0.0,0.0
26.72,44.17,689.75,0.52,0.0,5.0,0.0,0.0
26.71,44.45,688.08,0.52,0.0,6.0,0.0,0.0
26.79,44.06,684.59,0.52,0.0,7.0,0.0,0.0
26.88,43.07,688.26,0.52,0.0,8.0,0.0,0.0
26.72,43.09,687.78,0.52,0.0,9.0,0.0,0.0
26.72,43.72,692.2,0.53,23.0,51.0,6.0,1.0
26.74,44.25,691.4100000000001,0.53,23.0,52.0,6.0,1.0
26.75,44.45,683.44,0.53,23.0,53.0,6.0,1.0
26.74,44.52,682.44,0.53,23.0,54.0,6.0,1.0
26.85,43.21,685.09,0.52,23.0,55.0,6.0,1.0
26.77,43.13,685.97,0.52,23.0,56.0,6.0,1.0
26.79,43.39,687.54,0.52,23.0,57.0,6.0,1.0
26.74,43.71,689.31,0.52,23.0,58.0,6.0,1.0
26.78,43.7,692.04,0.52,23.0,59.0,6.0,1.0
26.78,43.67,692.72,0.52,0.0,0.0,0.0,0.0
26.71,43.58,690.27,0.52,0.0,1.0,0.0,0.0
26.75,43.55,687.12,0.52,0.0,2.0,0.0,0.0
26.59,43.9,688.37,0.52,0.0,3.0,0.0,0.0
26.75,43.82,690.03,0.52,0.0,4.0,0.0,0.0
26.72,44.17,689.75,0.52,0.0,5.0,0.0,0.0
26.71,44.45,688.08,0.52,0.0,6.0,0.0,0.0
26.79,44.06,684.59,0.52,0.0,7.0,0.0,0.0
26.88,43.07,688.26,0.52,0.0,8.0,0.0,0.0
26.72,43.09,687.78,0.52,0.0,9.0,0.0,0.0
26.7,43.68,689.61,0.52,0.0,10.0,0.0,0.0
26.74,44.25,691.4100000000001,0.53,23.0,52.0,6.0,1.0
26.75,44.45,683.44,0.53,23.0,53.0,6.0,1.0
26.74,44.52,682.44,0.53,23.0,54.0,6.0,1.0
26.85,43.21,685.09,0.52,23.0,55.0,6.0,1.0
26.77,43.13,685.97,0.52,23.0,56.0,6.0,1.0
26.79,43.39,687.54,0.52,23.0,57.0,6.0,1.0
26.74,43.71,689.31,0.52,23.0,58.0,6.0,1.0
26.78,43.7,692.04,0.52,23.0,59.0,6.0,1.0
26.78,43.67,692.72,0.52,0.0,0.0,0.0,0.0
26.71,43.58,690.27,0.52,0.0,1.0,0.0,0.0
26.75,43.55,687.12,0.52,0.0,2.0,0.0,0.0
26.59,43.9,688.37,0.52,0.0,3.0,0.0,0.0
26.75,43.82,690.03,0.52,0.0,4.0,0.0,0.0
26.72,44.17,689.75,0.52,0.0,5.0,0.0,0.0
26.71,44.45,688.08,0.52,0.0,6.0,0.0,0.0
26.79,44.06,684.59,0.52,0.0,7.0,0.0,0.0
26.88,43.07,688.26,0.52,0.0,8.0,0.0,0.0
26.72,43.09,687.78,0.52,0.0,9.0,0.0,0.0
26.7,43.68,689.61,0.52,0.0,10.0,0.0,0.0
26.74,43.8,687.24,0.52,0.0,11.0,0.0,0.0
26.75,44.45,683.44,0.53,23.0,53.0,6.0,1.0
26.74,44.52,682.44,0.53,23.0,54.0,6.0,1.0
26.85,43.21,685.09,0.52,23.0,55.0,6.0,1.0
26.77,43.13,685.97,0.52,23.0,56.0,6.0,1.0
26.79,43.39,687.54,0.52,23.0,57.0,6.0,1.0
26.74,43.71,689.31,0.52,23.0,58.0,6.0,1.0
26.78,43.7,692.04,0.52,23.0,59.0,6.0,1.0
26.78,43.67,692.72,0.52,0.0,0.0,0.0,0.0
26.71,43.58,690.27,0.52,0.0,1.0,0.0,0.0
26.75,43.55,687.12,0.52,0.0,2.0,0.0,0.0
26.59,43.9,688.37,0.52,0.0,3.0,0.0,0.0
26.75,43.82,690.03,0.52,0.0,4.0,0.0,0.0
26.72,44.17,689.75,0.52,0.0,5.0,0.0,0.0
26.71,44.45,688.08,0.52,0.0,6.0,0.0,0.0
26.79,44.06,684.59,0.52,0.0,7.0,0.0,0.0
26.88,43.07,688.26,0.52,0.0,8.0,0.0,0.0
26.72,43.09,687.78,0.52,0.0,9.0,0.0,0.0
26.7,43.68,689.61,0.52,0.0,10.0,0.0,0.0
26.74,43.8,687.24,0.52,0.0,11.0,0.0,0.0
26.74,43.83,688.05,0.52,0.0,12.0,0.0,0.0
26.74,44.52,682.44,0.53,23.0,54.0,6.0,1.0
26.85,43.21,685.09,0.52,23.0,55.0,6.0,1.0
26.77,43.13,685.97,0.52,23.0,56.0,6.0,1.0
26.79,43.39,687.54,0.52,23.0,57.0,6.0,1.0
26.74,43.71,689.31,0.52,23.0,58.0,6.0,1.0
26.78,43.7,692.04,0.52,23.0,59.0,6.0,1.0
26.78,43.67,692.72,0.52,0.0,0.0,0.0,0.0
26.71,43.58,690.27,0.52,0.0,1.0,0.0,0.0
26.75,43.55,687.12,0.52,0.0,2.0,0.0,0.0
26.59,43.9,688.37,0.52,0.0,3.0,0.0,0.0
26.75,43.82,690.03,0.52,0.0,4.0,0.0,0.0
26.72,44.17,689.75,0.52,0.0,5.0,0.0,0.0
26.71,44.45,688.08,0.52,0.0,6.0,0.0,0.0
26.79,44.06,684.59,0.52,0.0,7.0,0.0,0.0
26.88,43.07,688.26,0.52,0.0,8.0,0.0,0.0
26.72,43.09,687.78,0.52,0.0,9.0,0.0,0.0
26.7,43.68,689.61,0.52,0.0,10.0,0.0,0.0
26.74,43.8,687.24,0.52,0.0,11.0,0.0,0.0
26.74,43.83,688.05,0.52,0.0,12.0,0.0,0.0
26.72,43.89,688.17,0.52,0.0,13.0,0.0,0.0
26.85,43.21,685.09,0.52,23.0,55.0,6.0,1.0
26.77,43.13,685.97,0.52,23.0,56.0,6.0,1.0
26.79,43.39,687.54,0.52,23.0,57.0,6.0,1.0
26.74,43.71,689.31,0.52,23.0,58.0,6.0,1.0
26.78,43.7,692.04,0.52,23.0,59.0,6.0,1.0
26.78,43.67,692.72,0.52,0.0,0.0,0.0,0.0
26.71,43.58,690.27,0.52,0.0,1.0,0.0,0.0
26.75,43.55,687.12,0.52,0.0,2.0,0.0,0.0
26.59,43.9,688.37,0.52,0.0,3.0,0.0,0.0
26.75,43.82,690.03,0.52,0.0,4.0,0.0,0.0
26.72,44.17,689.75,0.52,0.0,5.0,0.0,0.0
26.71,44.45,688.08,0.52,0.0,6.0,0.0,0.0
26.79,44.06,684.59,0.52,0.0,7.0,0.0,0.0
26.88,43.07,688.26,0.52,0.0,8.0,0.0,0.0
26.72,43.09,687.78,0.52,0.0,9.0,0.0,0.0
26.7,43.68,689.61,0.52,0.0,10.0,0.0,0.0
26.74,43.8,687.24,0.52,0.0,11.0,0.0,0.0
26.74,43.83,688.05,0.52,0.0,12.0,0.0,0.0
26.72,43.89,688.17,0.52,0.0,13.0,0.0,0.0
26.74,43.56,688.8,0.52,0.0,14.0,0.0,0.0
26.77,43.13,685.97,0.52,23.0,56.0,6.0,1.0
26.79,43.39,687.54,0.52,23.0,57.0,6.0,1.0
26.74,43.71,689.31,0.52,23.0,58.0,6.0,1.0
26.78,43.7,692.04,0.52,23.0,59.0,6.0,1.0
26.78,43.67,692.72,0.52,0.0,0.0,0.0,0.0
26.71,43.58,690.27,0.52,0.0,1.0,0.0,0.0
26.75,43.55,687.12,0.52,0.0,2.0,0.0,0.0
26.59,43.9,688.37,0.52,0.0,3.0,0.0,0.0
26.75,43.82,690.03,0.52,0.0,4.0,0.0,0.0
26.72,44.17,689.75,0.52,0.0,5.0,0.0,0.0
26.71,44.45,688.08,0.52,0.0,6.0,0.0,0.0
26.79,44.06,684.59,0.52,0.0,7.0,0.0,0.0
26.88,43.07,688.26,0.52,0.0,8.0,0.0,0.0
26.72,43.09,687.78,0.52,0.0,9.0,0.0,0.0
26.7,43.68,689.61,0.52,0.0,10.0,0.0,0.0
26.74,43.8,687.24,0.52,0.0,11.0,0.0,0.0
26.74,43.83,688.05,0.52,0.0,12.0,0.0,0.0
26.72,43.89,688.17,0.52,0.0,13.0,0.0,0.0
26.74,43.56,688.8,0.52,0.0,14.0,0.0,0.0
26.59,43.93,686.89,0.52,0.0,15.0,0.0,0.0
26.79,43.39,687.54,0.52,23.0,57.0,6.0,1.0
26.74,43.71,689.31,0.52,23.0,58.0,6.0,1.0
26.78,43.7,692.04,0.52,23.0,59.0,6.0,1.0
26.78,43.67,692.72,0.52,0.0,0.0,0.0,0.0
26.71,43.58,690.27,0.52,0.0,1.0,0.0,0.0
26.75,43.55,687.12,0.52,0.0,2.0,0.0,0.0
26.59,43.9,688.37,0.52,0.0,3.0,0.0,0.0
26.75,43.82,690.03,0.52,0.0,4.0,0.0,0.0
26.72,44.17,689.75,0.52,0.0,5.0,0.0,0.0
26.71,44.45,688.08,0.52,0.0,6.0,0.0,0.0
26.79,44.06,684.59,0.52,0.0,7.0,0.0,0.0
26.88,43.07,688.26,0.52,0.0,8.0,0.0,0.0
26.72,43.09,687.78,0.52,0.0,9.0,0.0,0.0
26.7,43.68,689.61,0.52,0.0,10.0,0.0,0.0
26.74,43.8,687.24,0.52,0.0,11.0,0.0,0.0
26.74,43.83,688.05,0.52,0.0,12.0,0.0,0.0
26.72,43.89,688.17,0.52,0.0,13.0,0.0,0.0
26.74,43.56,688.8,0.52,0.0,14.0,0.0,0.0
26.59,43.93,686.89,0.52,0.0,15.0,0.0,0.0
26.54,44.11,684.24,0.52,0.0,16.0,0.0,0.0
26.74,43.71,689.31,0.52,23.0,58.0,6.0,1.0
26.78,43.7,692.04,0.52,23.0,59.0,6.0,1.0
26.78,43.67,692.72,0.52,0.0,0.0,0.0,0.0
26.71,43.58,690.27,0.52,0.0,1.0,0.0,0.0
26.75,43.55,687.12,0.52,0.0,2.0,0.0,0.0
26.59,43.9,688.37,0.52,0.0,3.0,0.0,0.0
26.75,43.82,690.03,0.52,0.0,4.0,0.0,0.0
26.72,44.17,689.75,0.52,0.0,5.0,0.0,0.0
26.71,44.45,688.08,0.52,0.0,6.0,0.0,0.0
26.79,44.06,684.59,0.52,0.0,7.0,0.0,0.0
26.88,43.07,688.26,0.52,0.0,8.0,0.0,0.0
26.72,43.09,687.78,0.52,0.0,9.0,0.0,0.0
26.7,43.68,689.61,0.52,0.0,10.0,0.0,0.0
26.74,43.8,687.24,0.52,0.0,11.0,0.0,0.0
26.74,43.83,688.05,0.52,0.0,12.0,0.0,0.0
26.72,43.89,688.17,0.52,0.0,13.0,0.0,0.0
26.74,43.56,688.8,0.52,0.0,14.0,0.0,0.0
26.59,43.93,686.89,0.52,0.0,15.0,0.0,0.0
26.54,44.11,684.24,0.52,0.0,16.0,0.0,0.0
26.59,44.23,684.41,0.51,0.0,17.0,0.0,0.0
26.78,43.7,692.04,0.52,23.0,59.0,6.0,1.0
26.78,43.67,692.72,0.52,0.0,0.0,0.0,0.0
26.71,43.58,690.27,0.52,0.0,1.0,0.0,0.0
26.75,43.55,687.12,0.52,0.0,2.0,0.0,0.0
26.59,43.9,688.37,0.52,0.0,3.0,0.0,0.0
26.75,43.82,690.03,0.52,0.0,4.0,0.0,0.0
26.72,44.17,689.75,0.52,0.0,5.0,0.0,0.0
26.71,44.45,688.08,0.52,0.0,6.0,0.0,0.0
26.79,44.06,684.59,0.52,0.0,7.0,0.0,0.0
26.88,43.07,688.26,0.52,0.0,8.0,0.0,0.0
26.72,43.09,687.78,0.52,0.0,9.0,0.0,0.0
26.7,43.68,689.61,0.52,0.0,10.0,0.0,0.0
26.74,43.8,687.24,0.52,0.0,11.0,0.0,0.0
26.74,43.83,688.05,0.52,0.0,12.0,0.0,0.0
26.72,43.89,688.17,0.52,0.0,13.0,0.0,0.0
26.74,43.56,688.8,0.52,0.0,14.0,0.0,0.0
26.59,43.93,686.89,0.52,0.0,15.0,0.0,0.0
26.54,44.11,684.24,0.52,0.0,16.0,0.0,0.0
26.59,44.23,684.41,0.51,0.0,17.0,0.0,0.0
26.68,44.39,684.19,0.51,0.0,18.0,0.0,0.0
26.78,43.67,692.72,0.52,0.0,0.0,0.0,0.0
26.71,43.58,690.27,0.52,0.0,1.0,0.0,0.0
26.75,43.55,687.12,0.52,0.0,2.0,0.0,0.0
26.59,43.9,688.37,0.52,0.0,3.0,0.0,0.0
26.75,43.82,690.03,0.52,0.0,4.0,0.0,0.0
26.72,44.17,689.75,0.52,0.0,5.0,0.0,0.0
26.71,44.45,688.08,0.52,0.0,6.0,0.0,0.0
26.79,44.06,684.59,0.52,0.0,7.0,0.0,0.0
26.88,43.07,688.26,0.52,0.0,8.0,0.0,0.0
26.72,43.09,687.78,0.52,0.0,9.0,0.0,0.0
26.7,43.68,689.61,0.52,0.0,10.0,0.0,0.0
26.74,43.8,687.24,0.52,0.0,11.0,0.0,0.0
26.74,43.83,688.05,0.52,0.0,12.0,0.0,0.0
26.72,43.89,688.17,0.52,0.0,13.0,0.0,0.0
26.74,43.56,688.8,0.52,0.0,14.0,0.0,0.0
26.59,43.93,686.89,0.52,0.0,15.0,0.0,0.0
26.54,44.11,684.24,0.52,0.0,16.0,0.0,0.0
26.59,44.23,684.41,0.51,0.0,17.0,0.0,0.0
26.68,44.39,684.19,0.51,0.0,18.0,0.0,0.0
26.75,44.31,681.17,0.51,0.0,19.0,0.0,0.0
26.71,43.58,690.27,0.52,0.0,1.0,0.0,0.0
26.75,43.55,687.12,0.52,0.0,2.0,0.0,0.0
26.59,43.9,688.37,0.52,0.0,3.0,0.0,0.0
26.75,43.82,690.03,0.52,0.0,4.0,0.0,0.0
26.72,44.17,689.75,0.52,0.0,5.0,0.0,0.0
26.71,44.45,688.08,0.52,0.0,6.0,0.0,0.0
26.79,44.06,684.59,0.52,0.0,7.0,0.0,0.0
26.88,43.07,688.26,0.52,0.0,8.0,0.0,0.0
26.72,43.09,687.78,0.52,0.0,9.0,0.0,0.0
26.7,43.68,689.61,0.52,0.0,10.0,0.0,0.0
26.74,43.8,687.24,0.52,0.0,11.0,0.0,0.0
26.74,43.83,688.05,0.52,0.0,12.0,0.0,0.0
26.72,43.89,688.17,0.52,0.0,13.0,0.0,0.0
26.74,43.56,688.8,0.52,0.0,14.0,0.0,0.0
26.59,43.93,686.89,0.52,0.0,15.0,0.0,0.0
26.54,44.11,684.24,0.52,0.0,16.0,0.0,0.0
26.59,44.23,684.41,0.51,0.0,17.0,0.0,0.0
26.68,44.39,684.19,0.51,0.0,18.0,0.0,0.0
26.75,44.31,681.17,0.51,0.0,19.0,0.0,0.0
26.82,43.88,681.81,0.51,0.0,20.0,0.0,0.0
26.75,43.55,687.12,0.52,0.0,2.0,0.0,0.0
26.59,43.9,688.37,0.52,0.0,3.0,0.0,0.0
26.75,43.82,690.03,0.52,0.0,4.0,0.0,0.0
26.72,44.17,689.75,0.52,0.0,5.0,0.0,0.0
26.71,44.45,688.08,0.52,0.0,6.0,0.0,0.0
26.79,44.06,684.59,0.52,0.0,7.0,0.0,0.0
26.88,43.07,688.26,0.52,0.0,8.0,0.0,0.0
26.72,43.09,687.78,0.52,0.0,9.0,0.0,0.0
26.7,43.68,689.61,0.52,0.0,10.0,0.0,0.0
26.74,43.8,687.24,0.52,0.0,11.0,0.0,0.0
26.74,43.83,688.05,0.52,0.0,12.0,0.0,0.0
26.72,43.89,688.17,0.52,0.0,13.0,0.0,0.0
26.74,43.56,688.8,0.52,0.0,14.0,0.0,0.0
26.59,43.93,686.89,0.52,0.0,15.0,0.0,0.0
26.54,44.11,684.24,0.52,0.0,16.0,0.0,0.0
26.59,44.23,684.41,0.51,0.0,17.0,0.0,0.0
26.68,44.39,684.19,0.51,0.0,18.0,0.0,0.0
26.75,44.31,681.17,0.51,0.0,19.0,0.0,0.0
26.82,43.88,681.81,0.51,0.0,20.0,0.0,0.0
26.85,42.95,685.47,0.53,0.0,21.0,0.0,0.0
26.59,43.9,688.37,0.52,0.0,3.0,0.0,0.0
26.75,43.82,690.03,0.52,0.0,4.0,0.0,0.0
26.72,44.17,689.75,0.52,0.0,5.0,0.0,0.0
26.71,44.45,688.08,0.52,0.0,6.0,0.0,0.0
26.79,44.06,684.59,0.52,0.0,7.0,0.0,0.0
26.88,43.07,688.26,0.52,0.0,8.0,0.0,0.0
26.72,43.09,687.78,0.52,0.0,9.0,0.0,0.0
26.7,43.68,689.61,0.52,0.0,10.0,0.0,0.0
26.74,43.8,687.24,0.52,0.0,11.0,0.0,0.0
26.74,43.83,688.05,0.52,0.0,12.0,0.0,0.0
26.72,43.89,688.17,0.52,0.0,13.0,0.0,0.0
26.74,43.56,688.8,0.52,0.0,14.0,0.0,0.0
26.59,43.93,686.89,0.52,0.0,15.0,0.0,0.0
26.54,44.11,684.24,0.52,0.0,16.0,0.0,0.0
26.59,44.23,684.41,0.51,0.0,17.0,0.0,0.0
26.68,44.39,684.19,0.51,0.0,18.0,0.0,0.0
26.75,44.31,681.17,0.51,0.0,19.0,0.0,0.0
26.82,43.88,681.81,0.51,0.0,20.0,0.0,0.0
26.85,42.95,685.47,0.53,0.0,21.0,0.0,0.0
26.82,42.98,686.01,0.53,0.0,21.0,0.0,0.0
26.75,43.82,690.03,0.52,0.0,4.0,0.0,0.0
26.72,44.17,689.75,0.52,0.0,5.0,0.0,0.0
26.71,44.45,688.08,0.52,0.0,6.0,0.0,0.0
26.79,44.06,684.59,0.52,0.0,7.0,0.0,0.0
26.88,43.07,688.26,0.52,0.0,8.0,0.0,0.0
26.72,43.09,687.78,0.52,0.0,9.0,0.0,0.0
26.7,43.68,689.61,0.52,0.0,10.0,0.0,0.0
26.74,43.8,687.24,0.52,0.0,11.0,0.0,0.0
26.74,43.83,688.05,0.52,0.0,12.0,0.0,0.0
26.72,43.89,688.17,0.52,0.0,13.0,0.0,0.0
26.74,43.56,688.8,0.52,0.0,14.0,0.0,0.0
26.59,43.93,686.89,0.52,0.0,15.0,0.0,0.0
26.54,44.11,684.24,0.52,0.0,16.0,0.0,0.0
26.59,44.23,684.41,0.51,0.0,17.0,0.0,0.0
26.68,44.39,684.19,0.51,0.0,18.0,0.0,0.0
26.75,44.31,681.17,0.51,0.0,19.0,0.0,0.0
26.82,43.88,681.81,0.51,0.0,20.0,0.0,0.0
26.85,42.95,685.47,0.53,0.0,21.0,0.0,0.0
26.82,42.98,686.01,0.53,0.0,21.0,0.0,0.0
26.84,43.46,683.06,0.53,0.0,22.0,0.0,0.0
26.72,44.17,689.75,0.52,0.0,5.0,0.0,0.0
26.71,44.45,688.08,0.52,0.0,6.0,0.0,0.0
26.79,44.06,684.59,0.52,0.0,7.0,0.0,0.0
26.88,43.07,688.26,0.52,0.0,8.0,0.0,0.0
26.72,43.09,687.78,0.52,0.0,9.0,0.0,0.0
26.7,43.68,689.61,0.52,0.0,10.0,0.0,0.0
26.74,43.8,687.24,0.52,0.0,11.0,0.0,0.0
26.74,43.83,688.05,0.52,0.0,12.0,0.0,0.0
26.72,43.89,688.17,0.52,0.0,13.0,0.0,0.0
26.74,43.56,688.8,0.52,0.0,14.0,0.0,0.0
26.59,43.93,686.89,0.52,0.0,15.0,0.0,0.0
26.54,44.11,684.24,0.52,0.0,16.0,0.0,0.0
26.59,44.23,684.41,0.51,0.0,17.0,0.0,0.0
26.68,44.39,684.19,0.51,0.0,18.0,0.0,0.0
26.75,44.31,681.17,0.51,0.0,19.0,0.0,0.0
26.82,43.88,681.81,0.51,0.0,20.0,0.0,0.0
26.85,42.95,685.47,0.53,0.0,21.0,0.0,0.0
26.82,42.98,686.01,0.53,0.0,21.0,0.0,0.0
26.84,43.46,683.06,0.53,0.0,22.0,0.0,0.0
26.81,43.67,682.57,0.53,0.0,23.0,0.0,0.0
26.71,44.45,688.08,0.52,0.0,6.0,0.0,0.0
26.79,44.06,684.59,0.52,0.0,7.0,0.0,0.0
26.88,43.07,688.26,0.52,0.0,8.0,0.0,0.0
26.72,43.09,687.78,0.52,0.0,9.0,0.0,0.0
26.7,43.68,689.61,0.52,0.0,10.0,0.0,0.0
26.74,43.8,687.24,0.52,0.0,11.0,0.0,0.0
26.74,43.83,688.05,0.52,0.0,12.0,0.0,0.0
26.72,43.89,688.17,0.52,0.0,13.0,0.0,0.0
26.74,43.56,688.8,0.52,0.0,14.0,0.0,0.0
26.59,43.93,686.89,0.52,0.0,15.0,0.0,0.0
26.54,44.11,684.24,0.52,0.0,16.0,0.0,0.0
26.59,44.23,684.41,0.51,0.0,17.0,0.0,0.0
26.68,44.39,684.19,0.51,0.0,18.0,0.0,0.0
26.75,44.31,681.17,0.51,0.0,19.0,0.0,0.0
26.82,43.88,681.81,0.51,0.0,20.0,0.0,0.0
26.85,42.95,685.47,0.53,0.0,21.0,0.0,0.0
26.82,42.98,686.01,0.53,0.0,21.0,0.0,0.0
26.84,43.46,683.06,0.53,0.0,22.0,0.0,0.0
26.81,43.67,682.57,0.53,0.0,23.0,0.0,0.0
26.72,43.74,682.34,0.53,0.0,24.0,0.0,0.0
26.79,44.06,684.59,0.52,0.0,7.0,0.0,0.0
26.88,43.07,688.26,0.52,0.0,8.0,0.0,0.0
26.72,43.09,687.78,0.52,0.0,9.0,0.0,0.0
26.7,43.68,689.61,0.52,0.0,10.0,0.0,0.0
26.74,43.8,687.24,0.52,0.0,11.0,0.0,0.0
26.74,43.83,688.05,0.52,0.0,12.0,0.0,0.0
26.72,43.89,688.17,0.52,0.0,13.0,0.0,0.0
26.74,43.56,688.8,0.52,0.0,14.0,0.0,0.0
26.59,43.93,686.89,0.52,0.0,15.0,0.0,0.0
26.54,44.11,684.24,0.52,0.0,16.0,0.0,0.0
26.59,44.23,684.41,0.51,0.0,17.0,0.0,0.0
26.68,44.39,684.19,0.51,0.0,18.0,0.0,0.0
26.75,44.31,681.17,0.51,0.0,19.0,0.0,0.0
26.82,43.88,681.81,0.51,0.0,20.0,0.0,0.0
26.85,42.95,685.47,0.53,0.0,21.0,0.0,0.0
26.82,42.98,686.01,0.53,0.0,21.0,0.0,0.0
26.84,43.46,683.06,0.53,0.0,22.0,0.0,0.0
26.81,43.67,682.57,0.53,0.0,23.0,0.0,0.0
26.72,43.74,682.34,0.53,0.0,24.0,0.0,0.0
26.72,43.68,684.52,0.53,0.0,25.0,0.0,0.0
26.88,43.07,688.26,0.52,0.0,8.0,0.0,0.0
26.72,43.09,687.78,0.52,0.0,9.0,0.0,0.0
26.7,43.68,689.61,0.52,0.0,10.0,0.0,0.0
26.74,43.8,687.24,0.52,0.0,11.0,0.0,0.0
26.74,43.83,688.05,0.52,0.0,12.0,0.0,0.0
26.72,43.89,688.17,0.52,0.0,13.0,0.0,0.0
26.74,43.56,688.8,0.52,0.0,14.0,0.0,0.0
26.59,43.93,686.89,0.52,0.0,15.0,0.0,0.0
26.54,44.11,684.24,0.52,0.0,16.0,0.0,0.0
26.59,44.23,684.41,0.51,0.0,17.0,0.0,0.0
26.68,44.39,684.19,0.51,0.0,18.0,0.0,0.0
26.75,44.31,681.17,0.51,0.0,19.0,0.0,0.0
26.82,43.88,681.81,0.51,0.0,20.0,0.0,0.0
26.85,42.95,685.47,0.53,0.0,21.0,0.0,0.0
26.82,42.98,686.01,0.53,0.0,21.0,0.0,0.0
26.84,43.46,683.06,0.53,0.0,22.0,0.0,0.0
26.81,43.67,682.57,0.53,0.0,23.0,0.0,0.0
26.72,43.74,682.34,0.53,0.0,24.0,0.0,0.0
26.72,43.68,684.52,0.53,0.0,25.0,0.0,0.0
26.71,43.56,683.07,0.53,0.0,26.0,0.0,0.0
26.72,43.09,687.78,0.52,0.0,9.0,0.0,0.0
26.7,43.68,689.61,0.52,0.0,10.0,0.0,0.0
26.74,43.8,687.24,0.52,0.0,11.0,0.0,0.0
26.74,43.83,688.05,0.52,0.0,12.0,0.0,0.0
26.72,43.89,688.17,0.52,0.0,13.0,0.0,0.0
26.74,43.56,688.8,0.52,0.0,14.0,0.0,0.0
26.59,43.93,686.89,0.52,0.0,15.0,0.0,0.0
26.54,44.11,684.24,0.52,0.0,16.0,0.0,0.0
26.59,44.23,684.41,0.51,0.0,17.0,0.0,0.0
26.68,44.39,684.19,0.51,0.0,18.0,0.0,0.0
26.75,44.31,681.17,0.51,0.0,19.0,0.0,0.0
26.82,43.88,681.81,0.51,0.0,20.0,0.0,0.0
26.85,42.95,685.47,0.53,0.0,21.0,0.0,0.0
26.82,42.98,686.01,0.53,0.0,21.0,0.0,0.0
26.84,43.46,683.06,0.53,0.0,22.0,0.0,0.0
26.81,43.67,682.57,0.53,0.0,23.0,0.0,0.0
26.72,43.74,682.34,0.53,0.0,24.0,0.0,0.0
26.72,43.68,684.52,0.53,0.0,25.0,0.0,0.0
26.71,43.56,683.07,0.53,0.0,26.0,0.0,0.0
26.7,43.66,684.56,0.53,0.0,27.0,0.0,0.0
26.7,43.68,689.61,0.52,0.0,10.0,0.0,0.0
26.74,43.8,687.24,0.52,0.0,11.0,0.0,0.0
26.74,43.83,688.05,0.52,0.0,12.0,0.0,0.0
26.72,43.89,688.17,0.52,0.0,13.0,0.0,0.0
26.74,43.56,688.8,0.52,0.0,14.0,0.0,0.0
26.59,43.93,686.89,0.52,0.0,15.0,0.0,0.0
26.54,44.11,684.24,0.52,0.0,16.0,0.0,0.0
26.59,44.23,684.41,0.51,0.0,17.0,0.0,0.0
26.68,44.39,684.19,0.51,0.0,18.0,0.0,0.0
26.75,44.31,681.17,0.51,0.0,19.0,0.0,0.0
26.82,43.88,681.81,0.51,0.0,20.0,0.0,0.0
26.85,42.95,685.47,0.53,0.0,21.0,0.0,0.0
26.82,42.98,686.01,0.53,0.0,21.0,0.0,0.0
26.84,43.46,683.06,0.53,0.0,22.0,0.0,0.0
26.81,43.67,682.57,0.53,0.0,23.0,0.0,0.0
26.72,43.74,682.34,0.53,0.0,24.0,0.0,0.0
26.72,43.68,684.52,0.53,0.0,25.0,0.0,0.0
26.71,43.56,683.07,0.53,0.0,26.0,0.0,0.0
26.7,43.66,684.56,0.53,0.0,27.0,0.0,0.0
26.51,44.06,681.15,0.53,0.0,28.0,0.0,0.0
26.74,43.8,687.24,0.52,0.0,11.0,0.0,0.0
26.74,43.83,688.05,0.52,0.0,12.0,0.0,0.0
26.72,43.89,688.17,0.52,0.0,13.0,0.0,0.0
26.74,43.56,688.8,0.52,0.0,14.0,0.0,0.0
26.59,43.93,686.89,0.52,0.0,15.0,0.0,0.0
26.54,44.11,684.24,0.52,0.0,16.0,0.0,0.0
26.59,44.23,684.41,0.51,0.0,17.0,0.0,0.0
26.68,44.39,684.19,0.51,0.0,18.0,0.0,0.0
26.75,44.31,681.17,0.51,0.0,19.0,0.0,0.0
26.82,43.88,681.81,0.51,0.0,20.0,0.0,0.0
26.85,42.95,685.47,0.53,0.0,21.0,0.0,0.0
26.82,42.98,686.01,0.53,0.0,21.0,0.0,0.0
26.84,43.46,683.06,0.53,0.0,22.0,0.0,0.0
26.81,43.67,682.57,0.53,0.0,23.0,0.0,0.0
26.72,43.74,682.34,0.53,0.0,24.0,0.0,0.0
26.72,43.68,684.52,0.53,0.0,25.0,0.0,0.0
26.71,43.56,683.07,0.53,0.0,26.0,0.0,0.0
26.7,43.66,684.56,0.53,0.0,27.0,0.0,0.0
26.51,44.06,681.15,0.53,0.0,28.0,0.0,0.0
26.61,44.13,680.99,0.53,0.0,29.0,0.0,0.0
26.74,43.83,688.05,0.52,0.0,12.0,0.0,0.0
26.72,43.89,688.17,0.52,0.0,13.0,0.0,0.0
26.74,43.56,688.8,0.52,0.0,14.0,0.0,0.0
26.59,43.93,686.89,0.52,0.0,15.0,0.0,0.0
26.54,44.11,684.24,0.52,0.0,16.0,0.0,0.0
26.59,44.23,684.41,0.51,0.0,17.0,0.0,0.0
26.68,44.39,684.19,0.51,0.0,18.0,0.0,0.0
26.75,44.31,681.17,0.51,0.0,19.0,0.0,0.0
26.82,43.88,681.81,0.51,0.0,20.0,0.0,0.0
26.85,42.95,685.47,0.53,0.0,21.0,0.0,0.0
26.82,42.98,686.01,0.53,0.0,21.0,0.0,0.0
26.84,43.46,683.06,0.53,0.0,22.0,0.0,0.0
26.81,43.67,682.57,0.53,0.0,23.0,0.0,0.0
26.72,43.74,682.34,0.53,0.0,24.0,0.0,0.0
26.72,43.68,684.52,0.53,0.0,25.0,0.0,0.0
26.71,43.56,683.07,0.53,0.0,26.0,0.0,0.0
26.7,43.66,684.56,0.53,0.0,27.0,0.0,0.0
26.51,44.06,681.15,0.53,0.0,28.0,0.0,0.0
26.61,44.13,680.99,0.53,0.0,29.0,0.0,0.0
26.74,44.08,681.99,0.54,0.0,30.0,0.0,0.0
26.72,43.89,688.17,0.52,0.0,13.0,0.0,0.0
26.74,43.56,688.8,0.52,0.0,14.0,0.0,0.0
26.59,43.93,686.89,0.52,0.0,15.0,0.0,0.0
26.54,44.11,684.24,0.52,0.0,16.0,0.0,0.0
26.59,44.23,684.41,0.51,0.0,17.0,0.0,0.0
26.68,44.39,684.19,0.51,0.0,18.0,0.0,0.0
26.75,44.31,681.17,0.51,0.0,19.0,0.0,0.0
26.82,43.88,681.81,0.51,0.0,20.0,0.0,0.0
26.85,42.95,685.47,0.53,0.0,21.0,0.0,0.0
26.82,42.98,686.01,0.53,0.0,21.0,0.0,0.0
26.84,43.46,683.06,0.53,0.0,22.0,0.0,0.0
26.81,43.67,682.57,0.53,0.0,23.0,0.0,0.0
26.72,43.74,682.34,0.53,0.0,24.0,0.0,0.0
26.72,43.68,684.52,0.53,0.0,25.0,0.0,0.0
26.71,43.56,683.07,0.53,0.0,26.0,0.0,0.0
26.7,43.66,684.56,0.53,0.0,27.0,0.0,0.0
26.51,44.06,681.15,0.53,0.0,28.0,0.0,0.0
26.61,44.13,680.99,0.53,0.0,29.0,0.0,0.0
26.74,44.08,681.99,0.54,0.0,30.0,0.0,0.0
26.74,44.42,682.8,0.55,0.0,31.0,0.0,0.0
26.74,43.56,688.8,0.52,0.0,14.0,0.0,0.0
26.59,43.93,686.89,0.52,0.0,15.0,0.0,0.0
26.54,44.11,684.24,0.52,0.0,16.0,0.0,0.0
26.59,44.23,684.41,0.51,0.0,17.0,0.0,0.0
26.68,44.39,684.19,0.51,0.0,18.0,0.0,0.0
26.75,44.31,681.17,0.51,0.0,19.0,0.0,0.0
26.82,43.88,681.81,0.51,0.0,20.0,0.0,0.0
26.85,42.95,685.47,0.53,0.0,21.0,0.0,0.0
26.82,42.98,686.01,0.53,0.0,21.0,0.0,0.0
26.84,43.46,683.06,0.53,0.0,22.0,0.0,0.0
26.81,43.67,682.57,0.53,0.0,23.0,0.0,0.0
26.72,43.74,682.34,0.53,0.0,24.0,0.0,0.0
26.72,43.68,684.52,0.53,0.0,25.0,0.0,0.0
26.71,43.56,683.07,0.53,0.0,26.0,0.0,0.0
26.7,43.66,684.56,0.53,0.0,27.0,0.0,0.0
26.51,44.06,681.15,0.53,0.0,28.0,0.0,0.0
26.61,44.13,680.99,0.53,0.0,29.0,0.0,0.0
26.74,44.08,681.99,0.54,0.0,30.0,0.0,0.0
26.74,44.42,682.8,0.55,0.0,31.0,0.0,0.0
26.81,43.91,684.2900000000001,0.55,0.0,32.0,0.0,0.0
26.59,43.93,686.89,0.52,0.0,15.0,0.0,0.0
26.54,44.11,684.24,0.52,0.0,16.0,0.0,0.0
26.59,44.23,684.41,0.51,0.0,17.0,0.0,0.0
26.68,44.39,684.19,0.51,0.0,18.0,0.0,0.0
26.75,44.31,681.17,0.51,0.0,19.0,0.0,0.0
26.82,43.88,681.81,0.51,0.0,20.0,0.0,0.0
26.85,42.95,685.47,0.53,0.0,21.0,0.0,0.0
26.82,42.98,686.01,0.53,0.0,21.0,0.0,0.0
26.84,43.46,683.06,0.53,0.0,22.0,0.0,0.0
26.81,43.67,682.57,0.53,0.0,23.0,0.0,0.0
26.72,43.74,682.34,0.53,0.0,24.0,0.0,0.0
26.72,43.68,684.52,0.53,0.0,25.0,0.0,0.0
26.71,43.56,683.07,0.53,0.0,26.0,0.0,0.0
26.7,43.66,684.56,0.53,0.0,27.0,0.0,0.0
26.51,44.06,681.15,0.53,0.0,28.0,0.0,0.0
26.61,44.13,680.99,0.53,0.0,29.0,0.0,0.0
26.74,44.08,681.99,0.54,0.0,30.0,0.0,0.0
26.74,44.42,682.8,0.55,0.0,31.0,0.0,0.0
26.81,43.91,684.2900000000001,0.55,0.0,32.0,0.0,0.0
26.85,42.99,685.44,0.55,0.0,33.0,0.0,0.0
26.54,44.11,684.24,0.52,0.0,16.0,0.0,0.0
26.59,44.23,684.41,0.51,0.0,17.0,0.0,0.0
26.68,44.39,684.19,0.51,0.0,18.0,0.0,0.0
26.75,44.31,681.17,0.51,0.0,19.0,0.0,0.0
26.82,43.88,681.81,0.51,0.0,20.0,0.0,0.0
26.85,42.95,685.47,0.53,0.0,21.0,0.0,0.0
26.82,42.98,686.01,0.53,0.0,21.0,0.0,0.0
26.84,43.46,683.06,0.53,0.0,22.0,0.0,0.0
26.81,43.67,682.57,0.53,0.0,23.0,0.0,0.0
26.72,43.74,682.34,0.53,0.0,24.0,0.0,0.0
26.72,43.68,684.52,0.53,0.0,25.0,0.0,0.0
26.71,43.56,683.07,0.53,0.0,26.0,0.0,0.0
26.7,43.66,684.56,0.53,0.0,27.0,0.0,0.0
26.51,44.06,681.15,0.53,0.0,28.0,0.0,0.0
26.61,44.13,680.99,0.53,0.0,29.0,0.0,0.0
26.74,44.08,681.99,0.54,0.0,30.0,0.0,0.0
26.74,44.42,682.8,0.55,0.0,31.0,0.0,0.0
26.81,43.91,684.2900000000001,0.55,0.0,32.0,0.0,0.0
26.85,42.99,685.44,0.55,0.0,33.0,0.0,0.0
26.81,42.47,684.19,0.55,0.0,34.0,0.0,0.0
26.59,44.23,684.41,0.51,0.0,17.0,0.0,0.0
26.68,44.39,684.19,0.51,0.0,18.0,0.0,0.0
26.75,44.31,681.17,0.51,0.0,19.0,0.0,0.0
26.82,43.88,681.81,0.51,0.0,20.0,0.0,0.0
26.85,42.95,685.47,0.53,0.0,21.0,0.0,0.0
26.82,42.98,686.01,0.53,0.0,21.0,0.0,0.0
26.84,43.46,683.06,0.53,0.0,22.0,0.0,0.0
26.81,43.67,682.57,0.53,0.0,23.0,0.0,0.0
26.72,43.74,682.34,0.53,0.0,24.0,0.0,0.0
26.72,43.68,684.52,0.53,0.0,25.0,0.0,0.0
26.71,43.56,683.07,0.53,0.0,26.0,0.0,0.0
26.7,43.66,684.56,0.53,0.0,27.0,0.0,0.0
26.51,44.06,681.15,0.53,0.0,28.0,0.0,0.0
26.61,44.13,680.99,0.53,0.0,29.0,0.0,0.0
26.74,44.08,681.99,0.54,0.0,30.0,0.0,0.0
26.74,44.42,682.8,0.55,0.0,31.0,0.0,0.0
26.81,43.91,684.2900000000001,0.55,0.0,32.0,0.0,0.0
26.85,42.99,685.44,0.55,0.0,33.0,0.0,0.0
26.81,42.47,684.19,0.55,0.0,34.0,0.0,0.0
26.57,42.28,684.38,0.55,0.0,35.0,0.0,0.0
26.68,44.39,684.19,0.51,0.0,18.0,0.0,0.0
26.75,44.31,681.17,0.51,0.0,19.0,0.0,0.0
26.82,43.88,681.81,0.51,0.0,20.0,0.0,0.0
26.85,42.95,685.47,0.53,0.0,21.0,0.0,0.0
26.82,42.98,686.01,0.53,0.0,21.0,0.0,0.0
26.84,43.46,683.06,0.53,0.0,22.0,0.0,0.0
26.81,43.67,682.57,0.53,0.0,23.0,0.0,0.0
26.72,43.74,682.34,0.53,0.0,24.0,0.0,0.0
26.72,43.68,684.52,0.53,0.0,25.0,0.0,0.0
26.71,43.56,683.07,0.53,0.0,26.0,0.0,0.0
26.7,43.66,684.56,0.53,0.0,27.0,0.0,0.0
26.51,44.06,681.15,0.53,0.0,28.0,0.0,0.0
26.61,44.13,680.99,0.53,0.0,29.0,0.0,0.0
26.74,44.08,681.99,0.54,0.0,30.0,0.0,0.0
26.74,44.42,682.8,0.55,0.0,31.0,0.0,0.0
26.81,43.91,684.2900000000001,0.55,0.0,32.0,0.0,0.0
26.85,42.99,685.44,0.55,0.0,33.0,0.0,0.0
26.81,42.47,684.19,0.55,0.0,34.0,0.0,0.0
26.57,42.28,684.38,0.55,0.0,35.0,0.0,0.0
26.43,43.28,683.71,0.57,0.0,36.0,0.0,0.0
26.75,44.31,681.17,0.51,0.0,19.0,0.0,0.0
26.82,43.88,681.81,0.51,0.0,20.0,0.0,0.0
26.85,42.95,685.47,0.53,0.0,21.0,0.0,0.0
26.82,42.98,686.01,0.53,0.0,21.0,0.0,0.0
26.84,43.46,683.06,0.53,0.0,22.0,0.0,0.0
26.81,43.67,682.57,0.53,0.0,23.0,0.0,0.0
26.72,43.74,682.34,0.53,0.0,24.0,0.0,0.0
26.72,43.68,684.52,0.53,0.0,25.0,0.0,0.0
26.71,43.56,683.07,0.53,0.0,26.0,0.0,0.0
26.7,43.66,684.56,0.53,0.0,27.0,0.0,0.0
26.51,44.06,681.15,0.53,0.0,28.0,0.0,0.0
26.61,44.13,680.99,0.53,0.0,29.0,0.0,0.0
26.74,44.08,681.99,0.54,0.0,30.0,0.0,0.0
26.74,44.42,682.8,0.55,0.0,31.0,0.0,0.0
26.81,43.91,684.2900000000001,0.55,0.0,32.0,0.0,0.0
26.85,42.99,685.44,0.55,0.0,33.0,0.0,0.0
26.81,42.47,684.19,0.55,0.0,34.0,0.0,0.0
26.57,42.28,684.38,0.55,0.0,35.0,0.0,0.0
26.43,43.28,683.71,0.57,0.0,36.0,0.0,0.0
26.44,43.71,685.37,0.57,0.0,37.0,0.0,0.0
26.82,43.88,681.81,0.51,0.0,20.0,0.0,0.0
26.85,42.95,685.47,0.53,0.0,21.0,0.0,0.0
26.82,42.98,686.01,0.53,0.0,21.0,0.0,0.0
26.84,43.46,683.06,0.53,0.0,22.0,0.0,0.0
26.81,43.67,682.57,0.53,0.0,23.0,0.0,0.0
26.72,43.74,682.34,0.53,0.0,24.0,0.0,0.0
26.72,43.68,684.52,0.53,0.0,25.0,0.0,0.0
26.71,43.56,683.07,0.53,0.0,26.0,0.0,0.0
26.7,43.66,684.56,0.53,0.0,27.0,0.0,0.0
26.51,44.06,681.15,0.53,0.0,28.0,0.0,0.0
26.61,44.13,680.99,0.53,0.0,29.0,0.0,0.0
26.74,44.08,681.99,0.54,0.0,30.0,0.0,0.0
26.74,44.42,682.8,0.55,0.0,31.0,0.0,0.0
26.81,43.91,684.2900000000001,0.55,0.0,32.0,0.0,0.0
26.85,42.99,685.44,0.55,0.0,33.0,0.0,0.0
26.81,42.47,684.19,0.55,0.0,34.0,0.0,0.0
26.57,42.28,684.38,0.55,0.0,35.0,0.0,0.0
26.43,43.28,683.71,0.57,0.0,36.0,0.0,0.0
26.44,43.71,685.37,0.57,0.0,37.0,0.0,0.0
26.57,43.68,688.51,0.56,0.0,38.0,0.0,0.0
26.85,42.95,685.47,0.53,0.0,21.0,0.0,0.0
26.82,42.98,686.01,0.53,0.0,21.0,0.0,0.0
26.84,43.46,683.06,0.53,0.0,22.0,0.0,0.0
26.81,43.67,682.57,0.53,0.0,23.0,0.0,0.0
26.72,43.74,682.34,0.53,0.0,24.0,0.0,0.0
26.72,43.68,684.52,0.53,0.0,25.0,0.0,0.0
26.71,43.56,683.07,0.53,0.0,26.0,0.0,0.0
26.7,43.66,684.56,0.53,0.0,27.0,0.0,0.0
26.51,44.06,681.15,0.53,0.0,28.0,0.0,0.0
26.61,44.13,680.99,0.53,0.0,29.0,0.0,0.0
26.74,44.08,681.99,0.54,0.0,30.0,0.0,0.0
26.74,44.42,682.8,0.55,0.0,31.0,0.0,0.0
26.81,43.91,684.2900000000001,0.55,0.0,32.0,0.0,0.0
26.85,42.99,685.44,0.55,0.0,33.0,0.0,0.0
26.81,42.47,684.19,0.55,0.0,34.0,0.0,0.0
26.57,42.28,684.38,0.55,0.0,35.0,0.0,0.0
26.43,43.28,683.71,0.57,0.0,36.0,0.0,0.0
26.44,43.71,685.37,0.57,0.0,37.0,0.0,0.0
26.57,43.68,688.51,0.56,0.0,38.0,0.0,0.0
26.51,44.15,691.06,0.55,0.0,39.0,0.0,0.0
26.82,42.98,686.01,0.53,0.0,21.0,0.0,0.0
26.84,43.46,683.06,0.53,0.0,22.0,0.0,0.0
26.81,43.67,682.57,0.53,0.0,23.0,0.0,0.0
26.72,43.74,682.34,0.53,0.0,24.0,0.0,0.0
26.72,43.68,684.52,0.53,0.0,25.0,0.0,0.0
26.71,43.56,683.07,0.53,0.0,26.0,0.0,0.0
26.7,43.66,684.56,0.53,0.0,27.0,0.0,0.0
26.51,44.06,681.15,0.53,0.0,28.0,0.0,0.0
26.61,44.13,680.99,0.53,0.0,29.0,0.0,0.0
26.74,44.08,681.99,0.54,0.0,30.0,0.0,0.0
26.74,44.42,682.8,0.55,0.0,31.0,0.0,0.0
26.81,43.91,684.2900000000001,0.55,0.0,32.0,0.0,0.0
26.85,42.99,685.44,0.55,0.0,33.0,0.0,0.0
26.81,42.47,684.19,0.55,0.0,34.0,0.0,0.0
26.57,42.28,684.38,0.55,0.0,35.0,0.0,0.0
26.43,43.28,683.71,0.57,0.0,36.0,0.0,0.0
26.44,43.71,685.37,0.57,0.0,37.0,0.0,0.0
26.57,43.68,688.51,0.56,0.0,38.0,0.0,0.0
26.51,44.15,691.06,0.55,0.0,39.0,0.0,0.0
26.38,44.5,687.73,0.51,0.0,40.0,0.0,0.0
26.84,43.46,683.06,0.53,0.0,22.0,0.0,0.0
26.81,43.67,682.57,0.53,0.0,23.0,0.0,0.0
26.72,43.74,682.34,0.53,0.0,24.0,0.0,0.0
26.72,43.68,684.52,0.53,0.0,25.0,0.0,0.0
26.71,43.56,683.07,0.53,0.0,26.0,0.0,0.0
26.7,43.66,684.56,0.53,0.0,27.0,0.0,0.0
26.51,44.06,681.15,0.53,0.0,28.0,0.0,0.0
26.61,44.13,680.99,0.53,0.0,29.0,0.0,0.0
26.74,44.08,681.99,0.54,0.0,30.0,0.0,0.0
26.74,44.42,682.8,0.55,0.0,31.0,0.0,0.0
26.81,43.91,684.2900000000001,0.55,0.0,32.0,0.0,0.0
26.85,42.99,685.44,0.55,0.0,33.0,0.0,0.0
26.81,42.47,684.19,0.55,0.0,34.0,0.0,0.0
26.57,42.28,684.38,0.55,0.0,35.0,0.0,0.0
26.43,43.28,683.71,0.57,0.0,36.0,0.0,0.0
26.44,43.71,685.37,0.57,0.0,37.0,0.0,0.0
26.57,43.68,688.51,0.56,0.0,38.0,0.0,0.0
26.51,44.15,691.06,0.55,0.0,39.0,0.0,0.0
26.38,44.5,687.73,0.51,0.0,40.0,0.0,0.0
26.48,43.33,687.99,0.5,0.0,41.0,0.0,0.0
26.81,43.67,682.57,0.53,0.0,23.0,0.0,0.0
26.72,43.74,682.34,0.53,0.0,24.0,0.0,0.0
26.72,43.68,684.52,0.53,0.0,25.0,0.0,0.0
26.71,43.56,683.07,0.53,0.0,26.0,0.0,0.0
26.7,43.66,684.56,0.53,0.0,27.0,0.0,0.0
26.51,44.06,681.15,0.53,0.0,28.0,0.0,0.0
26.61,44.13,680.99,0.53,0.0,29.0,0.0,0.0
26.74,44.08,681.99,0.54,0.0,30.0,0.0,0.0
26.74,44.42,682.8,0.55,0.0,31.0,0.0,0.0
26.81,43.91,684.2900000000001,0.55,0.0,32.0,0.0,0.0
26.85,42.99,685.44,0.55,0.0,33.0,0.0,0.0
26.81,42.47,684.19,0.55,0.0,34.0,0.0,0.0
26.57,42.28,684.38,0.55,0.0,35.0,0.0,0.0
26.43,43.28,683.71,0.57,0.0,36.0,0.0,0.0
26.44,43.71,685.37,0.57,0.0,37.0,0.0,0.0
26.57,43.68,688.51,0.56,0.0,38.0,0.0,0.0
26.51,44.15,691.06,0.55,0.0,39.0,0.0,0.0
26.38,44.5,687.73,0.51,0.0,40.0,0.0,0.0
26.48,43.33,687.99,0.5,0.0,41.0,0.0,0.0
26.37,43.43,688.02,0.5,0.0,42.0,0.0,0.0
26.72,43.74,682.34,0.53,0.0,24.0,0.0,0.0
26.72,43.68,684.52,0.53,0.0,25.0,0.0,0.0
26.71,43.56,683.07,0.53,0.0,26.0,0.0,0.0
26.7,43.66,684.56,0.53,0.0,27.0,0.0,0.0
26.51,44.06,681.15,0.53,0.0,28.0,0.0,0.0
26.61,44.13,680.99,0.53,0.0,29.0,0.0,0.0
26.74,44.08,681.99,0.54,0.0,30.0,0.0,0.0
26.74,44.42,682.8,0.55,0.0,31.0,0.0,0.0
26.81,43.91,684.2900000000001,0.55,0.0,32.0,0.0,0.0
26.85,42.99,685.44,0.55,0.0,33.0,0.0,0.0
26.81,42.47,684.19,0.55,0.0,34.0,0.0,0.0
26.57,42.28,684.38,0.55,0.0,35.0,0.0,0.0
26.43,43.28,683.71,0.57,0.0,36.0,0.0,0.0
26.44,43.71,685.37,0.57,0.0,37.0,0.0,0.0
26.57,43.68,688.51,0.56,0.0,38.0,0.0,0.0
26.51,44.15,691.06,0.55,0.0,39.0,0.0,0.0
26.38,44.5,687.73,0.51,0.0,40.0,0.0,0.0
26.48,43.33,687.99,0.5,0.0,41.0,0.0,0.0
26.37,43.43,688.02,0.5,0.0,42.0,0.0,0.0
26.43,43.57,686.99,0.48,0.0,43.0,0.0,0.0
26.72,43.68,684.52,0.53,0.0,25.0,0.0,0.0
26.71,43.56,683.07,0.53,0.0,26.0,0.0,0.0
26.7,43.66,684.56,0.53,0.0,27.0,0.0,0.0
26.51,44.06,681.15,0.53,0.0,28.0,0.0,0.0
26.61,44.13,680.99,0.53,0.0,29.0,0.0,0.0
26.74,44.08,681.99,0.54,0.0,30.0,0.0,0.0
26.74,44.42,682.8,0.55,0.0,31.0,0.0,0.0
26.81,43.91,684.2900000000001,0.55,0.0,32.0,0.0,0.0
26.85,42.99,685.44,0.55,0.0,33.0,0.0,0.0
26.81,42.47,684.19,0.55,0.0,34.0,0.0,0.0
26.57,42.28,684.38,0.55,0.0,35.0,0.0,0.0
26.43,43.28,683.71,0.57,0.0,36.0,0.0,0.0
26.44,43.71,685.37,0.57,0.0,37.0,0.0,0.0
26.57,43.68,688.51,0.56,0.0,38.0,0.0,0.0
26.51,44.15,691.06,0.55,0.0,39.0,0.0,0.0
26.38,44.5,687.73,0.51,0.0,40.0,0.0,0.0
26.48,43.33,687.99,0.5,0.0,41.0,0.0,0.0
26.37,43.43,688.02,0.5,0.0,42.0,0.0,0.0
26.43,43.57,686.99,0.48,0.0,43.0,0.0,0.0
26.51,43.52,685.15,0.47,0.0,44.0,0.0,0.0
26.71,43.56,683.07,0.53,0.0,26.0,0.0,0.0
26.7,43.66,684.56,0.53,0.0,27.0,0.0,0.0
26.51,44.06,681.15,0.53,0.0,28.0,0.0,0.0
26.61,44.13,680.99,0.53,0.0,29.0,0.0,0.0
26.74,44.08,681.99,0.54,0.0,30.0,0.0,0.0
26.74,44.42,682.8,0.55,0.0,31.0,0.0,0.0
26.81,43.91,684.2900000000001,0.55,0.0,32.0,0.0,0.0
26.85,42.99,685.44,0.55,0.0,33.0,0.0,0.0
26.81,42.47,684.19,0.55,0.0,34.0,0.0,0.0
26.57,42.28,684.38,0.55,0.0,35.0,0.0,0.0
26.43,43.28,683.71,0.57,0.0,36.0,0.0,0.0
26.44,43.71,685.37,0.57,0.0,37.0,0.0,0.0
26.57,43.68,688.51,0.56,0.0,38.0,0.0,0.0
26.51,44.15,691.06,0.55,0.0,39.0,0.0,0.0
26.38,44.5,687.73,0.51,0.0,40.0,0.0,0.0
26.48,43.33,687.99,0.5,0.0,41.0,0.0,0.0
26.37,43.43,688.02,0.5,0.0,42.0,0.0,0.0
26.43,43.57,686.99,0.48,0.0,43.0,0.0,0.0
26.51,43.52,685.15,0.47,0.0,44.0,0.0,0.0
26.52,44.12,683.58,0.45999999999999996,0.0,45.0,0.0,0.0
26.7,43.66,684.56,0.53,0.0,27.0,0.0,0.0
26.51,44.06,681.15,0.53,0.0,28.0,0.0,0.0
26.61,44.13,680.99,0.53,0.0,29.0,0.0,0.0
26.74,44.08,681.99,0.54,0.0,30.0,0.0,0.0
26.74,44.42,682.8,0.55,0.0,31.0,0.0,0.0
26.81,43.91,684.2900000000001,0.55,0.0,32.0,0.0,0.0
26.85,42.99,685.44,0.55,0.0,33.0,0.0,0.0
26.81,42.47,684.19,0.55,0.0,34.0,0.0,0.0
26.57,42.28,684.38,0.55,0.0,35.0,0.0,0.0
26.43,43.28,683.71,0.57,0.0,36.0,0.0,0.0
26.44,43.71,685.37,0.57,0.0,37.0,0.0,0.0
26.57,43.68,688.51,0.56,0.0,38.0,0.0,0.0
26.51,44.15,691.06,0.55,0.0,39.0,0.0,0.0
26.38,44.5,687.73,0.51,0.0,40.0,0.0,0.0
26.48,43.33,687.99,0.5,0.0,41.0,0.0,0.0
26.37,43.43,688.02,0.5,0.0,42.0,0.0,0.0
26.43,43.57,686.99,0.48,0.0,43.0,0.0,0.0
26.51,43.52,685.15,0.47,0.0,44.0,0.0,0.0
26.52,44.12,683.58,0.45999999999999996,0.0,45.0,0.0,0.0
26.55,44.29,684.11,0.45,0.0,46.0,0.0,0.0
26.51,44.06,681.15,0.53,0.0,28.0,0.0,0.0
26.61,44.13,680.99,0.53,0.0,29.0,0.0,0.0
26.74,44.08,681.99,0.54,0.0,30.0,0.0,0.0
26.74,44.42,682.8,0.55,0.0,31.0,0.0,0.0
26.81,43.91,684.2900000000001,0.55,0.0,32.0,0.0,0.0
26.85,42.99,685.44,0.55,0.0,33.0,0.0,0.0
26.81,42.47,684.19,0.55,0.0,34.0,0.0,0.0
26.57,42.28,684.38,0.55,0.0,35.0,0.0,0.0
26.43,43.28,683.71,0.57,0.0,36.0,0.0,0.0
26.44,43.71,685.37,0.57,0.0,37.0,0.0,0.0
26.57,43.68,688.51,0.56,0.0,38.0,0.0,0.0
26.51,44.15,691.06,0.55,0.0,39.0,0.0,0.0
26.38,44.5,687.73,0.51,0.0,40.0,0.0,0.0
26.48,43.33,687.99,0.5,0.0,41.0,0.0,0.0
26.37,43.43,688.02,0.5,0.0,42.0,0.0,0.0
26.43,43.57,686.99,0.48,0.0,43.0,0.0,0.0
26.51,43.52,685.15,0.47,0.0,44.0,0.0,0.0
26.52,44.12,683.58,0.45999999999999996,0.0,45.0,0.0,0.0
26.55,44.29,684.11,0.45,0.0,46.0,0.0,0.0
26.52,44.87,684.61,0.43999999999999995,0.0,47.0,0.0,0.0
26.61,44.13,680.99,0.53,0.0,29.0,0.0,0.0
26.74,44.08,681.99,0.54,0.0,30.0,0.0,0.0
26.74,44.42,682.8,0.55,0.0,31.0,0.0,0.0
26.81,43.91,684.2900000000001,0.55,0.0,32.0,0.0,0.0
26.85,42.99,685.44,0.55,0.0,33.0,0.0,0.0
26.81,42.47,684.19,0.55,0.0,34.0,0.0,0.0
26.57,42.28,684.38,0.55,0.0,35.0,0.0,0.0
26.43,43.28,683.71,0.57,0.0,36.0,0.0,0.0
26.44,43.71,685.37,0.57,0.0,37.0,0.0,0.0
26.57,43.68,688.51,0.56,0.0,38.0,0.0,0.0
26.51,44.15,691.06,0.55,0.0,39.0,0.0,0.0
26.38,44.5,687.73,0.51,0.0,40.0,0.0,0.0
26.48,43.33,687.99,0.5,0.0,41.0,0.0,0.0
26.37,43.43,688.02,0.5,0.0,42.0,0.0,0.0
26.43,43.57,686.99,0.48,0.0,43.0,0.0,0.0
26.51,43.52,685.15,0.47,0.0,44.0,0.0,0.0
26.52,44.12,683.58,0.45999999999999996,0.0,45.0,0.0,0.0
26.55,44.29,684.11,0.45,0.0,46.0,0.0,0.0
26.52,44.87,684.61,0.43999999999999995,0.0,47.0,0.0,0.0
26.67,44.3,684.83,0.43,0.0,48.0,0.0,0.0
26.74,44.08,681.99,0.54,0.0,30.0,0.0,0.0
26.74,44.42,682.8,0.55,0.0,31.0,0.0,0.0
26.81,43.91,684.2900000000001,0.55,0.0,32.0,0.0,0.0
26.85,42.99,685.44,0.55,0.0,33.0,0.0,0.0
26.81,42.47,684.19,0.55,0.0,34.0,0.0,0.0
26.57,42.28,684.38,0.55,0.0,35.0,0.0,0.0
26.43,43.28,683.71,0.57,0.0,36.0,0.0,0.0
26.44,43.71,685.37,0.57,0.0,37.0,0.0,0.0
26.57,43.68,688.51,0.56,0.0,38.0,0.0,0.0
26.51,44.15,691.06,0.55,0.0,39.0,0.0,0.0
26.38,44.5,687.73,0.51,0.0,40.0,0.0,0.0
26.48,43.33,687.99,0.5,0.0,41.0,0.0,0.0
26.37,43.43,688.02,0.5,0.0,42.0,0.0,0.0
26.43,43.57,686.99,0.48,0.0,43.0,0.0,0.0
26.51,43.52,685.15,0.47,0.0,44.0,0.0,0.0
26.52,44.12,683.58,0.45999999999999996,0.0,45.0,0.0,0.0
26.55,44.29,684.11,0.45,0.0,46.0,0.0,0.0
26.52,44.87,684.61,0.43999999999999995,0.0,47.0,0.0,0.0
26.67,44.3,684.83,0.43,0.0,48.0,0.0,0.0
26.64,43.48,685.96,0.43,0.0,49.0,0.0,0.0
26.74,44.42,682.8,0.55,0.0,31.0,0.0,0.0
26.81,43.91,684.2900000000001,0.55,0.0,32.0,0.0,0.0
26.85,42.99,685.44,0.55,0.0,33.0,0.0,0.0
26.81,42.47,684.19,0.55,0.0,34.0,0.0,0.0
26.57,42.28,684.38,0.55,0.0,35.0,0.0,0.0
26.43,43.28,683.71,0.57,0.0,36.0,0.0,0.0
26.44,43.71,685.37,0.57,0.0,37.0,0.0,0.0
26.57,43.68,688.51,0.56,0.0,38.0,0.0,0.0
26.51,44.15,691.06,0.55,0.0,39.0,0.0,0.0
26.38,44.5,687.73,0.51,0.0,40.0,0.0,0.0
26.48,43.33,687.99,0.5,0.0,41.0,0.0,0.0
26.37,43.43,688.02,0.5,0.0,42.0,0.0,0.0
26.43,43.57,686.99,0.48,0.0,43.0,0.0,0.0
26.51,43.52,685.15,0.47,0.0,44.0,0.0,0.0
26.52,44.12,683.58,0.45999999999999996,0.0,45.0,0.0,0.0
26.55,44.29,684.11,0.45,0.0,46.0,0.0,0.0
26.52,44.87,684.61,0.43999999999999995,0.0,47.0,0.0,0.0
26.67,44.3,684.83,0.43,0.0,48.0,0.0,0.0
26.64,43.48,685.96,0.43,0.0,49.0,0.0,0.0
26.68,43.17,687.79,0.42,0.0,50.0,0.0,0.0
26.81,43.91,684.2900000000001,0.55,0.0,32.0,0.0,0.0
26.85,42.99,685.44,0.55,0.0,33.0,0.0,0.0
26.81,42.47,684.19,0.55,0.0,34.0,0.0,0.0
26.57,42.28,684.38,0.55,0.0,35.0,0.0,0.0
26.43,43.28,683.71,0.57,0.0,36.0,0.0,0.0
26.44,43.71,685.37,0.57,0.0,37.0,0.0,0.0
26.57,43.68,688.51,0.56,0.0,38.0,0.0,0.0
26.51,44.15,691.06,0.55,0.0,39.0,0.0,0.0
26.38,44.5,687.73,0.51,0.0,40.0,0.0,0.0
26.48,43.33,687.99,0.5,0.0,41.0,0.0,0.0
26.37,43.43,688.02,0.5,0.0,42.0,0.0,0.0
26.43,43.57,686.99,0.48,0.0,43.0,0.0,0.0
26.51,43.52,685.15,0.47,0.0,44.0,0.0,0.0
26.52,44.12,683.58,0.45999999999999996,0.0,45.0,0.0,0.0
26.55,44.29,684.11,0.45,0.0,46.0,0.0,0.0
26.52,44.87,684.61,0.43999999999999995,0.0,47.0,0.0,0.0
26.67,44.3,684.83,0.43,0.0,48.0,0.0,0.0
26.64,43.48,685.96,0.43,0.0,49.0,0.0,0.0
26.68,43.17,687.79,0.42,0.0,50.0,0.0,0.0
26.68,43.48,690.8,0.4,0.0,51.0,0.0,0.0
26.85,42.99,685.44,0.55,0.0,33.0,0.0,0.0
26.81,42.47,684.19,0.55,0.0,34.0,0.0,0.0
26.57,42.28,684.38,0.55,0.0,35.0,0.0,0.0
26.43,43.28,683.71,0.57,0.0,36.0,0.0,0.0
26.44,43.71,685.37,0.57,0.0,37.0,0.0,0.0
26.57,43.68,688.51,0.56,0.0,38.0,0.0,0.0
26.51,44.15,691.06,0.55,0.0,39.0,0.0,0.0
26.38,44.5,687.73,0.51,0.0,40.0,0.0,0.0
26.48,43.33,687.99,0.5,0.0,41.0,0.0,0.0
26.37,43.43,688.02,0.5,0.0,42.0,0.0,0.0
26.43,43.57,686.99,0.48,0.0,43.0,0.0,0.0
26.51,43.52,685.15,0.47,0.0,44.0,0.0,0.0
26.52,44.12,683.58,0.45999999999999996,0.0,45.0,0.0,0.0
26.55,44.29,684.11,0.45,0.0,46.0,0.0,0.0
26.52,44.87,684.61,0.43999999999999995,0.0,47.0,0.0,0.0
26.67,44.3,684.83,0.43,0.0,48.0,0.0,0.0
26.64,43.48,685.96,0.43,0.0,49.0,0.0,0.0
26.68,43.17,687.79,0.42,0.0,50.0,0.0,0.0
26.68,43.48,690.8,0.4,0.0,51.0,0.0,0.0
26.55,43.88,690.56,0.39,0.0,52.0,0.0,0.0
26.81,42.47,684.19,0.55,0.0,34.0,0.0,0.0
26.57,42.28,684.38,0.55,0.0,35.0,0.0,0.0
26.43,43.28,683.71,0.57,0.0,36.0,0.0,0.0
26.44,43.71,685.37,0.57,0.0,37.0,0.0,0.0
26.57,43.68,688.51,0.56,0.0,38.0,0.0,0.0
26.51,44.15,691.06,0.55,0.0,39.0,0.0,0.0
26.38,44.5,687.73,0.51,0.0,40.0,0.0,0.0
26.48,43.33,687.99,0.5,0.0,41.0,0.0,0.0
26.37,43.43,688.02,0.5,0.0,42.0,0.0,0.0
26.43,43.57,686.99,0.48,0.0,43.0,0.0,0.0
26.51,43.52,685.15,0.47,0.0,44.0,0.0,0.0
26.52,44.12,683.58,0.45999999999999996,0.0,45.0,0.0,0.0
26.55,44.29,684.11,0.45,0.0,46.0,0.0,0.0
26.52,44.87,684.61,0.43999999999999995,0.0,47.0,0.0,0.0
26.67,44.3,684.83,0.43,0.0,48.0,0.0,0.0
26.64,43.48,685.96,0.43,0.0,49.0,0.0,0.0
26.68,43.17,687.79,0.42,0.0,50.0,0.0,0.0
26.68,43.48,690.8,0.4,0.0,51.0,0.0,0.0
26.55,43.88,690.56,0.39,0.0,52.0,0.0,0.0
26.74,43.61,692.51,0.39,0.0,53.0,0.0,0.0
26.57,42.28,684.38,0.55,0.0,35.0,0.0,0.0
26.43,43.28,683.71,0.57,0.0,36.0,0.0,0.0
26.44,43.71,685.37,0.57,0.0,37.0,0.0,0.0
26.57,43.68,688.51,0.56,0.0,38.0,0.0,0.0
26.51,44.15,691.06,0.55,0.0,39.0,0.0,0.0
26.38,44.5,687.73,0.51,0.0,40.0,0.0,0.0
26.48,43.33,687.99,0.5,0.0,41.0,0.0,0.0
26.37,43.43,688.02,0.5,0.0,42.0,0.0,0.0
26.43,43.57,686.99,0.48,0.0,43.0,0.0,0.0
26.51,43.52,685.15,0.47,0.0,44.0,0.0,0.0
26.52,44.12,683.58,0.45999999999999996,0.0,45.0,0.0,0.0
26.55,44.29,684.11,0.45,0.0,46.0,0.0,0.0
26.52,44.87,684.61,0.43999999999999995,0.0,47.0,0.0,0.0
26.67,44.3,684.83,0.43,0.0,48.0,0.0,0.0
26.64,43.48,685.96,0.43,0.0,49.0,0.0,0.0
26.68,43.17,687.79,0.42,0.0,50.0,0.0,0.0
26.68,43.48,690.8,0.4,0.0,51.0,0.0,0.0
26.55,43.88,690.56,0.39,0.0,52.0,0.0,0.0
26.74,43.61,692.51,0.39,0.0,53.0,0.0,0.0
26.68,43.690000000000005,695.16,0.38,0.0,54.0,0.0,0.0
26.43,43.28,683.71,0.57,0.0,36.0,0.0,0.0
26.44,43.71,685.37,0.57,0.0,37.0,0.0,0.0
26.57,43.68,688.51,0.56,0.0,38.0,0.0,0.0
26.51,44.15,691.06,0.55,0.0,39.0,0.0,0.0
26.38,44.5,687.73,0.51,0.0,40.0,0.0,0.0
26.48,43.33,687.99,0.5,0.0,41.0,0.0,0.0
26.37,43.43,688.02,0.5,0.0,42.0,0.0,0.0
26.43,43.57,686.99,0.48,0.0,43.0,0.0,0.0
26.51,43.52,685.15,0.47,0.0,44.0,0.0,0.0
26.52,44.12,683.58,0.45999999999999996,0.0,45.0,0.0,0.0
26.55,44.29,684.11,0.45,0.0,46.0,0.0,0.0
26.52,44.87,684.61,0.43999999999999995,0.0,47.0,0.0,0.0
26.67,44.3,684.83,0.43,0.0,48.0,0.0,0.0
26.64,43.48,685.96,0.43,0.0,49.0,0.0,0.0
26.68,43.17,687.79,0.42,0.0,50.0,0.0,0.0
26.68,43.48,690.8,0.4,0.0,51.0,0.0,0.0
26.55,43.88,690.56,0.39,0.0,52.0,0.0,0.0
26.74,43.61,692.51,0.39,0.0,53.0,0.0,0.0
26.68,43.690000000000005,695.16,0.38,0.0,54.0,0.0,0.0
26.68,43.37,693.36,0.38,0.0,55.0,0.0,0.0
26.44,43.71,685.37,0.57,0.0,37.0,0.0,0.0
26.57,43.68,688.51,0.56,0.0,38.0,0.0,0.0
26.51,44.15,691.06,0.55,0.0,39.0,0.0,0.0
26.38,44.5,687.73,0.51,0.0,40.0,0.0,0.0
26.48,43.33,687.99,0.5,0.0,41.0,0.0,0.0
26.37,43.43,688.02,0.5,0.0,42.0,0.0,0.0
26.43,43.57,686.99,0.48,0.0,43.0,0.0,0.0
26.51,43.52,685.15,0.47,0.0,44.0,0.0,0.0
26.52,44.12,683.58,0.45999999999999996,0.0,45.0,0.0,0.0
26.55,44.29,684.11,0.45,0.0,46.0,0.0,0.0
26.52,44.87,684.61,0.43999999999999995,0.0,47.0,0.0,0.0
26.67,44.3,684.83,0.43,0.0,48.0,0.0,0.0
26.64,43.48,685.96,0.43,0.0,49.0,0.0,0.0
26.68,43.17,687.79,0.42,0.0,50.0,0.0,0.0
26.68,43.48,690.8,0.4,0.0,51.0,0.0,0.0
26.55,43.88,690.56,0.39,0.0,52.0,0.0,0.0
26.74,43.61,692.51,0.39,0.0,53.0,0.0,0.0
26.68,43.690000000000005,695.16,0.38,0.0,54.0,0.0,0.0
26.68,43.37,693.36,0.38,0.0,55.0,0.0,0.0
26.62,43.63,693.92,0.34,0.0,56.0,0.0,0.0
26.57,43.68,688.51,0.56,0.0,38.0,0.0,0.0
26.51,44.15,691.06,0.55,0.0,39.0,0.0,0.0
26.38,44.5,687.73,0.51,0.0,40.0,0.0,0.0
26.48,43.33,687.99,0.5,0.0,41.0,0.0,0.0
26.37,43.43,688.02,0.5,0.0,42.0,0.0,0.0
26.43,43.57,686.99,0.48,0.0,43.0,0.0,0.0
26.51,43.52,685.15,0.47,0.0,44.0,0.0,0.0
26.52,44.12,683.58,0.45999999999999996,0.0,45.0,0.0,0.0
26.55,44.29,684.11,0.45,0.0,46.0,0.0,0.0
26.52,44.87,684.61,0.43999999999999995,0.0,47.0,0.0,0.0
26.67,44.3,684.83,0.43,0.0,48.0,0.0,0.0
26.64,43.48,685.96,0.43,0.0,49.0,0.0,0.0
26.68,43.17,687.79,0.42,0.0,50.0,0.0,0.0
26.68,43.48,690.8,0.4,0.0,51.0,0.0,0.0
26.55,43.88,690.56,0.39,0.0,52.0,0.0,0.0
26.74,43.61,692.51,0.39,0.0,53.0,0.0,0.0
26.68,43.690000000000005,695.16,0.38,0.0,54.0,0.0,0.0
26.68,43.37,693.36,0.38,0.0,55.0,0.0,0.0
26.62,43.63,693.92,0.34,0.0,56.0,0.0,0.0
26.62,43.84,690.63,0.34,0.0,57.0,0.0,0.0
26.51,44.15,691.06,0.55,0.0,39.0,0.0,0.0
26.38,44.5,687.73,0.51,0.0,40.0,0.0,0.0
26.48,43.33,687.99,0.5,0.0,41.0,0.0,0.0
26.37,43.43,688.02,0.5,0.0,42.0,0.0,0.0
26.43,43.57,686.99,0.48,0.0,43.0,0.0,0.0
26.51,43.52,685.15,0.47,0.0,44.0,0.0,0.0
26.52,44.12,683.58,0.45999999999999996,0.0,45.0,0.0,0.0
26.55,44.29,684.11,0.45,0.0,46.0,0.0,0.0
26.52,44.87,684.61,0.43999999999999995,0.0,47.0,0.0,0.0
26.67,44.3,684.83,0.43,0.0,48.0,0.0,0.0
26.64,43.48,685.96,0.43,0.0,49.0,0.0,0.0
26.68,43.17,687.79,0.42,0.0,50.0,0.0,0.0
26.68,43.48,690.8,0.4,0.0,51.0,0.0,0.0
26.55,43.88,690.56,0.39,0.0,52.0,0.0,0.0
26.74,43.61,692.51,0.39,0.0,53.0,0.0,0.0
26.68,43.690000000000005,695.16,0.38,0.0,54.0,0.0,0.0
26.68,43.37,693.36,0.38,0.0,55.0,0.0,0.0
26.62,43.63,693.92,0.34,0.0,56.0,0.0,0.0
26.62,43.84,690.63,0.34,0.0,57.0,0.0,0.0
26.74,43.71,687.68,0.34,0.0,58.0,0.0,0.0
26.38,44.5,687.73,0.51,0.0,40.0,0.0,0.0
26.48,43.33,687.99,0.5,0.0,41.0,0.0,0.0
26.37,43.43,688.02,0.5,0.0,42.0,0.0,0.0
26.43,43.57,686.99,0.48,0.0,43.0,0.0,0.0
26.51,43.52,685.15,0.47,0.0,44.0,0.0,0.0
26.52,44.12,683.58,0.45999999999999996,0.0,45.0,0.0,0.0
26.55,44.29,684.11,0.45,0.0,46.0,0.0,0.0
26.52,44.87,684.61,0.43999999999999995,0.0,47.0,0.0,0.0
26.67,44.3,684.83,0.43,0.0,48.0,0.0,0.0
26.64,43.48,685.96,0.43,0.0,49.0,0.0,0.0
26.68,43.17,687.79,0.42,0.0,50.0,0.0,0.0
26.68,43.48,690.8,0.4,0.0,51.0,0.0,0.0
26.55,43.88,690.56,0.39,0.0,52.0,0.0,0.0
26.74,43.61,692.51,0.39,0.0,53.0,0.0,0.0
26.68,43.690000000000005,695.16,0.38,0.0,54.0,0.0,0.0
26.68,43.37,693.36,0.38,0.0,55.0,0.0,0.0
26.62,43.63,693.92,0.34,0.0,56.0,0.0,0.0
26.62,43.84,690.63,0.34,0.0,57.0,0.0,0.0
26.74,43.71,687.68,0.34,0.0,58.0,0.0,0.0
26.75,44.2,688.63,0.34,0.0,59.0,0.0,0.0
26.48,43.33,687.99,0.5,0.0,41.0,0.0,0.0
26.37,43.43,688.02,0.5,0.0,42.0,0.0,0.0
26.43,43.57,686.99,0.48,0.0,43.0,0.0,0.0
26.51,43.52,685.15,0.47,0.0,44.0,0.0,0.0
26.52,44.12,683.58,0.45999999999999996,0.0,45.0,0.0,0.0
26.55,44.29,684.11,0.45,0.0,46.0,0.0,0.0
26.52,44.87,684.61,0.43999999999999995,0.0,47.0,0.0,0.0
26.67,44.3,684.83,0.43,0.0,48.0,0.0,0.0
26.64,43.48,685.96,0.43,0.0,49.0,0.0,0.0
26.68,43.17,687.79,0.42,0.0,50.0,0.0,0.0
26.68,43.48,690.8,0.4,0.0,51.0,0.0,0.0
26.55,43.88,690.56,0.39,0.0,52.0,0.0,0.0
26.74,43.61,692.51,0.39,0.0,53.0,0.0,0.0
26.68,43.690000000000005,695.16,0.38,0.0,54.0,0.0,0.0
26.68,43.37,693.36,0.38,0.0,55.0,0.0,0.0
26.62,43.63,693.92,0.34,0.0,56.0,0.0,0.0
26.62,43.84,690.63,0.34,0.0,57.0,0.0,0.0
26.74,43.71,687.68,0.34,0.0,58.0,0.0,0.0
26.75,44.2,688.63,0.34,0.0,59.0,0.0,0.0
26.62,44.45,686.52,0.34,1.0,0.0,0.0,0.0
26.37,43.43,688.02,0.5,0.0,42.0,0.0,0.0
26.43,43.57,686.99,0.48,0.0,43.0,0.0,0.0
26.51,43.52,685.15,0.47,0.0,44.0,0.0,0.0
26.52,44.12,683.58,0.45999999999999996,0.0,45.0,0.0,0.0
26.55,44.29,684.11,0.45,0.0,46.0,0.0,0.0
26.52,44.87,684.61,0.43999999999999995,0.0,47.0,0.0,0.0
26.67,44.3,684.83,0.43,0.0,48.0,0.0,0.0
26.64,43.48,685.96,0.43,0.0,49.0,0.0,0.0
26.68,43.17,687.79,0.42,0.0,50.0,0.0,0.0
26.68,43.48,690.8,0.4,0.0,51.0,0.0,0.0
26.55,43.88,690.56,0.39,0.0,52.0,0.0,0.0
26.74,43.61,692.51,0.39,0.0,53.0,0.0,0.0
26.68,43.690000000000005,695.16,0.38,0.0,54.0,0.0,0.0
26.68,43.37,693.36,0.38,0.0,55.0,0.0,0.0
26.62,43.63,693.92,0.34,0.0,56.0,0.0,0.0
26.62,43.84,690.63,0.34,0.0,57.0,0.0,0.0
26.74,43.71,687.68,0.34,0.0,58.0,0.0,0.0
26.75,44.2,688.63,0.34,0.0,59.0,0.0,0.0
26.62,44.45,686.52,0.34,1.0,0.0,0.0,0.0
26.78,43.72,685.36,0.35,1.0,1.0,0.0,0.0
26.43,43.57,686.99,0.48,0.0,43.0,0.0,0.0
26.51,43.52,685.15,0.47,0.0,44.0,0.0,0.0
26.52,44.12,683.58,0.45999999999999996,0.0,45.0,0.0,0.0
26.55,44.29,684.11,0.45,0.0,46.0,0.0,0.0
26.52,44.87,684.61,0.43999999999999995,0.0,47.0,0.0,0.0
26.67,44.3,684.83,0.43,0.0,48.0,0.0,0.0
26.64,43.48,685.96,0.43,0.0,49.0,0.0,0.0
26.68,43.17,687.79,0.42,0.0,50.0,0.0,0.0
26.68,43.48,690.8,0.4,0.0,51.0,0.0,0.0
26.55,43.88,690.56,0.39,0.0,52.0,0.0,0.0
26.74,43.61,692.51,0.39,0.0,53.0,0.0,0.0
26.68,43.690000000000005,695.16,0.38,0.0,54.0,0.0,0.0
26.68,43.37,693.36,0.38,0.0,55.0,0.0,0.0
26.62,43.63,693.92,0.34,0.0,56.0,0.0,0.0
26.62,43.84,690.63,0.34,0.0,57.0,0.0,0.0
26.74,43.71,687.68,0.34,0.0,58.0,0.0,0.0
26.75,44.2,688.63,0.34,0.0,59.0,0.0,0.0
26.62,44.45,686.52,0.34,1.0,0.0,0.0,0.0
26.78,43.72,685.36,0.35,1.0,1.0,0.0,0.0
26.77,43.0,689.36,0.35,1.0,2.0,0.0,0.0
26.51,43.52,685.15,0.47,0.0,44.0,0.0,0.0
26.52,44.12,683.58,0.45999999999999996,0.0,45.0,0.0,0.0
26.55,44.29,684.11,0.45,0.0,46.0,0.0,0.0
26.52,44.87,684.61,0.43999999999999995,0.0,47.0,0.0,0.0
26.67,44.3,684.83,0.43,0.0,48.0,0.0,0.0
26.64,43.48,685.96,0.43,0.0,49.0,0.0,0.0
26.68,43.17,687.79,0.42,0.0,50.0,0.0,0.0
26.68,43.48,690.8,0.4,0.0,51.0,0.0,0.0
26.55,43.88,690.56,0.39,0.0,52.0,0.0,0.0
26.74,43.61,692.51,0.39,0.0,53.0,0.0,0.0
26.68,43.690000000000005,695.16,0.38,0.0,54.0,0.0,0.0
26.68,43.37,693.36,0.38,0.0,55.0,0.0,0.0
26.62,43.63,693.92,0.34,0.0,56.0,0.0,0.0
26.62,43.84,690.63,0.34,0.0,57.0,0.0,0.0
26.74,43.71,687.68,0.34,0.0,58.0,0.0,0.0
26.75,44.2,688.63,0.34,0.0,59.0,0.0,0.0
26.62,44.45,686.52,0.34,1.0,0.0,0.0,0.0
26.78,43.72,685.36,0.35,1.0,1.0,0.0,0.0
26.77,43.0,689.36,0.35,1.0,2.0,0.0,0.0
26.71,43.24,688.03,0.35,1.0,3.0,0.0,0.0
26.52,44.12,683.58,0.45999999999999996,0.0,45.0,0.0,0.0
26.55,44.29,684.11,0.45,0.0,46.0,0.0,0.0
26.52,44.87,684.61,0.43999999999999995,0.0,47.0,0.0,0.0
26.67,44.3,684.83,0.43,0.0,48.0,0.0,0.0
26.64,43.48,685.96,0.43,0.0,49.0,0.0,0.0
26.68,43.17,687.79,0.42,0.0,50.0,0.0,0.0
26.68,43.48,690.8,0.4,0.0,51.0,0.0,0.0
26.55,43.88,690.56,0.39,0.0,52.0,0.0,0.0
26.74,43.61,692.51,0.39,0.0,53.0,0.0,0.0
26.68,43.690000000000005,695.16,0.38,0.0,54.0,0.0,0.0
26.68,43.37,693.36,0.38,0.0,55.0,0.0,0.0
26.62,43.63,693.92,0.34,0.0,56.0,0.0,0.0
26.62,43.84,690.63,0.34,0.0,57.0,0.0,0.0
26.74,43.71,687.68,0.34,0.0,58.0,0.0,0.0
26.75,44.2,688.63,0.34,0.0,59.0,0.0,0.0
26.62,44.45,686.52,0.34,1.0,0.0,0.0,0.0
26.78,43.72,685.36,0.35,1.0,1.0,0.0,0.0
26.77,43.0,689.36,0.35,1.0,2.0,0.0,0.0
26.71,43.24,688.03,0.35,1.0,3.0,0.0,0.0
26.79,43.46,685.85,0.36,1.0,4.0,0.0,0.0
26.55,44.29,684.11,0.45,0.0,46.0,0.0,0.0
26.52,44.87,684.61,0.43999999999999995,0.0,47.0,0.0,0.0
26.67,44.3,684.83,0.43,0.0,48.0,0.0,0.0
26.64,43.48,685.96,0.43,0.0,49.0,0.0,0.0
26.68,43.17,687.79,0.42,0.0,50.0,0.0,0.0
26.68,43.48,690.8,0.4,0.0,51.0,0.0,0.0
26.55,43.88,690.56,0.39,0.0,52.0,0.0,0.0
26.74,43.61,692.51,0.39,0.0,53.0,0.0,0.0
26.68,43.690000000000005,695.16,0.38,0.0,54.0,0.0,0.0
26.68,43.37,693.36,0.38,0.0,55.0,0.0,0.0
26.62,43.63,693.92,0.34,0.0,56.0,0.0,0.0
26.62,43.84,690.63,0.34,0.0,57.0,0.0,0.0
26.74,43.71,687.68,0.34,0.0,58.0,0.0,0.0
26.75,44.2,688.63,0.34,0.0,59.0,0.0,0.0
26.62,44.45,686.52,0.34,1.0,0.0,0.0,0.0
26.78,43.72,685.36,0.35,1.0,1.0,0.0,0.0
26.77,43.0,689.36,0.35,1.0,2.0,0.0,0.0
26.71,43.24,688.03,0.35,1.0,3.0,0.0,0.0
26.79,43.46,685.85,0.36,1.0,4.0,0.0,0.0
26.71,43.59,687.34,0.36,1.0,5.0,0.0,0.0
26.52,44.87,684.61,0.43999999999999995,0.0,47.0,0.0,0.0
26.67,44.3,684.83,0.43,0.0,48.0,0.0,0.0
26.64,43.48,685.96,0.43,0.0,49.0,0.0,0.0
26.68,43.17,687.79,0.42,0.0,50.0,0.0,0.0
26.68,43.48,690.8,0.4,0.0,51.0,0.0,0.0
26.55,43.88,690.56,0.39,0.0,52.0,0.0,0.0
26.74,43.61,692.51,0.39,0.0,53.0,0.0,0.0
26.68,43.690000000000005,695.16,0.38,0.0,54.0,0.0,0.0
26.68,43.37,693.36,0.38,0.0,55.0,0.0,0.0
26.62,43.63,693.92,0.34,0.0,56.0,0.0,0.0
26.62,43.84,690.63,0.34,0.0,57.0,0.0,0.0
26.74,43.71,687.68,0.34,0.0,58.0,0.0,0.0
26.75,44.2,688.63,0.34,0.0,59.0,0.0,0.0
26.62,44.45,686.52,0.34,1.0,0.0,0.0,0.0
26.78,43.72,685.36,0.35,1.0,1.0,0.0,0.0
26.77,43.0,689.36,0.35,1.0,2.0,0.0,0.0
26.71,43.24,688.03,0.35,1.0,3.0,0.0,0.0
26.79,43.46,685.85,0.36,1.0,4.0,0.0,0.0
26.71,43.59,687.34,0.36,1.0,5.0,0.0,0.0
26.72,43.57,687.47,0.37,1.0,6.0,0.0,0.0
26.67,44.3,684.83,0.43,0.0,48.0,0.0,0.0
26.64,43.48,685.96,0.43,0.0,49.0,0.0,0.0
26.68,43.17,687.79,0.42,0.0,50.0,0.0,0.0
26.68,43.48,690.8,0.4,0.0,51.0,0.0,0.0
26.55,43.88,690.56,0.39,0.0,52.0,0.0,0.0
26.74,43.61,692.51,0.39,0.0,53.0,0.0,0.0
26.68,43.690000000000005,695.16,0.38,0.0,54.0,0.0,0.0
26.68,43.37,693.36,0.38,0.0,55.0,0.0,0.0
26.62,43.63,693.92,0.34,0.0,56.0,0.0,0.0
26.62,43.84,690.63,0.34,0.0,57.0,0.0,0.0
26.74,43.71,687.68,0.34,0.0,58.0,0.0,0.0
26.75,44.2,688.63,0.34,0.0,59.0,0.0,0.0
26.62,44.45,686.52,0.34,1.0,0.0,0.0,0.0
26.78,43.72,685.36,0.35,1.0,1.0,0.0,0.0
26.77,43.0,689.36,0.35,1.0,2.0,0.0,0.0
26.71,43.24,688.03,0.35,1.0,3.0,0.0,0.0
26.79,43.46,685.85,0.36,1.0,4.0,0.0,0.0
26.71,43.59,687.34,0.36,1.0,5.0,0.0,0.0
26.72,43.57,687.47,0.37,1.0,6.0,0.0,0.0
26.71,43.43,688.12,0.38,1.0,7.0,0.0,0.0
26.64,43.48,685.96,0.43,0.0,49.0,0.0,0.0
26.68,43.17,687.79,0.42,0.0,50.0,0.0,0.0
26.68,43.48,690.8,0.4,0.0,51.0,0.0,0.0
26.55,43.88,690.56,0.39,0.0,52.0,0.0,0.0
26.74,43.61,692.51,0.39,0.0,53.0,0.0,0.0
26.68,43.690000000000005,695.16,0.38,0.0,54.0,0.0,0.0
26.68,43.37,693.36,0.38,0.0,55.0,0.0,0.0
26.62,43.63,693.92,0.34,0.0,56.0,0.0,0.0
26.62,43.84,690.63,0.34,0.0,57.0,0.0,0.0
26.74,43.71,687.68,0.34,0.0,58.0,0.0,0.0
26.75,44.2,688.63,0.34,0.0,59.0,0.0,0.0
26.62,44.45,686.52,0.34,1.0,0.0,0.0,0.0
26.78,43.72,685.36,0.35,1.0,1.0,0.0,0.0
26.77,43.0,689.36,0.35,1.0,2.0,0.0,0.0
26.71,43.24,688.03,0.35,1.0,3.0,0.0,0.0
26.79,43.46,685.85,0.36,1.0,4.0,0.0,0.0
26.71,43.59,687.34,0.36,1.0,5.0,0.0,0.0
26.72,43.57,687.47,0.37,1.0,6.0,0.0,0.0
26.71,43.43,688.12,0.38,1.0,7.0,0.0,0.0
26.68,43.49,690.3,0.38,1.0,8.0,0.0,0.0
26.68,43.17,687.79,0.42,0.0,50.0,0.0,0.0
26.68,43.48,690.8,0.4,0.0,51.0,0.0,0.0
26.55,43.88,690.56,0.39,0.0,52.0,0.0,0.0
26.74,43.61,692.51,0.39,0.0,53.0,0.0,0.0
26.68,43.690000000000005,695.16,0.38,0.0,54.0,0.0,0.0
26.68,43.37,693.36,0.38,0.0,55.0,0.0,0.0
26.62,43.63,693.92,0.34,0.0,56.0,0.0,0.0
26.62,43.84,690.63,0.34,0.0,57.0,0.0,0.0
26.74,43.71,687.68,0.34,0.0,58.0,0.0,0.0
26.75,44.2,688.63,0.34,0.0,59.0,0.0,0.0
26.62,44.45,686.52,0.34,1.0,0.0,0.0,0.0
26.78,43.72,685.36,0.35,1.0,1.0,0.0,0.0
26.77,43.0,689.36,0.35,1.0,2.0,0.0,0.0
26.71,43.24,688.03,0.35,1.0,3.0,0.0,0.0
26.79,43.46,685.85,0.36,1.0,4.0,0.0,0.0
26.71,43.59,687.34,0.36,1.0,5.0,0.0,0.0
26.72,43.57,687.47,0.37,1.0,6.0,0.0,0.0
26.71,43.43,688.12,0.38,1.0,7.0,0.0,0.0
26.68,43.49,690.3,0.38,1.0,8.0,0.0,0.0
26.64,43.68,689.4,0.38,1.0,9.0,0.0,0.0
26.68,43.48,690.8,0.4,0.0,51.0,0.0,0.0
26.55,43.88,690.56,0.39,0.0,52.0,0.0,0.0
26.74,43.61,692.51,0.39,0.0,53.0,0.0,0.0
26.68,43.690000000000005,695.16,0.38,0.0,54.0,0.0,0.0
26.68,43.37,693.36,0.38,0.0,55.0,0.0,0.0
26.62,43.63,693.92,0.34,0.0,56.0,0.0,0.0
26.62,43.84,690.63,0.34,0.0,57.0,0.0,0.0
26.74,43.71,687.68,0.34,0.0,58.0,0.0,0.0
26.75,44.2,688.63,0.34,0.0,59.0,0.0,0.0
26.62,44.45,686.52,0.34,1.0,0.0,0.0,0.0
26.78,43.72,685.36,0.35,1.0,1.0,0.0,0.0
26.77,43.0,689.36,0.35,1.0,2.0,0.0,0.0
26.71,43.24,688.03,0.35,1.0,3.0,0.0,0.0
26.79,43.46,685.85,0.36,1.0,4.0,0.0,0.0
26.71,43.59,687.34,0.36,1.0,5.0,0.0,0.0
26.72,43.57,687.47,0.37,1.0,6.0,0.0,0.0
26.71,43.43,688.12,0.38,1.0,7.0,0.0,0.0
26.68,43.49,690.3,0.38,1.0,8.0,0.0,0.0
26.64,43.68,689.4,0.38,1.0,9.0,0.0,0.0
26.52,44.02,682.82,0.38,1.0,10.0,0.0,0.0
26.55,43.88,690.56,0.39,0.0,52.0,0.0,0.0
26.74,43.61,692.51,0.39,0.0,53.0,0.0,0.0
26.68,43.690000000000005,695.16,0.38,0.0,54.0,0.0,0.0
26.68,43.37,693.36,0.38,0.0,55.0,0.0,0.0
26.62,43.63,693.92,0.34,0.0,56.0,0.0,0.0
26.62,43.84,690.63,0.34,0.0,57.0,0.0,0.0
26.74,43.71,687.68,0.34,0.0,58.0,0.0,0.0
26.75,44.2,688.63,0.34,0.0,59.0,0.0,0.0
26.62,44.45,686.52,0.34,1.0,0.0,0.0,0.0
26.78,43.72,685.36,0.35,1.0,1.0,0.0,0.0
26.77,43.0,689.36,0.35,1.0,2.0,0.0,0.0
26.71,43.24,688.03,0.35,1.0,3.0,0.0,0.0
26.79,43.46,685.85,0.36,1.0,4.0,0.0,0.0
26.71,43.59,687.34,0.36,1.0,5.0,0.0,0.0
26.72,43.57,687.47,0.37,1.0,6.0,0.0,0.0
26.71,43.43,688.12,0.38,1.0,7.0,0.0,0.0
26.68,43.49,690.3,0.38,1.0,8.0,0.0,0.0
26.64,43.68,689.4,0.38,1.0,9.0,0.0,0.0
26.52,44.02,682.82,0.38,1.0,10.0,0.0,0.0
26.55,44.1,682.25,0.38,1.0,11.0,0.0,0.0
26.74,43.61,692.51,0.39,0.0,53.0,0.0,0.0
26.68,43.690000000000005,695.16,0.38,0.0,54.0,0.0,0.0
26.68,43.37,693.36,0.38,0.0,55.0,0.0,0.0
26.62,43.63,693.92,0.34,0.0,56.0,0.0,0.0
26.62,43.84,690.63,0.34,0.0,57.0,0.0,0.0
26.74,43.71,687.68,0.34,0.0,58.0,0.0,0.0
26.75,44.2,688.63,0.34,0.0,59.0,0.0,0.0
26.62,44.45,686.52,0.34,1.0,0.0,0.0,0.0
26.78,43.72,685.36,0.35,1.0,1.0,0.0,0.0
26.77,43.0,689.36,0.35,1.0,2.0,0.0,0.0
26.71,43.24,688.03,0.35,1.0,3.0,0.0,0.0
26.79,43.46,685.85,0.36,1.0,4.0,0.0,0.0
26.71,43.59,687.34,0.36,1.0,5.0,0.0,0.0
26.72,43.57,687.47,0.37,1.0,6.0,0.0,0.0
26.71,43.43,688.12,0.38,1.0,7.0,0.0,0.0
26.68,43.49,690.3,0.38,1.0,8.0,0.0,0.0
26.64,43.68,689.4,0.38,1.0,9.0,0.0,0.0
26.52,44.02,682.82,0.38,1.0,10.0,0.0,0.0
26.55,44.1,682.25,0.38,1.0,11.0,0.0,0.0
26.7,44.28,681.56,0.38,1.0,12.0,0.0,0.0
26.68,43.690000000000005,695.16,0.38,0.0,54.0,0.0,0.0
26.68,43.37,693.36,0.38,0.0,55.0,0.0,0.0
26.62,43.63,693.92,0.34,0.0,56.0,0.0,0.0
26.62,43.84,690.63,0.34,0.0,57.0,0.0,0.0
26.74,43.71,687.68,0.34,0.0,58.0,0.0,0.0
26.75,44.2,688.63,0.34,0.0,59.0,0.0,0.0
26.62,44.45,686.52,0.34,1.0,0.0,0.0,0.0
26.78,43.72,685.36,0.35,1.0,1.0,0.0,0.0
26.77,43.0,689.36,0.35,1.0,2.0,0.0,0.0
26.71,43.24,688.03,0.35,1.0,3.0,0.0,0.0
26.79,43.46,685.85,0.36,1.0,4.0,0.0,0.0
26.71,43.59,687.34,0.36,1.0,5.0,0.0,0.0
26.72,43.57,687.47,0.37,1.0,6.0,0.0,0.0
26.71,43.43,688.12,0.38,1.0,7.0,0.0,0.0
26.68,43.49,690.3,0.38,1.0,8.0,0.0,0.0
26.64,43.68,689.4,0.38,1.0,9.0,0.0,0.0
26.52,44.02,682.82,0.38,1.0,10.0,0.0,0.0
26.55,44.1,682.25,0.38,1.0,11.0,0.0,0.0
26.7,44.28,681.56,0.38,1.0,12.0,0.0,0.0
26.65,44.47,685.03,0.37,1.0,13.0,0.0,0.0
26.68,43.37,693.36,0.38,0.0,55.0,0.0,0.0
26.62,43.63,693.92,0.34,0.0,56.0,0.0,0.0
26.62,43.84,690.63,0.34,0.0,57.0,0.0,0.0
26.74,43.71,687.68,0.34,0.0,58.0,0.0,0.0
26.75,44.2,688.63,0.34,0.0,59.0,0.0,0.0
26.62,44.45,686.52,0.34,1.0,0.0,0.0,0.0
26.78,43.72,685.36,0.35,1.0,1.0,0.0,0.0
26.77,43.0,689.36,0.35,1.0,2.0,0.0,0.0
26.71,43.24,688.03,0.35,1.0,3.0,0.0,0.0
26.79,43.46,685.85,0.36,1.0,4.0,0.0,0.0
26.71,43.59,687.34,0.36,1.0,5.0,0.0,0.0
26.72,43.57,687.47,0.37,1.0,6.0,0.0,0.0
26.71,43.43,688.12,0.38,1.0,7.0,0.0,0.0
26.68,43.49,690.3,0.38,1.0,8.0,0.0,0.0
26.64,43.68,689.4,0.38,1.0,9.0,0.0,0.0
26.52,44.02,682.82,0.38,1.0,10.0,0.0,0.0
26.55,44.1,682.25,0.38,1.0,11.0,0.0,0.0
26.7,44.28,681.56,0.38,1.0,12.0,0.0,0.0
26.65,44.47,685.03,0.37,1.0,13.0,0.0,0.0
26.81,43.25,685.1,0.37,1.0,14.0,0.0,0.0
26.62,43.63,693.92,0.34,0.0,56.0,0.0,0.0
26.62,43.84,690.63,0.34,0.0,57.0,0.0,0.0
26.74,43.71,687.68,0.34,0.0,58.0,0.0,0.0
26.75,44.2,688.63,0.34,0.0,59.0,0.0,0.0
26.62,44.45,686.52,0.34,1.0,0.0,0.0,0.0
26.78,43.72,685.36,0.35,1.0,1.0,0.0,0.0
26.77,43.0,689.36,0.35,1.0,2.0,0.0,0.0
26.71,43.24,688.03,0.35,1.0,3.0,0.0,0.0
26.79,43.46,685.85,0.36,1.0,4.0,0.0,0.0
26.71,43.59,687.34,0.36,1.0,5.0,0.0,0.0
26.72,43.57,687.47,0.37,1.0,6.0,0.0,0.0
26.71,43.43,688.12,0.38,1.0,7.0,0.0,0.0
26.68,43.49,690.3,0.38,1.0,8.0,0.0,0.0
26.64,43.68,689.4,0.38,1.0,9.0,0.0,0.0
26.52,44.02,682.82,0.38,1.0,10.0,0.0,0.0
26.55,44.1,682.25,0.38,1.0,11.0,0.0,0.0
26.7,44.28,681.56,0.38,1.0,12.0,0.0,0.0
26.65,44.47,685.03,0.37,1.0,13.0,0.0,0.0
26.81,43.25,685.1,0.37,1.0,14.0,0.0,0.0
26.79,42.82,689.07,0.37,1.0,15.0,0.0,0.0
26.62,43.84,690.63,0.34,0.0,57.0,0.0,0.0
26.74,43.71,687.68,0.34,0.0,58.0,0.0,0.0
26.75,44.2,688.63,0.34,0.0,59.0,0.0,0.0
26.62,44.45,686.52,0.34,1.0,0.0,0.0,0.0
26.78,43.72,685.36,0.35,1.0,1.0,0.0,0.0
26.77,43.0,689.36,0.35,1.0,2.0,0.0,0.0
26.71,43.24,688.03,0.35,1.0,3.0,0.0,0.0
26.79,43.46,685.85,0.36,1.0,4.0,0.0,0.0
26.71,43.59,687.34,0.36,1.0,5.0,0.0,0.0
26.72,43.57,687.47,0.37,1.0,6.0,0.0,0.0
26.71,43.43,688.12,0.38,1.0,7.0,0.0,0.0
26.68,43.49,690.3,0.38,1.0,8.0,0.0,0.0
26.64,43.68,689.4,0.38,1.0,9.0,0.0,0.0
26.52,44.02,682.82,0.38,1.0,10.0,0.0,0.0
26.55,44.1,682.25,0.38,1.0,11.0,0.0,0.0
26.7,44.28,681.56,0.38,1.0,12.0,0.0,0.0
26.65,44.47,685.03,0.37,1.0,13.0,0.0,0.0
26.81,43.25,685.1,0.37,1.0,14.0,0.0,0.0
26.79,42.82,689.07,0.37,1.0,15.0,0.0,0.0
26.79,43.05,689.25,0.37,1.0,16.0,0.0,0.0
26.74,43.71,687.68,0.34,0.0,58.0,0.0,0.0
26.75,44.2,688.63,0.34,0.0,59.0,0.0,0.0
26.62,44.45,686.52,0.34,1.0,0.0,0.0,0.0
26.78,43.72,685.36,0.35,1.0,1.0,0.0,0.0
26.77,43.0,689.36,0.35,1.0,2.0,0.0,0.0
26.71,43.24,688.03,0.35,1.0,3.0,0.0,0.0
26.79,43.46,685.85,0.36,1.0,4.0,0.0,0.0
26.71,43.59,687.34,0.36,1.0,5.0,0.0,0.0
26.72,43.57,687.47,0.37,1.0,6.0,0.0,0.0
26.71,43.43,688.12,0.38,1.0,7.0,0.0,0.0
26.68,43.49,690.3,0.38,1.0,8.0,0.0,0.0
26.64,43.68,689.4,0.38,1.0,9.0,0.0,0.0
26.52,44.02,682.82,0.38,1.0,10.0,0.0,0.0
26.55,44.1,682.25,0.38,1.0,11.0,0.0,0.0
26.7,44.28,681.56,0.38,1.0,12.0,0.0,0.0
26.65,44.47,685.03,0.37,1.0,13.0,0.0,0.0
26.81,43.25,685.1,0.37,1.0,14.0,0.0,0.0
26.79,42.82,689.07,0.37,1.0,15.0,0.0,0.0
26.79,43.05,689.25,0.37,1.0,16.0,0.0,0.0
26.72,43.56,690.58,0.36,1.0,17.0,0.0,0.0
26.75,44.2,688.63,0.34,0.0,59.0,0.0,0.0
26.62,44.45,686.52,0.34,1.0,0.0,0.0,0.0
26.78,43.72,685.36,0.35,1.0,1.0,0.0,0.0
26.77,43.0,689.36,0.35,1.0,2.0,0.0,0.0
26.71,43.24,688.03,0.35,1.0,3.0,0.0,0.0
26.79,43.46,685.85,0.36,1.0,4.0,0.0,0.0
26.71,43.59,687.34,0.36,1.0,5.0,0.0,0.0
26.72,43.57,687.47,0.37,1.0,6.0,0.0,0.0
26.71,43.43,688.12,0.38,1.0,7.0,0.0,0.0
26.68,43.49,690.3,0.38,1.0,8.0,0.0,0.0
26.64,43.68,689.4,0.38,1.0,9.0,0.0,0.0
26.52,44.02,682.82,0.38,1.0,10.0,0.0,0.0
26.55,44.1,682.25,0.38,1.0,11.0,0.0,0.0
26.7,44.28,681.56,0.38,1.0,12.0,0.0,0.0
26.65,44.47,685.03,0.37,1.0,13.0,0.0,0.0
26.81,43.25,685.1,0.37,1.0,14.0,0.0,0.0
26.79,42.82,689.07,0.37,1.0,15.0,0.0,0.0
26.79,43.05,689.25,0.37,1.0,16.0,0.0,0.0
26.72,43.56,690.58,0.36,1.0,17.0,0.0,0.0
26.65,43.87,687.26,0.35,1.0,18.0,0.0,0.0
26.62,44.45,686.52,0.34,1.0,0.0,0.0,0.0
26.78,43.72,685.36,0.35,1.0,1.0,0.0,0.0
26.77,43.0,689.36,0.35,1.0,2.0,0.0,0.0
26.71,43.24,688.03,0.35,1.0,3.0,0.0,0.0
26.79,43.46,685.85,0.36,1.0,4.0,0.0,0.0
26.71,43.59,687.34,0.36,1.0,5.0,0.0,0.0
26.72,43.57,687.47,0.37,1.0,6.0,0.0,0.0
26.71,43.43,688.12,0.38,1.0,7.0,0.0,0.0
26.68,43.49,690.3,0.38,1.0,8.0,0.0,0.0
26.64,43.68,689.4,0.38,1.0,9.0,0.0,0.0
26.52,44.02,682.82,0.38,1.0,10.0,0.0,0.0
26.55,44.1,682.25,0.38,1.0,11.0,0.0,0.0
26.7,44.28,681.56,0.38,1.0,12.0,0.0,0.0
26.65,44.47,685.03,0.37,1.0,13.0,0.0,0.0
26.81,43.25,685.1,0.37,1.0,14.0,0.0,0.0
26.79,42.82,689.07,0.37,1.0,15.0,0.0,0.0
26.79,43.05,689.25,0.37,1.0,16.0,0.0,0.0
26.72,43.56,690.58,0.36,1.0,17.0,0.0,0.0
26.65,43.87,687.26,0.35,1.0,18.0,0.0,0.0
26.77,43.76,686.24,0.35,1.0,19.0,0.0,0.0
26.78,43.72,685.36,0.35,1.0,1.0,0.0,0.0
26.77,43.0,689.36,0.35,1.0,2.0,0.0,0.0
26.71,43.24,688.03,0.35,1.0,3.0,0.0,0.0
26.79,43.46,685.85,0.36,1.0,4.0,0.0,0.0
26.71,43.59,687.34,0.36,1.0,5.0,0.0,0.0
26.72,43.57,687.47,0.37,1.0,6.0,0.0,0.0
26.71,43.43,688.12,0.38,1.0,7.0,0.0,0.0
26.68,43.49,690.3,0.38,1.0,8.0,0.0,0.0
26.64,43.68,689.4,0.38,1.0,9.0,0.0,0.0
26.52,44.02,682.82,0.38,1.0,10.0,0.0,0.0
26.55,44.1,682.25,0.38,1.0,11.0,0.0,0.0
26.7,44.28,681.56,0.38,1.0,12.0,0.0,0.0
26.65,44.47,685.03,0.37,1.0,13.0,0.0,0.0
26.81,43.25,685.1,0.37,1.0,14.0,0.0,0.0
26.79,42.82,689.07,0.37,1.0,15.0,0.0,0.0
26.79,43.05,689.25,0.37,1.0,16.0,0.0,0.0
26.72,43.56,690.58,0.36,1.0,17.0,0.0,0.0
26.65,43.87,687.26,0.35,1.0,18.0,0.0,0.0
26.77,43.76,686.24,0.35,1.0,19.0,0.0,0.0
26.77,44.07,685.36,0.35,1.0,20.0,0.0,0.0
26.77,43.0,689.36,0.35,1.0,2.0,0.0,0.0
26.71,43.24,688.03,0.35,1.0,3.0,0.0,0.0
26.79,43.46,685.85,0.36,1.0,4.0,0.0,0.0
26.71,43.59,687.34,0.36,1.0,5.0,0.0,0.0
26.72,43.57,687.47,0.37,1.0,6.0,0.0,0.0
26.71,43.43,688.12,0.38,1.0,7.0,0.0,0.0
26.68,43.49,690.3,0.38,1.0,8.0,0.0,0.0
26.64,43.68,689.4,0.38,1.0,9.0,0.0,0.0
26.52,44.02,682.82,0.38,1.0,10.0,0.0,0.0
26.55,44.1,682.25,0.38,1.0,11.0,0.0,0.0
26.7,44.28,681.56,0.38,1.0,12.0,0.0,0.0
26.65,44.47,685.03,0.37,1.0,13.0,0.0,0.0
26.81,43.25,685.1,0.37,1.0,14.0,0.0,0.0
26.79,42.82,689.07,0.37,1.0,15.0,0.0,0.0
26.79,43.05,689.25,0.37,1.0,16.0,0.0,0.0
26.72,43.56,690.58,0.36,1.0,17.0,0.0,0.0
26.65,43.87,687.26,0.35,1.0,18.0,0.0,0.0
26.77,43.76,686.24,0.35,1.0,19.0,0.0,0.0
26.77,44.07,685.36,0.35,1.0,20.0,0.0,0.0
26.74,44.35,685.44,0.36,1.0,21.0,0.0,0.0
26.71,43.24,688.03,0.35,1.0,3.0,0.0,0.0
26.79,43.46,685.85,0.36,1.0,4.0,0.0,0.0
26.71,43.59,687.34,0.36,1.0,5.0,0.0,0.0
26.72,43.57,687.47,0.37,1.0,6.0,0.0,0.0
26.71,43.43,688.12,0.38,1.0,7.0,0.0,0.0
26.68,43.49,690.3,0.38,1.0,8.0,0.0,0.0
26.64,43.68,689.4,0.38,1.0,9.0,0.0,0.0
26.52,44.02,682.82,0.38,1.0,10.0,0.0,0.0
26.55,44.1,682.25,0.38,1.0,11.0,0.0,0.0
26.7,44.28,681.56,0.38,1.0,12.0,0.0,0.0
26.65,44.47,685.03,0.37,1.0,13.0,0.0,0.0
26.81,43.25,685.1,0.37,1.0,14.0,0.0,0.0
26.79,42.82,689.07,0.37,1.0,15.0,0.0,0.0
26.79,43.05,689.25,0.37,1.0,16.0,0.0,0.0
26.72,43.56,690.58,0.36,1.0,17.0,0.0,0.0
26.65,43.87,687.26,0.35,1.0,18.0,0.0,0.0
26.77,43.76,686.24,0.35,1.0,19.0,0.0,0.0
26.77,44.07,685.36,0.35,1.0,20.0,0.0,0.0
26.74,44.35,685.44,0.36,1.0,21.0,0.0,0.0
26.78,44.08,684.89,0.35,1.0,22.0,0.0,0.0
26.79,43.46,685.85,0.36,1.0,4.0,0.0,0.0
26.71,43.59,687.34,0.36,1.0,5.0,0.0,0.0
26.72,43.57,687.47,0.37,1.0,6.0,0.0,0.0
26.71,43.43,688.12,0.38,1.0,7.0,0.0,0.0
26.68,43.49,690.3,0.38,1.0,8.0,0.0,0.0
26.64,43.68,689.4,0.38,1.0,9.0,0.0,0.0
26.52,44.02,682.82,0.38,1.0,10.0,0.0,0.0
26.55,44.1,682.25,0.38,1.0,11.0,0.0,0.0
26.7,44.28,681.56,0.38,1.0,12.0,0.0,0.0
26.65,44.47,685.03,0.37,1.0,13.0,0.0,0.0
26.81,43.25,685.1,0.37,1.0,14.0,0.0,0.0
26.79,42.82,689.07,0.37,1.0,15.0,0.0,0.0
26.79,43.05,689.25,0.37,1.0,16.0,0.0,0.0
26.72,43.56,690.58,0.36,1.0,17.0,0.0,0.0
26.65,43.87,687.26,0.35,1.0,18.0,0.0,0.0
26.77,43.76,686.24,0.35,1.0,19.0,0.0,0.0
26.77,44.07,685.36,0.35,1.0,20.0,0.0,0.0
26.74,44.35,685.44,0.36,1.0,21.0,0.0,0.0
26.78,44.08,684.89,0.35,1.0,22.0,0.0,0.0
26.86,42.91,688.5,0.35,1.0,23.0,0.0,0.0
26.71,43.59,687.34,0.36,1.0,5.0,0.0,0.0
26.72,43.57,687.47,0.37,1.0,6.0,0.0,0.0
26.71,43.43,688.12,0.38,1.0,7.0,0.0,0.0
26.68,43.49,690.3,0.38,1.0,8.0,0.0,0.0
26.64,43.68,689.4,0.38,1.0,9.0,0.0,0.0
26.52,44.02,682.82,0.38,1.0,10.0,0.0,0.0
26.55,44.1,682.25,0.38,1.0,11.0,0.0,0.0
26.7,44.28,681.56,0.38,1.0,12.0,0.0,0.0
26.65,44.47,685.03,0.37,1.0,13.0,0.0,0.0
26.81,43.25,685.1,0.37,1.0,14.0,0.0,0.0
26.79,42.82,689.07,0.37,1.0,15.0,0.0,0.0
26.79,43.05,689.25,0.37,1.0,16.0,0.0,0.0
26.72,43.56,690.58,0.36,1.0,17.0,0.0,0.0
26.65,43.87,687.26,0.35,1.0,18.0,0.0,0.0
26.77,43.76,686.24,0.35,1.0,19.0,0.0,0.0
26.77,44.07,685.36,0.35,1.0,20.0,0.0,0.0
26.74,44.35,685.44,0.36,1.0,21.0,0.0,0.0
26.78,44.08,684.89,0.35,1.0,22.0,0.0,0.0
26.86,42.91,688.5,0.35,1.0,23.0,0.0,0.0
26.79,43.22,687.23,0.36,1.0,24.0,0.0,0.0
26.72,43.57,687.47,0.37,1.0,6.0,0.0,0.0
26.71,43.43,688.12,0.38,1.0,7.0,0.0,0.0
26.68,43.49,690.3,0.38,1.0,8.0,0.0,0.0
26.64,43.68,689.4,0.38,1.0,9.0,0.0,0.0
26.52,44.02,682.82,0.38,1.0,10.0,0.0,0.0
26.55,44.1,682.25,0.38,1.0,11.0,0.0,0.0
26.7,44.28,681.56,0.38,1.0,12.0,0.0,0.0
26.65,44.47,685.03,0.37,1.0,13.0,0.0,0.0
26.81,43.25,685.1,0.37,1.0,14.0,0.0,0.0
26.79,42.82,689.07,0.37,1.0,15.0,0.0,0.0
26.79,43.05,689.25,0.37,1.0,16.0,0.0,0.0
26.72,43.56,690.58,0.36,1.0,17.0,0.0,0.0
26.65,43.87,687.26,0.35,1.0,18.0,0.0,0.0
26.77,43.76,686.24,0.35,1.0,19.0,0.0,0.0
26.77,44.07,685.36,0.35,1.0,20.0,0.0,0.0
26.74,44.35,685.44,0.36,1.0,21.0,0.0,0.0
26.78,44.08,684.89,0.35,1.0,22.0,0.0,0.0
26.86,42.91,688.5,0.35,1.0,23.0,0.0,0.0
26.79,43.22,687.23,0.36,1.0,24.0,0.0,0.0
26.85,43.33,688.0,0.36,1.0,25.0,0.0,0.0
26.71,43.43,688.12,0.38,1.0,7.0,0.0,0.0
26.68,43.49,690.3,0.38,1.0,8.0,0.0,0.0
26.64,43.68,689.4,0.38,1.0,9.0,0.0,0.0
26.52,44.02,682.82,0.38,1.0,10.0,0.0,0.0
26.55,44.1,682.25,0.38,1.0,11.0,0.0,0.0
26.7,44.28,681.56,0.38,1.0,12.0,0.0,0.0
26.65,44.47,685.03,0.37,1.0,13.0,0.0,0.0
26.81,43.25,685.1,0.37,1.0,14.0,0.0,0.0
26.79,42.82,689.07,0.37,1.0,15.0,0.0,0.0
26.79,43.05,689.25,0.37,1.0,16.0,0.0,0.0
26.72,43.56,690.58,0.36,1.0,17.0,0.0,0.0
26.65,43.87,687.26,0.35,1.0,18.0,0.0,0.0
26.77,43.76,686.24,0.35,1.0,19.0,0.0,0.0
26.77,44.07,685.36,0.35,1.0,20.0,0.0,0.0
26.74,44.35,685.44,0.36,1.0,21.0,0.0,0.0
26.78,44.08,684.89,0.35,1.0,22.0,0.0,0.0
26.86,42.91,688.5,0.35,1.0,23.0,0.0,0.0
26.79,43.22,687.23,0.36,1.0,24.0,0.0,0.0
26.85,43.33,688.0,0.36,1.0,25.0,0.0,0.0
26.82,43.46,688.48,0.36,1.0,26.0,0.0,0.0
26.68,43.49,690.3,0.38,1.0,8.0,0.0,0.0
26.64,43.68,689.4,0.38,1.0,9.0,0.0,0.0
26.52,44.02,682.82,0.38,1.0,10.0,0.0,0.0
26.55,44.1,682.25,0.38,1.0,11.0,0.0,0.0
26.7,44.28,681.56,0.38,1.0,12.0,0.0,0.0
26.65,44.47,685.03,0.37,1.0,13.0,0.0,0.0
26.81,43.25,685.1,0.37,1.0,14.0,0.0,0.0
26.79,42.82,689.07,0.37,1.0,15.0,0.0,0.0
26.79,43.05,689.25,0.37,1.0,16.0,0.0,0.0
26.72,43.56,690.58,0.36,1.0,17.0,0.0,0.0
26.65,43.87,687.26,0.35,1.0,18.0,0.0,0.0
26.77,43.76,686.24,0.35,1.0,19.0,0.0,0.0
26.77,44.07,685.36,0.35,1.0,20.0,0.0,0.0
26.74,44.35,685.44,0.36,1.0,21.0,0.0,0.0
26.78,44.08,684.89,0.35,1.0,22.0,0.0,0.0
26.86,42.91,688.5,0.35,1.0,23.0,0.0,0.0
26.79,43.22,687.23,0.36,1.0,24.0,0.0,0.0
26.85,43.33,688.0,0.36,1.0,25.0,0.0,0.0
26.82,43.46,688.48,0.36,1.0,26.0,0.0,0.0
26.85,43.51,692.9100000000001,0.36,1.0,27.0,0.0,0.0
26.64,43.68,689.4,0.38,1.0,9.0,0.0,0.0
26.52,44.02,682.82,0.38,1.0,10.0,0.0,0.0
26.55,44.1,682.25,0.38,1.0,11.0,0.0,0.0
26.7,44.28,681.56,0.38,1.0,12.0,0.0,0.0
26.65,44.47,685.03,0.37,1.0,13.0,0.0,0.0
26.81,43.25,685.1,0.37,1.0,14.0,0.0,0.0
26.79,42.82,689.07,0.37,1.0,15.0,0.0,0.0
26.79,43.05,689.25,0.37,1.0,16.0,0.0,0.0
26.72,43.56,690.58,0.36,1.0,17.0,0.0,0.0
26.65,43.87,687.26,0.35,1.0,18.0,0.0,0.0
26.77,43.76,686.24,0.35,1.0,19.0,0.0,0.0
26.77,44.07,685.36,0.35,1.0,20.0,0.0,0.0
26.74,44.35,685.44,0.36,1.0,21.0,0.0,0.0
26.78,44.08,684.89,0.35,1.0,22.0,0.0,0.0
26.86,42.91,688.5,0.35,1.0,23.0,0.0,0.0
26.79,43.22,687.23,0.36,1.0,24.0,0.0,0.0
26.85,43.33,688.0,0.36,1.0,25.0,0.0,0.0
26.82,43.46,688.48,0.36,1.0,26.0,0.0,0.0
26.85,43.51,692.9100000000001,0.36,1.0,27.0,0.0,0.0
26.77,43.55,693.8200000000002,0.37,1.0,28.0,0.0,0.0
26.52,44.02,682.82,0.38,1.0,10.0,0.0,0.0
26.55,44.1,682.25,0.38,1.0,11.0,0.0,0.0
26.7,44.28,681.56,0.38,1.0,12.0,0.0,0.0
26.65,44.47,685.03,0.37,1.0,13.0,0.0,0.0
26.81,43.25,685.1,0.37,1.0,14.0,0.0,0.0
26.79,42.82,689.07,0.37,1.0,15.0,0.0,0.0
26.79,43.05,689.25,0.37,1.0,16.0,0.0,0.0
26.72,43.56,690.58,0.36,1.0,17.0,0.0,0.0
26.65,43.87,687.26,0.35,1.0,18.0,0.0,0.0
26.77,43.76,686.24,0.35,1.0,19.0,0.0,0.0
26.77,44.07,685.36,0.35,1.0,20.0,0.0,0.0
26.74,44.35,685.44,0.36,1.0,21.0,0.0,0.0
26.78,44.08,684.89,0.35,1.0,22.0,0.0,0.0
26.86,42.91,688.5,0.35,1.0,23.0,0.0,0.0
26.79,43.22,687.23,0.36,1.0,24.0,0.0,0.0
26.85,43.33,688.0,0.36,1.0,25.0,0.0,0.0
26.82,43.46,688.48,0.36,1.0,26.0,0.0,0.0
26.85,43.51,692.9100000000001,0.36,1.0,27.0,0.0,0.0
26.77,43.55,693.8200000000002,0.37,1.0,28.0,0.0,0.0
26.74,43.51,691.68,0.37,1.0,29.0,0.0,0.0
26.55,44.1,682.25,0.38,1.0,11.0,0.0,0.0
26.7,44.28,681.56,0.38,1.0,12.0,0.0,0.0
26.65,44.47,685.03,0.37,1.0,13.0,0.0,0.0
26.81,43.25,685.1,0.37,1.0,14.0,0.0,0.0
26.79,42.82,689.07,0.37,1.0,15.0,0.0,0.0
26.79,43.05,689.25,0.37,1.0,16.0,0.0,0.0
26.72,43.56,690.58,0.36,1.0,17.0,0.0,0.0
26.65,43.87,687.26,0.35,1.0,18.0,0.0,0.0
26.77,43.76,686.24,0.35,1.0,19.0,0.0,0.0
26.77,44.07,685.36,0.35,1.0,20.0,0.0,0.0
26.74,44.35,685.44,0.36,1.0,21.0,0.0,0.0
26.78,44.08,684.89,0.35,1.0,22.0,0.0,0.0
26.86,42.91,688.5,0.35,1.0,23.0,0.0,0.0
26.79,43.22,687.23,0.36,1.0,24.0,0.0,0.0
26.85,43.33,688.0,0.36,1.0,25.0,0.0,0.0
26.82,43.46,688.48,0.36,1.0,26.0,0.0,0.0
26.85,43.51,692.9100000000001,0.36,1.0,27.0,0.0,0.0
26.77,43.55,693.8200000000002,0.37,1.0,28.0,0.0,0.0
26.74,43.51,691.68,0.37,1.0,29.0,0.0,0.0
26.75,43.53,690.9,0.37,1.0,30.0,0.0,0.0
26.7,44.28,681.56,0.38,1.0,12.0,0.0,0.0
26.65,44.47,685.03,0.37,1.0,13.0,0.0,0.0
26.81,43.25,685.1,0.37,1.0,14.0,0.0,0.0
26.79,42.82,689.07,0.37,1.0,15.0,0.0,0.0
26.79,43.05,689.25,0.37,1.0,16.0,0.0,0.0
26.72,43.56,690.58,0.36,1.0,17.0,0.0,0.0
26.65,43.87,687.26,0.35,1.0,18.0,0.0,0.0
26.77,43.76,686.24,0.35,1.0,19.0,0.0,0.0
26.77,44.07,685.36,0.35,1.0,20.0,0.0,0.0
26.74,44.35,685.44,0.36,1.0,21.0,0.0,0.0
26.78,44.08,684.89,0.35,1.0,22.0,0.0,0.0
26.86,42.91,688.5,0.35,1.0,23.0,0.0,0.0
26.79,43.22,687.23,0.36,1.0,24.0,0.0,0.0
26.85,43.33,688.0,0.36,1.0,25.0,0.0,0.0
26.82,43.46,688.48,0.36,1.0,26.0,0.0,0.0
26.85,43.51,692.9100000000001,0.36,1.0,27.0,0.0,0.0
26.77,43.55,693.8200000000002,0.37,1.0,28.0,0.0,0.0
26.74,43.51,691.68,0.37,1.0,29.0,0.0,0.0
26.75,43.53,690.9,0.37,1.0,30.0,0.0,0.0
26.65,43.93,688.04,0.37,1.0,31.0,0.0,0.0
26.65,44.47,685.03,0.37,1.0,13.0,0.0,0.0
26.81,43.25,685.1,0.37,1.0,14.0,0.0,0.0
26.79,42.82,689.07,0.37,1.0,15.0,0.0,0.0
26.79,43.05,689.25,0.37,1.0,16.0,0.0,0.0
26.72,43.56,690.58,0.36,1.0,17.0,0.0,0.0
26.65,43.87,687.26,0.35,1.0,18.0,0.0,0.0
26.77,43.76,686.24,0.35,1.0,19.0,0.0,0.0
26.77,44.07,685.36,0.35,1.0,20.0,0.0,0.0
26.74,44.35,685.44,0.36,1.0,21.0,0.0,0.0
26.78,44.08,684.89,0.35,1.0,22.0,0.0,0.0
26.86,42.91,688.5,0.35,1.0,23.0,0.0,0.0
26.79,43.22,687.23,0.36,1.0,24.0,0.0,0.0
26.85,43.33,688.0,0.36,1.0,25.0,0.0,0.0
26.82,43.46,688.48,0.36,1.0,26.0,0.0,0.0
26.85,43.51,692.9100000000001,0.36,1.0,27.0,0.0,0.0
26.77,43.55,693.8200000000002,0.37,1.0,28.0,0.0,0.0
26.74,43.51,691.68,0.37,1.0,29.0,0.0,0.0
26.75,43.53,690.9,0.37,1.0,30.0,0.0,0.0
26.65,43.93,688.04,0.37,1.0,31.0,0.0,0.0
26.75,43.94,685.38,0.37,1.0,32.0,0.0,0.0
26.81,43.25,685.1,0.37,1.0,14.0,0.0,0.0
26.79,42.82,689.07,0.37,1.0,15.0,0.0,0.0
26.79,43.05,689.25,0.37,1.0,16.0,0.0,0.0
26.72,43.56,690.58,0.36,1.0,17.0,0.0,0.0
26.65,43.87,687.26,0.35,1.0,18.0,0.0,0.0
26.77,43.76,686.24,0.35,1.0,19.0,0.0,0.0
26.77,44.07,685.36,0.35,1.0,20.0,0.0,0.0
26.74,44.35,685.44,0.36,1.0,21.0,0.0,0.0
26.78,44.08,684.89,0.35,1.0,22.0,0.0,0.0
26.86,42.91,688.5,0.35,1.0,23.0,0.0,0.0
26.79,43.22,687.23,0.36,1.0,24.0,0.0,0.0
26.85,43.33,688.0,0.36,1.0,25.0,0.0,0.0
26.82,43.46,688.48,0.36,1.0,26.0,0.0,0.0
26.85,43.51,692.9100000000001,0.36,1.0,27.0,0.0,0.0
26.77,43.55,693.8200000000002,0.37,1.0,28.0,0.0,0.0
26.74,43.51,691.68,0.37,1.0,29.0,0.0,0.0
26.75,43.53,690.9,0.37,1.0,30.0,0.0,0.0
26.65,43.93,688.04,0.37,1.0,31.0,0.0,0.0
26.75,43.94,685.38,0.37,1.0,32.0,0.0,0.0
26.78,44.04,684.49,0.37,1.0,33.0,0.0,0.0
26.79,42.82,689.07,0.37,1.0,15.0,0.0,0.0
26.79,43.05,689.25,0.37,1.0,16.0,0.0,0.0
26.72,43.56,690.58,0.36,1.0,17.0,0.0,0.0
26.65,43.87,687.26,0.35,1.0,18.0,0.0,0.0
26.77,43.76,686.24,0.35,1.0,19.0,0.0,0.0
26.77,44.07,685.36,0.35,1.0,20.0,0.0,0.0
26.74,44.35,685.44,0.36,1.0,21.0,0.0,0.0
26.78,44.08,684.89,0.35,1.0,22.0,0.0,0.0
26.86,42.91,688.5,0.35,1.0,23.0,0.0,0.0
26.79,43.22,687.23,0.36,1.0,24.0,0.0,0.0
26.85,43.33,688.0,0.36,1.0,25.0,0.0,0.0
26.82,43.46,688.48,0.36,1.0,26.0,0.0,0.0
26.85,43.51,692.9100000000001,0.36,1.0,27.0,0.0,0.0
26.77,43.55,693.8200000000002,0.37,1.0,28.0,0.0,0.0
26.74,43.51,691.68,0.37,1.0,29.0,0.0,0.0
26.75,43.53,690.9,0.37,1.0,30.0,0.0,0.0
26.65,43.93,688.04,0.37,1.0,31.0,0.0,0.0
26.75,43.94,685.38,0.37,1.0,32.0,0.0,0.0
26.78,44.04,684.49,0.37,1.0,33.0,0.0,0.0
26.71,44.42,683.77,0.37,1.0,34.0,0.0,0.0
26.79,43.05,689.25,0.37,1.0,16.0,0.0,0.0
26.72,43.56,690.58,0.36,1.0,17.0,0.0,0.0
26.65,43.87,687.26,0.35,1.0,18.0,0.0,0.0
26.77,43.76,686.24,0.35,1.0,19.0,0.0,0.0
26.77,44.07,685.36,0.35,1.0,20.0,0.0,0.0
26.74,44.35,685.44,0.36,1.0,21.0,0.0,0.0
26.78,44.08,684.89,0.35,1.0,22.0,0.0,0.0
26.86,42.91,688.5,0.35,1.0,23.0,0.0,0.0
26.79,43.22,687.23,0.36,1.0,24.0,0.0,0.0
26.85,43.33,688.0,0.36,1.0,25.0,0.0,0.0
26.82,43.46,688.48,0.36,1.0,26.0,0.0,0.0
26.85,43.51,692.9100000000001,0.36,1.0,27.0,0.0,0.0
26.77,43.55,693.8200000000002,0.37,1.0,28.0,0.0,0.0
26.74,43.51,691.68,0.37,1.0,29.0,0.0,0.0
26.75,43.53,690.9,0.37,1.0,30.0,0.0,0.0
26.65,43.93,688.04,0.37,1.0,31.0,0.0,0.0
26.75,43.94,685.38,0.37,1.0,32.0,0.0,0.0
26.78,44.04,684.49,0.37,1.0,33.0,0.0,0.0
26.71,44.42,683.77,0.37,1.0,34.0,0.0,0.0
26.82,43.34,683.2900000000001,0.37,1.0,35.0,0.0,0.0
26.72,43.56,690.58,0.36,1.0,17.0,0.0,0.0
26.65,43.87,687.26,0.35,1.0,18.0,0.0,0.0
26.77,43.76,686.24,0.35,1.0,19.0,0.0,0.0
26.77,44.07,685.36,0.35,1.0,20.0,0.0,0.0
26.74,44.35,685.44,0.36,1.0,21.0,0.0,0.0
26.78,44.08,684.89,0.35,1.0,22.0,0.0,0.0
26.86,42.91,688.5,0.35,1.0,23.0,0.0,0.0
26.79,43.22,687.23,0.36,1.0,24.0,0.0,0.0
26.85,43.33,688.0,0.36,1.0,25.0,0.0,0.0
26.82,43.46,688.48,0.36,1.0,26.0,0.0,0.0
26.85,43.51,692.9100000000001,0.36,1.0,27.0,0.0,0.0
26.77,43.55,693.8200000000002,0.37,1.0,28.0,0.0,0.0
26.74,43.51,691.68,0.37,1.0,29.0,0.0,0.0
26.75,43.53,690.9,0.37,1.0,30.0,0.0,0.0
26.65,43.93,688.04,0.37,1.0,31.0,0.0,0.0
26.75,43.94,685.38,0.37,1.0,32.0,0.0,0.0
26.78,44.04,684.49,0.37,1.0,33.0,0.0,0.0
26.71,44.42,683.77,0.37,1.0,34.0,0.0,0.0
26.82,43.34,683.2900000000001,0.37,1.0,35.0,0.0,0.0
26.7,41.75,683.16,0.37,1.0,36.0,0.0,0.0
26.65,43.87,687.26,0.35,1.0,18.0,0.0,0.0
26.77,43.76,686.24,0.35,1.0,19.0,0.0,0.0
26.77,44.07,685.36,0.35,1.0,20.0,0.0,0.0
26.74,44.35,685.44,0.36,1.0,21.0,0.0,0.0
26.78,44.08,684.89,0.35,1.0,22.0,0.0,0.0
26.86,42.91,688.5,0.35,1.0,23.0,0.0,0.0
26.79,43.22,687.23,0.36,1.0,24.0,0.0,0.0
26.85,43.33,688.0,0.36,1.0,25.0,0.0,0.0
26.82,43.46,688.48,0.36,1.0,26.0,0.0,0.0
26.85,43.51,692.9100000000001,0.36,1.0,27.0,0.0,0.0
26.77,43.55,693.8200000000002,0.37,1.0,28.0,0.0,0.0
26.74,43.51,691.68,0.37,1.0,29.0,0.0,0.0
26.75,43.53,690.9,0.37,1.0,30.0,0.0,0.0
26.65,43.93,688.04,0.37,1.0,31.0,0.0,0.0
26.75,43.94,685.38,0.37,1.0,32.0,0.0,0.0
26.78,44.04,684.49,0.37,1.0,33.0,0.0,0.0
26.71,44.42,683.77,0.37,1.0,34.0,0.0,0.0
26.82,43.34,683.2900000000001,0.37,1.0,35.0,0.0,0.0
26.7,41.75,683.16,0.37,1.0,36.0,0.0,0.0
26.61,42.14,680.19,0.37,1.0,37.0,0.0,0.0
26.77,43.76,686.24,0.35,1.0,19.0,0.0,0.0
26.77,44.07,685.36,0.35,1.0,20.0,0.0,0.0
26.74,44.35,685.44,0.36,1.0,21.0,0.0,0.0
26.78,44.08,684.89,0.35,1.0,22.0,0.0,0.0
26.86,42.91,688.5,0.35,1.0,23.0,0.0,0.0
26.79,43.22,687.23,0.36,1.0,24.0,0.0,0.0
26.85,43.33,688.0,0.36,1.0,25.0,0.0,0.0
26.82,43.46,688.48,0.36,1.0,26.0,0.0,0.0
26.85,43.51,692.9100000000001,0.36,1.0,27.0,0.0,0.0
26.77,43.55,693.8200000000002,0.37,1.0,28.0,0.0,0.0
26.74,43.51,691.68,0.37,1.0,29.0,0.0,0.0
26.75,43.53,690.9,0.37,1.0,30.0,0.0,0.0
26.65,43.93,688.04,0.37,1.0,31.0,0.0,0.0
26.75,43.94,685.38,0.37,1.0,32.0,0.0,0.0
26.78,44.04,684.49,0.37,1.0,33.0,0.0,0.0
26.71,44.42,683.77,0.37,1.0,34.0,0.0,0.0
26.82,43.34,683.2900000000001,0.37,1.0,35.0,0.0,0.0
26.7,41.75,683.16,0.37,1.0,36.0,0.0,0.0
26.61,42.14,680.19,0.37,1.0,37.0,0.0,0.0
26.71,42.83,683.88,0.37,1.0,38.0,0.0,0.0
26.77,44.07,685.36,0.35,1.0,20.0,0.0,0.0
26.74,44.35,685.44,0.36,1.0,21.0,0.0,0.0
26.78,44.08,684.89,0.35,1.0,22.0,0.0,0.0
26.86,42.91,688.5,0.35,1.0,23.0,0.0,0.0
26.79,43.22,687.23,0.36,1.0,24.0,0.0,0.0
26.85,43.33,688.0,0.36,1.0,25.0,0.0,0.0
26.82,43.46,688.48,0.36,1.0,26.0,0.0,0.0
26.85,43.51,692.9100000000001,0.36,1.0,27.0,0.0,0.0
26.77,43.55,693.8200000000002,0.37,1.0,28.0,0.0,0.0
26.74,43.51,691.68,0.37,1.0,29.0,0.0,0.0
26.75,43.53,690.9,0.37,1.0,30.0,0.0,0.0
26.65,43.93,688.04,0.37,1.0,31.0,0.0,0.0
26.75,43.94,685.38,0.37,1.0,32.0,0.0,0.0
26.78,44.04,684.49,0.37,1.0,33.0,0.0,0.0
26.71,44.42,683.77,0.37,1.0,34.0,0.0,0.0
26.82,43.34,683.2900000000001,0.37,1.0,35.0,0.0,0.0
26.7,41.75,683.16,0.37,1.0,36.0,0.0,0.0
26.61,42.14,680.19,0.37,1.0,37.0,0.0,0.0
26.71,42.83,683.88,0.37,1.0,38.0,0.0,0.0
26.52,43.46,683.68,0.38,1.0,39.0,0.0,0.0
26.74,44.35,685.44,0.36,1.0,21.0,0.0,0.0
26.78,44.08,684.89,0.35,1.0,22.0,0.0,0.0
26.86,42.91,688.5,0.35,1.0,23.0,0.0,0.0
26.79,43.22,687.23,0.36,1.0,24.0,0.0,0.0
26.85,43.33,688.0,0.36,1.0,25.0,0.0,0.0
26.82,43.46,688.48,0.36,1.0,26.0,0.0,0.0
26.85,43.51,692.9100000000001,0.36,1.0,27.0,0.0,0.0
26.77,43.55,693.8200000000002,0.37,1.0,28.0,0.0,0.0
26.74,43.51,691.68,0.37,1.0,29.0,0.0,0.0
26.75,43.53,690.9,0.37,1.0,30.0,0.0,0.0
26.65,43.93,688.04,0.37,1.0,31.0,0.0,0.0
26.75,43.94,685.38,0.37,1.0,32.0,0.0,0.0
26.78,44.04,684.49,0.37,1.0,33.0,0.0,0.0
26.71,44.42,683.77,0.37,1.0,34.0,0.0,0.0
26.82,43.34,683.2900000000001,0.37,1.0,35.0,0.0,0.0
26.7,41.75,683.16,0.37,1.0,36.0,0.0,0.0
26.61,42.14,680.19,0.37,1.0,37.0,0.0,0.0
26.71,42.83,683.88,0.37,1.0,38.0,0.0,0.0
26.52,43.46,683.68,0.38,1.0,39.0,0.0,0.0
26.5,43.8,679.06,0.38,1.0,40.0,0.0,0.0
26.78,44.08,684.89,0.35,1.0,22.0,0.0,0.0
26.86,42.91,688.5,0.35,1.0,23.0,0.0,0.0
26.79,43.22,687.23,0.36,1.0,24.0,0.0,0.0
26.85,43.33,688.0,0.36,1.0,25.0,0.0,0.0
26.82,43.46,688.48,0.36,1.0,26.0,0.0,0.0
26.85,43.51,692.9100000000001,0.36,1.0,27.0,0.0,0.0
26.77,43.55,693.8200000000002,0.37,1.0,28.0,0.0,0.0
26.74,43.51,691.68,0.37,1.0,29.0,0.0,0.0
26.75,43.53,690.9,0.37,1.0,30.0,0.0,0.0
26.65,43.93,688.04,0.37,1.0,31.0,0.0,0.0
26.75,43.94,685.38,0.37,1.0,32.0,0.0,0.0
26.78,44.04,684.49,0.37,1.0,33.0,0.0,0.0
26.71,44.42,683.77,0.37,1.0,34.0,0.0,0.0
26.82,43.34,683.2900000000001,0.37,1.0,35.0,0.0,0.0
26.7,41.75,683.16,0.37,1.0,36.0,0.0,0.0
26.61,42.14,680.19,0.37,1.0,37.0,0.0,0.0
26.71,42.83,683.88,0.37,1.0,38.0,0.0,0.0
26.52,43.46,683.68,0.38,1.0,39.0,0.0,0.0
26.5,43.8,679.06,0.38,1.0,40.0,0.0,0.0
26.58,43.74,682.33,0.38,1.0,41.0,0.0,0.0
26.86,42.91,688.5,0.35,1.0,23.0,0.0,0.0
26.79,43.22,687.23,0.36,1.0,24.0,0.0,0.0
26.85,43.33,688.0,0.36,1.0,25.0,0.0,0.0
26.82,43.46,688.48,0.36,1.0,26.0,0.0,0.0
26.85,43.51,692.9100000000001,0.36,1.0,27.0,0.0,0.0
26.77,43.55,693.8200000000002,0.37,1.0,28.0,0.0,0.0
26.74,43.51,691.68,0.37,1.0,29.0,0.0,0.0
26.75,43.53,690.9,0.37,1.0,30.0,0.0,0.0
26.65,43.93,688.04,0.37,1.0,31.0,0.0,0.0
26.75,43.94,685.38,0.37,1.0,32.0,0.0,0.0
26.78,44.04,684.49,0.37,1.0,33.0,0.0,0.0
26.71,44.42,683.77,0.37,1.0,34.0,0.0,0.0
26.82,43.34,683.2900000000001,0.37,1.0,35.0,0.0,0.0
26.7,41.75,683.16,0.37,1.0,36.0,0.0,0.0
26.61,42.14,680.19,0.37,1.0,37.0,0.0,0.0
26.71,42.83,683.88,0.37,1.0,38.0,0.0,0.0
26.52,43.46,683.68,0.38,1.0,39.0,0.0,0.0
26.5,43.8,679.06,0.38,1.0,40.0,0.0,0.0
26.58,43.74,682.33,0.38,1.0,41.0,0.0,0.0
26.47,44.37,685.18,0.37,1.0,42.0,0.0,0.0
26.79,43.22,687.23,0.36,1.0,24.0,0.0,0.0
26.85,43.33,688.0,0.36,1.0,25.0,0.0,0.0
26.82,43.46,688.48,0.36,1.0,26.0,0.0,0.0
26.85,43.51,692.9100000000001,0.36,1.0,27.0,0.0,0.0
26.77,43.55,693.8200000000002,0.37,1.0,28.0,0.0,0.0
26.74,43.51,691.68,0.37,1.0,29.0,0.0,0.0
26.75,43.53,690.9,0.37,1.0,30.0,0.0,0.0
26.65,43.93,688.04,0.37,1.0,31.0,0.0,0.0
26.75,43.94,685.38,0.37,1.0,32.0,0.0,0.0
26.78,44.04,684.49,0.37,1.0,33.0,0.0,0.0
26.71,44.42,683.77,0.37,1.0,34.0,0.0,0.0
26.82,43.34,683.2900000000001,0.37,1.0,35.0,0.0,0.0
26.7,41.75,683.16,0.37,1.0,36.0,0.0,0.0
26.61,42.14,680.19,0.37,1.0,37.0,0.0,0.0
26.71,42.83,683.88,0.37,1.0,38.0,0.0,0.0
26.52,43.46,683.68,0.38,1.0,39.0,0.0,0.0
26.5,43.8,679.06,0.38,1.0,40.0,0.0,0.0
26.58,43.74,682.33,0.38,1.0,41.0,0.0,0.0
26.47,44.37,685.18,0.37,1.0,42.0,0.0,0.0
26.54,44.06,685.06,0.38,1.0,43.0,0.0,0.0
26.85,43.33,688.0,0.36,1.0,25.0,0.0,0.0
26.82,43.46,688.48,0.36,1.0,26.0,0.0,0.0
26.85,43.51,692.9100000000001,0.36,1.0,27.0,0.0,0.0
26.77,43.55,693.8200000000002,0.37,1.0,28.0,0.0,0.0
26.74,43.51,691.68,0.37,1.0,29.0,0.0,0.0
26.75,43.53,690.9,0.37,1.0,30.0,0.0,0.0
26.65,43.93,688.04,0.37,1.0,31.0,0.0,0.0
26.75,43.94,685.38,0.37,1.0,32.0,0.0,0.0
26.78,44.04,684.49,0.37,1.0,33.0,0.0,0.0
26.71,44.42,683.77,0.37,1.0,34.0,0.0,0.0
26.82,43.34,683.2900000000001,0.37,1.0,35.0,0.0,0.0
26.7,41.75,683.16,0.37,1.0,36.0,0.0,0.0
26.61,42.14,680.19,0.37,1.0,37.0,0.0,0.0
26.71,42.83,683.88,0.37,1.0,38.0,0.0,0.0
26.52,43.46,683.68,0.38,1.0,39.0,0.0,0.0
26.5,43.8,679.06,0.38,1.0,40.0,0.0,0.0
26.58,43.74,682.33,0.38,1.0,41.0,0.0,0.0
26.47,44.37,685.18,0.37,1.0,42.0,0.0,0.0
26.54,44.06,685.06,0.38,1.0,43.0,0.0,0.0
26.5,42.97,687.65,0.38,1.0,44.0,0.0,0.0
26.82,43.46,688.48,0.36,1.0,26.0,0.0,0.0
26.85,43.51,692.9100000000001,0.36,1.0,27.0,0.0,0.0
26.77,43.55,693.8200000000002,0.37,1.0,28.0,0.0,0.0
26.74,43.51,691.68,0.37,1.0,29.0,0.0,0.0
26.75,43.53,690.9,0.37,1.0,30.0,0.0,0.0
26.65,43.93,688.04,0.37,1.0,31.0,0.0,0.0
26.75,43.94,685.38,0.37,1.0,32.0,0.0,0.0
26.78,44.04,684.49,0.37,1.0,33.0,0.0,0.0
26.71,44.42,683.77,0.37,1.0,34.0,0.0,0.0
26.82,43.34,683.2900000000001,0.37,1.0,35.0,0.0,0.0
26.7,41.75,683.16,0.37,1.0,36.0,0.0,0.0
26.61,42.14,680.19,0.37,1.0,37.0,0.0,0.0
26.71,42.83,683.88,0.37,1.0,38.0,0.0,0.0
26.52,43.46,683.68,0.38,1.0,39.0,0.0,0.0
26.5,43.8,679.06,0.38,1.0,40.0,0.0,0.0
26.58,43.74,682.33,0.38,1.0,41.0,0.0,0.0
26.47,44.37,685.18,0.37,1.0,42.0,0.0,0.0
26.54,44.06,685.06,0.38,1.0,43.0,0.0,0.0
26.5,42.97,687.65,0.38,1.0,44.0,0.0,0.0
26.5,43.05,684.81,0.38,1.0,45.0,0.0,0.0
26.85,43.51,692.9100000000001,0.36,1.0,27.0,0.0,0.0
26.77,43.55,693.8200000000002,0.37,1.0,28.0,0.0,0.0
26.74,43.51,691.68,0.37,1.0,29.0,0.0,0.0
26.75,43.53,690.9,0.37,1.0,30.0,0.0,0.0
26.65,43.93,688.04,0.37,1.0,31.0,0.0,0.0
26.75,43.94,685.38,0.37,1.0,32.0,0.0,0.0
26.78,44.04,684.49,0.37,1.0,33.0,0.0,0.0
26.71,44.42,683.77,0.37,1.0,34.0,0.0,0.0
26.82,43.34,683.2900000000001,0.37,1.0,35.0,0.0,0.0
26.7,41.75,683.16,0.37,1.0,36.0,0.0,0.0
26.61,42.14,680.19,0.37,1.0,37.0,0.0,0.0
26.71,42.83,683.88,0.37,1.0,38.0,0.0,0.0
26.52,43.46,683.68,0.38,1.0,39.0,0.0,0.0
26.5,43.8,679.06,0.38,1.0,40.0,0.0,0.0
26.58,43.74,682.33,0.38,1.0,41.0,0.0,0.0
26.47,44.37,685.18,0.37,1.0,42.0,0.0,0.0
26.54,44.06,685.06,0.38,1.0,43.0,0.0,0.0
26.5,42.97,687.65,0.38,1.0,44.0,0.0,0.0
26.5,43.05,684.81,0.38,1.0,45.0,0.0,0.0
26.55,43.12,687.6,0.38,1.0,46.0,0.0,0.0
26.77,43.55,693.8200000000002,0.37,1.0,28.0,0.0,0.0
26.74,43.51,691.68,0.37,1.0,29.0,0.0,0.0
26.75,43.53,690.9,0.37,1.0,30.0,0.0,0.0
26.65,43.93,688.04,0.37,1.0,31.0,0.0,0.0
26.75,43.94,685.38,0.37,1.0,32.0,0.0,0.0
26.78,44.04,684.49,0.37,1.0,33.0,0.0,0.0
26.71,44.42,683.77,0.37,1.0,34.0,0.0,0.0
26.82,43.34,683.2900000000001,0.37,1.0,35.0,0.0,0.0
26.7,41.75,683.16,0.37,1.0,36.0,0.0,0.0
26.61,42.14,680.19,0.37,1.0,37.0,0.0,0.0
26.71,42.83,683.88,0.37,1.0,38.0,0.0,0.0
26.52,43.46,683.68,0.38,1.0,39.0,0.0,0.0
26.5,43.8,679.06,0.38,1.0,40.0,0.0,0.0
26.58,43.74,682.33,0.38,1.0,41.0,0.0,0.0
26.47,44.37,685.18,0.37,1.0,42.0,0.0,0.0
26.54,44.06,685.06,0.38,1.0,43.0,0.0,0.0
26.5,42.97,687.65,0.38,1.0,44.0,0.0,0.0
26.5,43.05,684.81,0.38,1.0,45.0,0.0,0.0
26.55,43.12,687.6,0.38,1.0,46.0,0.0,0.0
26.59,43.29,684.93,0.37,1.0,47.0,0.0,0.0
26.74,43.51,691.68,0.37,1.0,29.0,0.0,0.0
26.75,43.53,690.9,0.37,1.0,30.0,0.0,0.0
26.65,43.93,688.04,0.37,1.0,31.0,0.0,0.0
26.75,43.94,685.38,0.37,1.0,32.0,0.0,0.0
26.78,44.04,684.49,0.37,1.0,33.0,0.0,0.0
26.71,44.42,683.77,0.37,1.0,34.0,0.0,0.0
26.82,43.34,683.2900000000001,0.37,1.0,35.0,0.0,0.0
26.7,41.75,683.16,0.37,1.0,36.0,0.0,0.0
26.61,42.14,680.19,0.37,1.0,37.0,0.0,0.0
26.71,42.83,683.88,0.37,1.0,38.0,0.0,0.0
26.52,43.46,683.68,0.38,1.0,39.0,0.0,0.0
26.5,43.8,679.06,0.38,1.0,40.0,0.0,0.0
26.58,43.74,682.33,0.38,1.0,41.0,0.0,0.0
26.47,44.37,685.18,0.37,1.0,42.0,0.0,0.0
26.54,44.06,685.06,0.38,1.0,43.0,0.0,0.0
26.5,42.97,687.65,0.38,1.0,44.0,0.0,0.0
26.5,43.05,684.81,0.38,1.0,45.0,0.0,0.0
26.55,43.12,687.6,0.38,1.0,46.0,0.0,0.0
26.59,43.29,684.93,0.37,1.0,47.0,0.0,0.0
26.62,43.53,685.45,0.37,1.0,48.0,0.0,0.0
26.75,43.53,690.9,0.37,1.0,30.0,0.0,0.0
26.65,43.93,688.04,0.37,1.0,31.0,0.0,0.0
26.75,43.94,685.38,0.37,1.0,32.0,0.0,0.0
26.78,44.04,684.49,0.37,1.0,33.0,0.0,0.0
26.71,44.42,683.77,0.37,1.0,34.0,0.0,0.0
26.82,43.34,683.2900000000001,0.37,1.0,35.0,0.0,0.0
26.7,41.75,683.16,0.37,1.0,36.0,0.0,0.0
26.61,42.14,680.19,0.37,1.0,37.0,0.0,0.0
26.71,42.83,683.88,0.37,1.0,38.0,0.0,0.0
26.52,43.46,683.68,0.38,1.0,39.0,0.0,0.0
26.5,43.8,679.06,0.38,1.0,40.0,0.0,0.0
26.58,43.74,682.33,0.38,1.0,41.0,0.0,0.0
26.47,44.37,685.18,0.37,1.0,42.0,0.0,0.0
26.54,44.06,685.06,0.38,1.0,43.0,0.0,0.0
26.5,42.97,687.65,0.38,1.0,44.0,0.0,0.0
26.5,43.05,684.81,0.38,1.0,45.0,0.0,0.0
26.55,43.12,687.6,0.38,1.0,46.0,0.0,0.0
26.59,43.29,684.93,0.37,1.0,47.0,0.0,0.0
26.62,43.53,685.45,0.37,1.0,48.0,0.0,0.0
26.71,43.78,685.7600000000001,0.37,1.0,49.0,0.0,0.0
26.65,43.93,688.04,0.37,1.0,31.0,0.0,0.0
26.75,43.94,685.38,0.37,1.0,32.0,0.0,0.0
26.78,44.04,684.49,0.37,1.0,33.0,0.0,0.0
26.71,44.42,683.77,0.37,1.0,34.0,0.0,0.0
26.82,43.34,683.2900000000001,0.37,1.0,35.0,0.0,0.0
26.7,41.75,683.16,0.37,1.0,36.0,0.0,0.0
26.61,42.14,680.19,0.37,1.0,37.0,0.0,0.0
26.71,42.83,683.88,0.37,1.0,38.0,0.0,0.0
26.52,43.46,683.68,0.38,1.0,39.0,0.0,0.0
26.5,43.8,679.06,0.38,1.0,40.0,0.0,0.0
26.58,43.74,682.33,0.38,1.0,41.0,0.0,0.0
26.47,44.37,685.18,0.37,1.0,42.0,0.0,0.0
26.54,44.06,685.06,0.38,1.0,43.0,0.0,0.0
26.5,42.97,687.65,0.38,1.0,44.0,0.0,0.0
26.5,43.05,684.81,0.38,1.0,45.0,0.0,0.0
26.55,43.12,687.6,0.38,1.0,46.0,0.0,0.0
26.59,43.29,684.93,0.37,1.0,47.0,0.0,0.0
26.62,43.53,685.45,0.37,1.0,48.0,0.0,0.0
26.71,43.78,685.7600000000001,0.37,1.0,49.0,0.0,0.0
26.67,44.29,686.74,0.36,1.0,50.0,0.0,0.0
26.75,43.94,685.38,0.37,1.0,32.0,0.0,0.0
26.78,44.04,684.49,0.37,1.0,33.0,0.0,0.0
26.71,44.42,683.77,0.37,1.0,34.0,0.0,0.0
26.82,43.34,683.2900000000001,0.37,1.0,35.0,0.0,0.0
26.7,41.75,683.16,0.37,1.0,36.0,0.0,0.0
26.61,42.14,680.19,0.37,1.0,37.0,0.0,0.0
26.71,42.83,683.88,0.37,1.0,38.0,0.0,0.0
26.52,43.46,683.68,0.38,1.0,39.0,0.0,0.0
26.5,43.8,679.06,0.38,1.0,40.0,0.0,0.0
26.58,43.74,682.33,0.38,1.0,41.0,0.0,0.0
26.47,44.37,685.18,0.37,1.0,42.0,0.0,0.0
26.54,44.06,685.06,0.38,1.0,43.0,0.0,0.0
26.5,42.97,687.65,0.38,1.0,44.0,0.0,0.0
26.5,43.05,684.81,0.38,1.0,45.0,0.0,0.0
26.55,43.12,687.6,0.38,1.0,46.0,0.0,0.0
26.59,43.29,684.93,0.37,1.0,47.0,0.0,0.0
26.62,43.53,685.45,0.37,1.0,48.0,0.0,0.0
26.71,43.78,685.7600000000001,0.37,1.0,49.0,0.0,0.0
26.67,44.29,686.74,0.36,1.0,50.0,0.0,0.0
26.78,44.05,686.41,0.35,1.0,51.0,0.0,0.0
26.78,44.04,684.49,0.37,1.0,33.0,0.0,0.0
26.71,44.42,683.77,0.37,1.0,34.0,0.0,0.0
26.82,43.34,683.2900000000001,0.37,1.0,35.0,0.0,0.0
26.7,41.75,683.16,0.37,1.0,36.0,0.0,0.0
26.61,42.14,680.19,0.37,1.0,37.0,0.0,0.0
26.71,42.83,683.88,0.37,1.0,38.0,0.0,0.0
26.52,43.46,683.68,0.38,1.0,39.0,0.0,0.0
26.5,43.8,679.06,0.38,1.0,40.0,0.0,0.0
26.58,43.74,682.33,0.38,1.0,41.0,0.0,0.0
26.47,44.37,685.18,0.37,1.0,42.0,0.0,0.0
26.54,44.06,685.06,0.38,1.0,43.0,0.0,0.0
26.5,42.97,687.65,0.38,1.0,44.0,0.0,0.0
26.5,43.05,684.81,0.38,1.0,45.0,0.0,0.0
26.55,43.12,687.6,0.38,1.0,46.0,0.0,0.0
26.59,43.29,684.93,0.37,1.0,47.0,0.0,0.0
26.62,43.53,685.45,0.37,1.0,48.0,0.0,0.0
26.71,43.78,685.7600000000001,0.37,1.0,49.0,0.0,0.0
26.67,44.29,686.74,0.36,1.0,50.0,0.0,0.0
26.78,44.05,686.41,0.35,1.0,51.0,0.0,0.0
26.72,43.16,688.75,0.35,1.0,52.0,0.0,0.0
26.71,44.42,683.77,0.37,1.0,34.0,0.0,0.0
26.82,43.34,683.2900000000001,0.37,1.0,35.0,0.0,0.0
26.7,41.75,683.16,0.37,1.0,36.0,0.0,0.0
26.61,42.14,680.19,0.37,1.0,37.0,0.0,0.0
26.71,42.83,683.88,0.37,1.0,38.0,0.0,0.0
26.52,43.46,683.68,0.38,1.0,39.0,0.0,0.0
26.5,43.8,679.06,0.38,1.0,40.0,0.0,0.0
26.58,43.74,682.33,0.38,1.0,41.0,0.0,0.0
26.47,44.37,685.18,0.37,1.0,42.0,0.0,0.0
26.54,44.06,685.06,0.38,1.0,43.0,0.0,0.0
26.5,42.97,687.65,0.38,1.0,44.0,0.0,0.0
26.5,43.05,684.81,0.38,1.0,45.0,0.0,0.0
26.55,43.12,687.6,0.38,1.0,46.0,0.0,0.0
26.59,43.29,684.93,0.37,1.0,47.0,0.0,0.0
26.62,43.53,685.45,0.37,1.0,48.0,0.0,0.0
26.71,43.78,685.7600000000001,0.37,1.0,49.0,0.0,0.0
26.67,44.29,686.74,0.36,1.0,50.0,0.0,0.0
26.78,44.05,686.41,0.35,1.0,51.0,0.0,0.0
26.72,43.16,688.75,0.35,1.0,52.0,0.0,0.0
26.72,42.8,687.27,0.35,1.0,53.0,0.0,0.0
26.82,43.34,683.2900000000001,0.37,1.0,35.0,0.0,0.0
26.7,41.75,683.16,0.37,1.0,36.0,0.0,0.0
26.61,42.14,680.19,0.37,1.0,37.0,0.0,0.0
26.71,42.83,683.88,0.37,1.0,38.0,0.0,0.0
26.52,43.46,683.68,0.38,1.0,39.0,0.0,0.0
26.5,43.8,679.06,0.38,1.0,40.0,0.0,0.0
26.58,43.74,682.33,0.38,1.0,41.0,0.0,0.0
26.47,44.37,685.18,0.37,1.0,42.0,0.0,0.0
26.54,44.06,685.06,0.38,1.0,43.0,0.0,0.0
26.5,42.97,687.65,0.38,1.0,44.0,0.0,0.0
26.5,43.05,684.81,0.38,1.0,45.0,0.0,0.0
26.55,43.12,687.6,0.38,1.0,46.0,0.0,0.0
26.59,43.29,684.93,0.37,1.0,47.0,0.0,0.0
26.62,43.53,685.45,0.37,1.0,48.0,0.0,0.0
26.71,43.78,685.7600000000001,0.37,1.0,49.0,0.0,0.0
26.67,44.29,686.74,0.36,1.0,50.0,0.0,0.0
26.78,44.05,686.41,0.35,1.0,51.0,0.0,0.0
26.72,43.16,688.75,0.35,1.0,52.0,0.0,0.0
26.72,42.8,687.27,0.35,1.0,53.0,0.0,0.0
26.71,43.2,688.8499999999999,0.35,1.0,54.0,0.0,0.0
26.7,41.75,683.16,0.37,1.0,36.0,0.0,0.0
26.61,42.14,680.19,0.37,1.0,37.0,0.0,0.0
26.71,42.83,683.88,0.37,1.0,38.0,0.0,0.0
26.52,43.46,683.68,0.38,1.0,39.0,0.0,0.0
26.5,43.8,679.06,0.38,1.0,40.0,0.0,0.0
26.58,43.74,682.33,0.38,1.0,41.0,0.0,0.0
26.47,44.37,685.18,0.37,1.0,42.0,0.0,0.0
26.54,44.06,685.06,0.38,1.0,43.0,0.0,0.0
26.5,42.97,687.65,0.38,1.0,44.0,0.0,0.0
26.5,43.05,684.81,0.38,1.0,45.0,0.0,0.0
26.55,43.12,687.6,0.38,1.0,46.0,0.0,0.0
26.59,43.29,684.93,0.37,1.0,47.0,0.0,0.0
26.62,43.53,685.45,0.37,1.0,48.0,0.0,0.0
26.71,43.78,685.7600000000001,0.37,1.0,49.0,0.0,0.0
26.67,44.29,686.74,0.36,1.0,50.0,0.0,0.0
26.78,44.05,686.41,0.35,1.0,51.0,0.0,0.0
26.72,43.16,688.75,0.35,1.0,52.0,0.0,0.0
26.72,42.8,687.27,0.35,1.0,53.0,0.0,0.0
26.71,43.2,688.8499999999999,0.35,1.0,54.0,0.0,0.0
26.67,43.49,690.75,0.34,1.0,55.0,0.0,0.0
26.61,42.14,680.19,0.37,1.0,37.0,0.0,0.0
26.71,42.83,683.88,0.37,1.0,38.0,0.0,0.0
26.52,43.46,683.68,0.38,1.0,39.0,0.0,0.0
26.5,43.8,679.06,0.38,1.0,40.0,0.0,0.0
26.58,43.74,682.33,0.38,1.0,41.0,0.0,0.0
26.47,44.37,685.18,0.37,1.0,42.0,0.0,0.0
26.54,44.06,685.06,0.38,1.0,43.0,0.0,0.0
26.5,42.97,687.65,0.38,1.0,44.0,0.0,0.0
26.5,43.05,684.81,0.38,1.0,45.0,0.0,0.0
26.55,43.12,687.6,0.38,1.0,46.0,0.0,0.0
26.59,43.29,684.93,0.37,1.0,47.0,0.0,0.0
26.62,43.53,685.45,0.37,1.0,48.0,0.0,0.0
26.71,43.78,685.7600000000001,0.37,1.0,49.0,0.0,0.0
26.67,44.29,686.74,0.36,1.0,50.0,0.0,0.0
26.78,44.05,686.41,0.35,1.0,51.0,0.0,0.0
26.72,43.16,688.75,0.35,1.0,52.0,0.0,0.0
26.72,42.8,687.27,0.35,1.0,53.0,0.0,0.0
26.71,43.2,688.8499999999999,0.35,1.0,54.0,0.0,0.0
26.67,43.49,690.75,0.34,1.0,55.0,0.0,0.0
26.72,43.47,688.42,0.34,1.0,56.0,0.0,0.0
26.71,42.83,683.88,0.37,1.0,38.0,0.0,0.0
26.52,43.46,683.68,0.38,1.0,39.0,0.0,0.0
26.5,43.8,679.06,0.38,1.0,40.0,0.0,0.0
26.58,43.74,682.33,0.38,1.0,41.0,0.0,0.0
26.47,44.37,685.18,0.37,1.0,42.0,0.0,0.0
26.54,44.06,685.06,0.38,1.0,43.0,0.0,0.0
26.5,42.97,687.65,0.38,1.0,44.0,0.0,0.0
26.5,43.05,684.81,0.38,1.0,45.0,0.0,0.0
26.55,43.12,687.6,0.38,1.0,46.0,0.0,0.0
26.59,43.29,684.93,0.37,1.0,47.0,0.0,0.0
26.62,43.53,685.45,0.37,1.0,48.0,0.0,0.0
26.71,43.78,685.7600000000001,0.37,1.0,49.0,0.0,0.0
26.67,44.29,686.74,0.36,1.0,50.0,0.0,0.0
26.78,44.05,686.41,0.35,1.0,51.0,0.0,0.0
26.72,43.16,688.75,0.35,1.0,52.0,0.0,0.0
26.72,42.8,687.27,0.35,1.0,53.0,0.0,0.0
26.71,43.2,688.8499999999999,0.35,1.0,54.0,0.0,0.0
26.67,43.49,690.75,0.34,1.0,55.0,0.0,0.0
26.72,43.47,688.42,0.34,1.0,56.0,0.0,0.0
26.84,43.57,690.52,0.34,1.0,57.0,0.0,0.0
26.52,43.46,683.68,0.38,1.0,39.0,0.0,0.0
26.5,43.8,679.06,0.38,1.0,40.0,0.0,0.0
26.58,43.74,682.33,0.38,1.0,41.0,0.0,0.0
26.47,44.37,685.18,0.37,1.0,42.0,0.0,0.0
26.54,44.06,685.06,0.38,1.0,43.0,0.0,0.0
26.5,42.97,687.65,0.38,1.0,44.0,0.0,0.0
26.5,43.05,684.81,0.38,1.0,45.0,0.0,0.0
26.55,43.12,687.6,0.38,1.0,46.0,0.0,0.0
26.59,43.29,684.93,0.37,1.0,47.0,0.0,0.0
26.62,43.53,685.45,0.37,1.0,48.0,0.0,0.0
26.71,43.78,685.7600000000001,0.37,1.0,49.0,0.0,0.0
26.67,44.29,686.74,0.36,1.0,50.0,0.0,0.0
26.78,44.05,686.41,0.35,1.0,51.0,0.0,0.0
26.72,43.16,688.75,0.35,1.0,52.0,0.0,0.0
26.72,42.8,687.27,0.35,1.0,53.0,0.0,0.0
26.71,43.2,688.8499999999999,0.35,1.0,54.0,0.0,0.0
26.67,43.49,690.75,0.34,1.0,55.0,0.0,0.0
26.72,43.47,688.42,0.34,1.0,56.0,0.0,0.0
26.84,43.57,690.52,0.34,1.0,57.0,0.0,0.0
26.78,44.02,689.83,0.33,1.0,58.0,0.0,0.0
26.5,43.8,679.06,0.38,1.0,40.0,0.0,0.0
26.58,43.74,682.33,0.38,1.0,41.0,0.0,0.0
26.47,44.37,685.18,0.37,1.0,42.0,0.0,0.0
26.54,44.06,685.06,0.38,1.0,43.0,0.0,0.0
26.5,42.97,687.65,0.38,1.0,44.0,0.0,0.0
26.5,43.05,684.81,0.38,1.0,45.0,0.0,0.0
26.55,43.12,687.6,0.38,1.0,46.0,0.0,0.0
26.59,43.29,684.93,0.37,1.0,47.0,0.0,0.0
26.62,43.53,685.45,0.37,1.0,48.0,0.0,0.0
26.71,43.78,685.7600000000001,0.37,1.0,49.0,0.0,0.0
26.67,44.29,686.74,0.36,1.0,50.0,0.0,0.0
26.78,44.05,686.41,0.35,1.0,51.0,0.0,0.0
26.72,43.16,688.75,0.35,1.0,52.0,0.0,0.0
26.72,42.8,687.27,0.35,1.0,53.0,0.0,0.0
26.71,43.2,688.8499999999999,0.35,1.0,54.0,0.0,0.0
26.67,43.49,690.75,0.34,1.0,55.0,0.0,0.0
26.72,43.47,688.42,0.34,1.0,56.0,0.0,0.0
26.84,43.57,690.52,0.34,1.0,57.0,0.0,0.0
26.78,44.02,689.83,0.33,1.0,58.0,0.0,0.0
26.7,44.39,687.09,0.33,1.0,59.0,0.0,0.0
26.58,43.74,682.33,0.38,1.0,41.0,0.0,0.0
26.47,44.37,685.18,0.37,1.0,42.0,0.0,0.0
26.54,44.06,685.06,0.38,1.0,43.0,0.0,0.0
26.5,42.97,687.65,0.38,1.0,44.0,0.0,0.0
26.5,43.05,684.81,0.38,1.0,45.0,0.0,0.0
26.55,43.12,687.6,0.38,1.0,46.0,0.0,0.0
26.59,43.29,684.93,0.37,1.0,47.0,0.0,0.0
26.62,43.53,685.45,0.37,1.0,48.0,0.0,0.0
26.71,43.78,685.7600000000001,0.37,1.0,49.0,0.0,0.0
26.67,44.29,686.74,0.36,1.0,50.0,0.0,0.0
26.78,44.05,686.41,0.35,1.0,51.0,0.0,0.0
26.72,43.16,688.75,0.35,1.0,52.0,0.0,0.0
26.72,42.8,687.27,0.35,1.0,53.0,0.0,0.0
26.71,43.2,688.8499999999999,0.35,1.0,54.0,0.0,0.0
26.67,43.49,690.75,0.34,1.0,55.0,0.0,0.0
26.72,43.47,688.42,0.34,1.0,56.0,0.0,0.0
26.84,43.57,690.52,0.34,1.0,57.0,0.0,0.0
26.78,44.02,689.83,0.33,1.0,58.0,0.0,0.0
26.7,44.39,687.09,0.33,1.0,59.0,0.0,0.0
26.84,43.13,687.3199999999999,0.34,2.0,0.0,0.0,0.0
26.47,44.37,685.18,0.37,1.0,42.0,0.0,0.0
26.54,44.06,685.06,0.38,1.0,43.0,0.0,0.0
26.5,42.97,687.65,0.38,1.0,44.0,0.0,0.0
26.5,43.05,684.81,0.38,1.0,45.0,0.0,0.0
26.55,43.12,687.6,0.38,1.0,46.0,0.0,0.0
26.59,43.29,684.93,0.37,1.0,47.0,0.0,0.0
26.62,43.53,685.45,0.37,1.0,48.0,0.0,0.0
26.71,43.78,685.7600000000001,0.37,1.0,49.0,0.0,0.0
26.67,44.29,686.74,0.36,1.0,50.0,0.0,0.0
26.78,44.05,686.41,0.35,1.0,51.0,0.0,0.0
26.72,43.16,688.75,0.35,1.0,52.0,0.0,0.0
26.72,42.8,687.27,0.35,1.0,53.0,0.0,0.0
26.71,43.2,688.8499999999999,0.35,1.0,54.0,0.0,0.0
26.67,43.49,690.75,0.34,1.0,55.0,0.0,0.0
26.72,43.47,688.42,0.34,1.0,56.0,0.0,0.0
26.84,43.57,690.52,0.34,1.0,57.0,0.0,0.0
26.78,44.02,689.83,0.33,1.0,58.0,0.0,0.0
26.7,44.39,687.09,0.33,1.0,59.0,0.0,0.0
26.84,43.13,687.3199999999999,0.34,2.0,0.0,0.0,0.0
26.86,42.71,688.81,0.34,2.0,1.0,0.0,0.0
26.54,44.06,685.06,0.38,1.0,43.0,0.0,0.0
26.5,42.97,687.65,0.38,1.0,44.0,0.0,0.0
26.5,43.05,684.81,0.38,1.0,45.0,0.0,0.0
26.55,43.12,687.6,0.38,1.0,46.0,0.0,0.0
26.59,43.29,684.93,0.37,1.0,47.0,0.0,0.0
26.62,43.53,685.45,0.37,1.0,48.0,0.0,0.0
26.71,43.78,685.7600000000001,0.37,1.0,49.0,0.0,0.0
26.67,44.29,686.74,0.36,1.0,50.0,0.0,0.0
26.78,44.05,686.41,0.35,1.0,51.0,0.0,0.0
26.72,43.16,688.75,0.35,1.0,52.0,0.0,0.0
26.72,42.8,687.27,0.35,1.0,53.0,0.0,0.0
26.71,43.2,688.8499999999999,0.35,1.0,54.0,0.0,0.0
26.67,43.49,690.75,0.34,1.0,55.0,0.0,0.0
26.72,43.47,688.42,0.34,1.0,56.0,0.0,0.0
26.84,43.57,690.52,0.34,1.0,57.0,0.0,0.0
26.78,44.02,689.83,0.33,1.0,58.0,0.0,0.0
26.7,44.39,687.09,0.33,1.0,59.0,0.0,0.0
26.84,43.13,687.3199999999999,0.34,2.0,0.0,0.0,0.0
26.86,42.71,688.81,0.34,2.0,1.0,0.0,0.0
26.71,43.17,689.63,0.34,2.0,2.0,0.0,0.0
26.5,42.97,687.65,0.38,1.0,44.0,0.0,0.0
26.5,43.05,684.81,0.38,1.0,45.0,0.0,0.0
26.55,43.12,687.6,0.38,1.0,46.0,0.0,0.0
26.59,43.29,684.93,0.37,1.0,47.0,0.0,0.0
26.62,43.53,685.45,0.37,1.0,48.0,0.0,0.0
26.71,43.78,685.7600000000001,0.37,1.0,49.0,0.0,0.0
26.67,44.29,686.74,0.36,1.0,50.0,0.0,0.0
26.78,44.05,686.41,0.35,1.0,51.0,0.0,0.0
26.72,43.16,688.75,0.35,1.0,52.0,0.0,0.0
26.72,42.8,687.27,0.35,1.0,53.0,0.0,0.0
26.71,43.2,688.8499999999999,0.35,1.0,54.0,0.0,0.0
26.67,43.49,690.75,0.34,1.0,55.0,0.0,0.0
26.72,43.47,688.42,0.34,1.0,56.0,0.0,0.0
26.84,43.57,690.52,0.34,1.0,57.0,0.0,0.0
26.78,44.02,689.83,0.33,1.0,58.0,0.0,0.0
26.7,44.39,687.09,0.33,1.0,59.0,0.0,0.0
26.84,43.13,687.3199999999999,0.34,2.0,0.0,0.0,0.0
26.86,42.71,688.81,0.34,2.0,1.0,0.0,0.0
26.71,43.17,689.63,0.34,2.0,2.0,0.0,0.0
26.68,43.61,689.08,0.34,2.0,3.0,0.0,0.0
26.5,43.05,684.81,0.38,1.0,45.0,0.0,0.0
26.55,43.12,687.6,0.38,1.0,46.0,0.0,0.0
26.59,43.29,684.93,0.37,1.0,47.0,0.0,0.0
26.62,43.53,685.45,0.37,1.0,48.0,0.0,0.0
26.71,43.78,685.7600000000001,0.37,1.0,49.0,0.0,0.0
26.67,44.29,686.74,0.36,1.0,50.0,0.0,0.0
26.78,44.05,686.41,0.35,1.0,51.0,0.0,0.0
26.72,43.16,688.75,0.35,1.0,52.0,0.0,0.0
26.72,42.8,687.27,0.35,1.0,53.0,0.0,0.0
26.71,43.2,688.8499999999999,0.35,1.0,54.0,0.0,0.0
26.67,43.49,690.75,0.34,1.0,55.0,0.0,0.0
26.72,43.47,688.42,0.34,1.0,56.0,0.0,0.0
26.84,43.57,690.52,0.34,1.0,57.0,0.0,0.0
26.78,44.02,689.83,0.33,1.0,58.0,0.0,0.0
26.7,44.39,687.09,0.33,1.0,59.0,0.0,0.0
26.84,43.13,687.3199999999999,0.34,2.0,0.0,0.0,0.0
26.86,42.71,688.81,0.34,2.0,1.0,0.0,0.0
26.71,43.17,689.63,0.34,2.0,2.0,0.0,0.0
26.68,43.61,689.08,0.34,2.0,3.0,0.0,0.0
26.71,43.5,687.2,0.34,2.0,4.0,0.0,0.0
26.55,43.12,687.6,0.38,1.0,46.0,0.0,0.0
26.59,43.29,684.93,0.37,1.0,47.0,0.0,0.0
26.62,43.53,685.45,0.37,1.0,48.0,0.0,0.0
26.71,43.78,685.7600000000001,0.37,1.0,49.0,0.0,0.0
26.67,44.29,686.74,0.36,1.0,50.0,0.0,0.0
26.78,44.05,686.41,0.35,1.0,51.0,0.0,0.0
26.72,43.16,688.75,0.35,1.0,52.0,0.0,0.0
26.72,42.8,687.27,0.35,1.0,53.0,0.0,0.0
26.71,43.2,688.8499999999999,0.35,1.0,54.0,0.0,0.0
26.67,43.49,690.75,0.34,1.0,55.0,0.0,0.0
26.72,43.47,688.42,0.34,1.0,56.0,0.0,0.0
26.84,43.57,690.52,0.34,1.0,57.0,0.0,0.0
26.78,44.02,689.83,0.33,1.0,58.0,0.0,0.0
26.7,44.39,687.09,0.33,1.0,59.0,0.0,0.0
26.84,43.13,687.3199999999999,0.34,2.0,0.0,0.0,0.0
26.86,42.71,688.81,0.34,2.0,1.0,0.0,0.0
26.71,43.17,689.63,0.34,2.0,2.0,0.0,0.0
26.68,43.61,689.08,0.34,2.0,3.0,0.0,0.0
26.71,43.5,687.2,0.34,2.0,4.0,0.0,0.0
26.84,43.36,687.62,0.34,2.0,5.0,0.0,0.0
26.59,43.29,684.93,0.37,1.0,47.0,0.0,0.0
26.62,43.53,685.45,0.37,1.0,48.0,0.0,0.0
26.71,43.78,685.7600000000001,0.37,1.0,49.0,0.0,0.0
26.67,44.29,686.74,0.36,1.0,50.0,0.0,0.0
26.78,44.05,686.41,0.35,1.0,51.0,0.0,0.0
26.72,43.16,688.75,0.35,1.0,52.0,0.0,0.0
26.72,42.8,687.27,0.35,1.0,53.0,0.0,0.0
26.71,43.2,688.8499999999999,0.35,1.0,54.0,0.0,0.0
26.67,43.49,690.75,0.34,1.0,55.0,0.0,0.0
26.72,43.47,688.42,0.34,1.0,56.0,0.0,0.0
26.84,43.57,690.52,0.34,1.0,57.0,0.0,0.0
26.78,44.02,689.83,0.33,1.0,58.0,0.0,0.0
26.7,44.39,687.09,0.33,1.0,59.0,0.0,0.0
26.84,43.13,687.3199999999999,0.34,2.0,0.0,0.0,0.0
26.86,42.71,688.81,0.34,2.0,1.0,0.0,0.0
26.71,43.17,689.63,0.34,2.0,2.0,0.0,0.0
26.68,43.61,689.08,0.34,2.0,3.0,0.0,0.0
26.71,43.5,687.2,0.34,2.0,4.0,0.0,0.0
26.84,43.36,687.62,0.34,2.0,5.0,0.0,0.0
26.67,43.5,687.92,0.34,2.0,6.0,0.0,0.0
26.62,43.53,685.45,0.37,1.0,48.0,0.0,0.0
26.71,43.78,685.7600000000001,0.37,1.0,49.0,0.0,0.0
26.67,44.29,686.74,0.36,1.0,50.0,0.0,0.0
26.78,44.05,686.41,0.35,1.0,51.0,0.0,0.0
26.72,43.16,688.75,0.35,1.0,52.0,0.0,0.0
26.72,42.8,687.27,0.35,1.0,53.0,0.0,0.0
26.71,43.2,688.8499999999999,0.35,1.0,54.0,0.0,0.0
26.67,43.49,690.75,0.34,1.0,55.0,0.0,0.0
26.72,43.47,688.42,0.34,1.0,56.0,0.0,0.0
26.84,43.57,690.52,0.34,1.0,57.0,0.0,0.0
26.78,44.02,689.83,0.33,1.0,58.0,0.0,0.0
26.7,44.39,687.09,0.33,1.0,59.0,0.0,0.0
26.84,43.13,687.3199999999999,0.34,2.0,0.0,0.0,0.0
26.86,42.71,688.81,0.34,2.0,1.0,0.0,0.0
26.71,43.17,689.63,0.34,2.0,2.0,0.0,0.0
26.68,43.61,689.08,0.34,2.0,3.0,0.0,0.0
26.71,43.5,687.2,0.34,2.0,4.0,0.0,0.0
26.84,43.36,687.62,0.34,2.0,5.0,0.0,0.0
26.67,43.5,687.92,0.34,2.0,6.0,0.0,0.0
26.75,43.2,686.12,0.35,2.0,7.0,0.0,0.0
26.71,43.78,685.7600000000001,0.37,1.0,49.0,0.0,0.0
26.67,44.29,686.74,0.36,1.0,50.0,0.0,0.0
26.78,44.05,686.41,0.35,1.0,51.0,0.0,0.0
26.72,43.16,688.75,0.35,1.0,52.0,0.0,0.0
26.72,42.8,687.27,0.35,1.0,53.0,0.0,0.0
26.71,43.2,688.8499999999999,0.35,1.0,54.0,0.0,0.0
26.67,43.49,690.75,0.34,1.0,55.0,0.0,0.0
26.72,43.47,688.42,0.34,1.0,56.0,0.0,0.0
26.84,43.57,690.52,0.34,1.0,57.0,0.0,0.0
26.78,44.02,689.83,0.33,1.0,58.0,0.0,0.0
26.7,44.39,687.09,0.33,1.0,59.0,0.0,0.0
26.84,43.13,687.3199999999999,0.34,2.0,0.0,0.0,0.0
26.86,42.71,688.81,0.34,2.0,1.0,0.0,0.0
26.71,43.17,689.63,0.34,2.0,2.0,0.0,0.0
26.68,43.61,689.08,0.34,2.0,3.0,0.0,0.0
26.71,43.5,687.2,0.34,2.0,4.0,0.0,0.0
26.84,43.36,687.62,0.34,2.0,5.0,0.0,0.0
26.67,43.5,687.92,0.34,2.0,6.0,0.0,0.0
26.75,43.2,686.12,0.35,2.0,7.0,0.0,0.0
26.57,43.72,688.8499999999999,0.35,2.0,8.0,0.0,0.0
26.67,44.29,686.74,0.36,1.0,50.0,0.0,0.0
26.78,44.05,686.41,0.35,1.0,51.0,0.0,0.0
26.72,43.16,688.75,0.35,1.0,52.0,0.0,0.0
26.72,42.8,687.27,0.35,1.0,53.0,0.0,0.0
26.71,43.2,688.8499999999999,0.35,1.0,54.0,0.0,0.0
26.67,43.49,690.75,0.34,1.0,55.0,0.0,0.0
26.72,43.47,688.42,0.34,1.0,56.0,0.0,0.0
26.84,43.57,690.52,0.34,1.0,57.0,0.0,0.0
26.78,44.02,689.83,0.33,1.0,58.0,0.0,0.0
26.7,44.39,687.09,0.33,1.0,59.0,0.0,0.0
26.84,43.13,687.3199999999999,0.34,2.0,0.0,0.0,0.0
26.86,42.71,688.81,0.34,2.0,1.0,0.0,0.0
26.71,43.17,689.63,0.34,2.0,2.0,0.0,0.0
26.68,43.61,689.08,0.34,2.0,3.0,0.0,0.0
26.71,43.5,687.2,0.34,2.0,4.0,0.0,0.0
26.84,43.36,687.62,0.34,2.0,5.0,0.0,0.0
26.67,43.5,687.92,0.34,2.0,6.0,0.0,0.0
26.75,43.2,686.12,0.35,2.0,7.0,0.0,0.0
26.57,43.72,688.8499999999999,0.35,2.0,8.0,0.0,0.0
26.67,43.67,685.93,0.36,2.0,9.0,0.0,0.0
26.78,44.05,686.41,0.35,1.0,51.0,0.0,0.0
26.72,43.16,688.75,0.35,1.0,52.0,0.0,0.0
26.72,42.8,687.27,0.35,1.0,53.0,0.0,0.0
26.71,43.2,688.8499999999999,0.35,1.0,54.0,0.0,0.0
26.67,43.49,690.75,0.34,1.0,55.0,0.0,0.0
26.72,43.47,688.42,0.34,1.0,56.0,0.0,0.0
26.84,43.57,690.52,0.34,1.0,57.0,0.0,0.0
26.78,44.02,689.83,0.33,1.0,58.0,0.0,0.0
26.7,44.39,687.09,0.33,1.0,59.0,0.0,0.0
26.84,43.13,687.3199999999999,0.34,2.0,0.0,0.0,0.0
26.86,42.71,688.81,0.34,2.0,1.0,0.0,0.0
26.71,43.17,689.63,0.34,2.0,2.0,0.0,0.0
26.68,43.61,689.08,0.34,2.0,3.0,0.0,0.0
26.71,43.5,687.2,0.34,2.0,4.0,0.0,0.0
26.84,43.36,687.62,0.34,2.0,5.0,0.0,0.0
26.67,43.5,687.92,0.34,2.0,6.0,0.0,0.0
26.75,43.2,686.12,0.35,2.0,7.0,0.0,0.0
26.57,43.72,688.8499999999999,0.35,2.0,8.0,0.0,0.0
26.67,43.67,685.93,0.36,2.0,9.0,0.0,0.0
26.75,43.72,687.4,0.36,2.0,10.0,0.0,0.0
26.72,43.16,688.75,0.35,1.0,52.0,0.0,0.0
26.72,42.8,687.27,0.35,1.0,53.0,0.0,0.0
26.71,43.2,688.8499999999999,0.35,1.0,54.0,0.0,0.0
26.67,43.49,690.75,0.34,1.0,55.0,0.0,0.0
26.72,43.47,688.42,0.34,1.0,56.0,0.0,0.0
26.84,43.57,690.52,0.34,1.0,57.0,0.0,0.0
26.78,44.02,689.83,0.33,1.0,58.0,0.0,0.0
26.7,44.39,687.09,0.33,1.0,59.0,0.0,0.0
26.84,43.13,687.3199999999999,0.34,2.0,0.0,0.0,0.0
26.86,42.71,688.81,0.34,2.0,1.0,0.0,0.0
26.71,43.17,689.63,0.34,2.0,2.0,0.0,0.0
26.68,43.61,689.08,0.34,2.0,3.0,0.0,0.0
26.71,43.5,687.2,0.34,2.0,4.0,0.0,0.0
26.84,43.36,687.62,0.34,2.0,5.0,0.0,0.0
26.67,43.5,687.92,0.34,2.0,6.0,0.0,0.0
26.75,43.2,686.12,0.35,2.0,7.0,0.0,0.0
26.57,43.72,688.8499999999999,0.35,2.0,8.0,0.0,0.0
26.67,43.67,685.93,0.36,2.0,9.0,0.0,0.0
26.75,43.72,687.4,0.36,2.0,10.0,0.0,0.0
26.71,44.22,687.73,0.36,2.0,11.0,0.0,0.0
26.72,42.8,687.27,0.35,1.0,53.0,0.0,0.0
26.71,43.2,688.8499999999999,0.35,1.0,54.0,0.0,0.0
26.67,43.49,690.75,0.34,1.0,55.0,0.0,0.0
26.72,43.47,688.42,0.34,1.0,56.0,0.0,0.0
26.84,43.57,690.52,0.34,1.0,57.0,0.0,0.0
26.78,44.02,689.83,0.33,1.0,58.0,0.0,0.0
26.7,44.39,687.09,0.33,1.0,59.0,0.0,0.0
26.84,43.13,687.3199999999999,0.34,2.0,0.0,0.0,0.0
26.86,42.71,688.81,0.34,2.0,1.0,0.0,0.0
26.71,43.17,689.63,0.34,2.0,2.0,0.0,0.0
26.68,43.61,689.08,0.34,2.0,3.0,0.0,0.0
26.71,43.5,687.2,0.34,2.0,4.0,0.0,0.0
26.84,43.36,687.62,0.34,2.0,5.0,0.0,0.0
26.67,43.5,687.92,0.34,2.0,6.0,0.0,0.0
26.75,43.2,686.12,0.35,2.0,7.0,0.0,0.0
26.57,43.72,688.8499999999999,0.35,2.0,8.0,0.0,0.0
26.67,43.67,685.93,0.36,2.0,9.0,0.0,0.0
26.75,43.72,687.4,0.36,2.0,10.0,0.0,0.0
26.71,44.22,687.73,0.36,2.0,11.0,0.0,0.0
26.79,44.06,689.95,0.37,2.0,12.0,0.0,0.0
26.71,43.2,688.8499999999999,0.35,1.0,54.0,0.0,0.0
26.67,43.49,690.75,0.34,1.0,55.0,0.0,0.0
26.72,43.47,688.42,0.34,1.0,56.0,0.0,0.0
26.84,43.57,690.52,0.34,1.0,57.0,0.0,0.0
26.78,44.02,689.83,0.33,1.0,58.0,0.0,0.0
26.7,44.39,687.09,0.33,1.0,59.0,0.0,0.0
26.84,43.13,687.3199999999999,0.34,2.0,0.0,0.0,0.0
26.86,42.71,688.81,0.34,2.0,1.0,0.0,0.0
26.71,43.17,689.63,0.34,2.0,2.0,0.0,0.0
26.68,43.61,689.08,0.34,2.0,3.0,0.0,0.0
26.71,43.5,687.2,0.34,2.0,4.0,0.0,0.0
26.84,43.36,687.62,0.34,2.0,5.0,0.0,0.0
26.67,43.5,687.92,0.34,2.0,6.0,0.0,0.0
26.75,43.2,686.12,0.35,2.0,7.0,0.0,0.0
26.57,43.72,688.8499999999999,0.35,2.0,8.0,0.0,0.0
26.67,43.67,685.93,0.36,2.0,9.0,0.0,0.0
26.75,43.72,687.4,0.36,2.0,10.0,0.0,0.0
26.71,44.22,687.73,0.36,2.0,11.0,0.0,0.0
26.79,44.06,689.95,0.37,2.0,12.0,0.0,0.0
26.84,42.79,694.71,0.36,2.0,13.0,0.0,0.0
26.67,43.49,690.75,0.34,1.0,55.0,0.0,0.0
26.72,43.47,688.42,0.34,1.0,56.0,0.0,0.0
26.84,43.57,690.52,0.34,1.0,57.0,0.0,0.0
26.78,44.02,689.83,0.33,1.0,58.0,0.0,0.0
26.7,44.39,687.09,0.33,1.0,59.0,0.0,0.0
26.84,43.13,687.3199999999999,0.34,2.0,0.0,0.0,0.0
26.86,42.71,688.81,0.34,2.0,1.0,0.0,0.0
26.71,43.17,689.63,0.34,2.0,2.0,0.0,0.0
26.68,43.61,689.08,0.34,2.0,3.0,0.0,0.0
26.71,43.5,687.2,0.34,2.0,4.0,0.0,0.0
26.84,43.36,687.62,0.34,2.0,5.0,0.0,0.0
26.67,43.5,687.92,0.34,2.0,6.0,0.0,0.0
26.75,43.2,686.12,0.35,2.0,7.0,0.0,0.0
26.57,43.72,688.8499999999999,0.35,2.0,8.0,0.0,0.0
26.67,43.67,685.93,0.36,2.0,9.0,0.0,0.0
26.75,43.72,687.4,0.36,2.0,10.0,0.0,0.0
26.71,44.22,687.73,0.36,2.0,11.0,0.0,0.0
26.79,44.06,689.95,0.37,2.0,12.0,0.0,0.0
26.84,42.79,694.71,0.36,2.0,13.0,0.0,0.0
26.85,42.56,694.99,0.37,2.0,14.0,0.0,0.0
26.72,43.47,688.42,0.34,1.0,56.0,0.0,0.0
26.84,43.57,690.52,0.34,1.0,57.0,0.0,0.0
26.78,44.02,689.83,0.33,1.0,58.0,0.0,0.0
26.7,44.39,687.09,0.33,1.0,59.0,0.0,0.0
26.84,43.13,687.3199999999999,0.34,2.0,0.0,0.0,0.0
26.86,42.71,688.81,0.34,2.0,1.0,0.0,0.0
26.71,43.17,689.63,0.34,2.0,2.0,0.0,0.0
26.68,43.61,689.08,0.34,2.0,3.0,0.0,0.0
26.71,43.5,687.2,0.34,2.0,4.0,0.0,0.0
26.84,43.36,687.62,0.34,2.0,5.0,0.0,0.0
26.67,43.5,687.92,0.34,2.0,6.0,0.0,0.0
26.75,43.2,686.12,0.35,2.0,7.0,0.0,0.0
26.57,43.72,688.8499999999999,0.35,2.0,8.0,0.0,0.0
26.67,43.67,685.93,0.36,2.0,9.0,0.0,0.0
26.75,43.72,687.4,0.36,2.0,10.0,0.0,0.0
26.71,44.22,687.73,0.36,2.0,11.0,0.0,0.0
26.79,44.06,689.95,0.37,2.0,12.0,0.0,0.0
26.84,42.79,694.71,0.36,2.0,13.0,0.0,0.0
26.85,42.56,694.99,0.37,2.0,14.0,0.0,0.0
26.77,43.12,694.32,0.37,2.0,15.0,0.0,0.0
26.84,43.57,690.52,0.34,1.0,57.0,0.0,0.0
26.78,44.02,689.83,0.33,1.0,58.0,0.0,0.0
26.7,44.39,687.09,0.33,1.0,59.0,0.0,0.0
26.84,43.13,687.3199999999999,0.34,2.0,0.0,0.0,0.0
26.86,42.71,688.81,0.34,2.0,1.0,0.0,0.0
26.71,43.17,689.63,0.34,2.0,2.0,0.0,0.0
26.68,43.61,689.08,0.34,2.0,3.0,0.0,0.0
26.71,43.5,687.2,0.34,2.0,4.0,0.0,0.0
26.84,43.36,687.62,0.34,2.0,5.0,0.0,0.0
26.67,43.5,687.92,0.34,2.0,6.0,0.0,0.0
26.75,43.2,686.12,0.35,2.0,7.0,0.0,0.0
26.57,43.72,688.8499999999999,0.35,2.0,8.0,0.0,0.0
26.67,43.67,685.93,0.36,2.0,9.0,0.0,0.0
26.75,43.72,687.4,0.36,2.0,10.0,0.0,0.0
26.71,44.22,687.73,0.36,2.0,11.0,0.0,0.0
26.79,44.06,689.95,0.37,2.0,12.0,0.0,0.0
26.84,42.79,694.71,0.36,2.0,13.0,0.0,0.0
26.85,42.56,694.99,0.37,2.0,14.0,0.0,0.0
26.77,43.12,694.32,0.37,2.0,15.0,0.0,0.0
26.77,43.5,690.54,0.37,2.0,16.0,0.0,0.0
26.78,44.02,689.83,0.33,1.0,58.0,0.0,0.0
26.7,44.39,687.09,0.33,1.0,59.0,0.0,0.0
26.84,43.13,687.3199999999999,0.34,2.0,0.0,0.0,0.0
26.86,42.71,688.81,0.34,2.0,1.0,0.0,0.0
26.71,43.17,689.63,0.34,2.0,2.0,0.0,0.0
26.68,43.61,689.08,0.34,2.0,3.0,0.0,0.0
26.71,43.5,687.2,0.34,2.0,4.0,0.0,0.0
26.84,43.36,687.62,0.34,2.0,5.0,0.0,0.0
26.67,43.5,687.92,0.34,2.0,6.0,0.0,0.0
26.75,43.2,686.12,0.35,2.0,7.0,0.0,0.0
26.57,43.72,688.8499999999999,0.35,2.0,8.0,0.0,0.0
26.67,43.67,685.93,0.36,2.0,9.0,0.0,0.0
26.75,43.72,687.4,0.36,2.0,10.0,0.0,0.0
26.71,44.22,687.73,0.36,2.0,11.0,0.0,0.0
26.79,44.06,689.95,0.37,2.0,12.0,0.0,0.0
26.84,42.79,694.71,0.36,2.0,13.0,0.0,0.0
26.85,42.56,694.99,0.37,2.0,14.0,0.0,0.0
26.77,43.12,694.32,0.37,2.0,15.0,0.0,0.0
26.77,43.5,690.54,0.37,2.0,16.0,0.0,0.0
26.77,43.43,690.14,0.36,2.0,17.0,0.0,0.0
26.7,44.39,687.09,0.33,1.0,59.0,0.0,0.0
26.84,43.13,687.3199999999999,0.34,2.0,0.0,0.0,0.0
26.86,42.71,688.81,0.34,2.0,1.0,0.0,0.0
26.71,43.17,689.63,0.34,2.0,2.0,0.0,0.0
26.68,43.61,689.08,0.34,2.0,3.0,0.0,0.0
26.71,43.5,687.2,0.34,2.0,4.0,0.0,0.0
26.84,43.36,687.62,0.34,2.0,5.0,0.0,0.0
26.67,43.5,687.92,0.34,2.0,6.0,0.0,0.0
26.75,43.2,686.12,0.35,2.0,7.0,0.0,0.0
26.57,43.72,688.8499999999999,0.35,2.0,8.0,0.0,0.0
26.67,43.67,685.93,0.36,2.0,9.0,0.0,0.0
26.75,43.72,687.4,0.36,2.0,10.0,0.0,0.0
26.71,44.22,687.73,0.36,2.0,11.0,0.0,0.0
26.79,44.06,689.95,0.37,2.0,12.0,0.0,0.0
26.84,42.79,694.71,0.36,2.0,13.0,0.0,0.0
26.85,42.56,694.99,0.37,2.0,14.0,0.0,0.0
26.77,43.12,694.32,0.37,2.0,15.0,0.0,0.0
26.77,43.5,690.54,0.37,2.0,16.0,0.0,0.0
26.77,43.43,690.14,0.36,2.0,17.0,0.0,0.0
26.72,43.52,690.52,0.37,2.0,18.0,0.0,0.0
26.84,43.13,687.3199999999999,0.34,2.0,0.0,0.0,0.0
26.86,42.71,688.81,0.34,2.0,1.0,0.0,0.0
26.71,43.17,689.63,0.34,2.0,2.0,0.0,0.0
26.68,43.61,689.08,0.34,2.0,3.0,0.0,0.0
26.71,43.5,687.2,0.34,2.0,4.0,0.0,0.0
26.84,43.36,687.62,0.34,2.0,5.0,0.0,0.0
26.67,43.5,687.92,0.34,2.0,6.0,0.0,0.0
26.75,43.2,686.12,0.35,2.0,7.0,0.0,0.0
26.57,43.72,688.8499999999999,0.35,2.0,8.0,0.0,0.0
26.67,43.67,685.93,0.36,2.0,9.0,0.0,0.0
26.75,43.72,687.4,0.36,2.0,10.0,0.0,0.0
26.71,44.22,687.73,0.36,2.0,11.0,0.0,0.0
26.79,44.06,689.95,0.37,2.0,12.0,0.0,0.0
26.84,42.79,694.71,0.36,2.0,13.0,0.0,0.0
26.85,42.56,694.99,0.37,2.0,14.0,0.0,0.0
26.77,43.12,694.32,0.37,2.0,15.0,0.0,0.0
26.77,43.5,690.54,0.37,2.0,16.0,0.0,0.0
26.77,43.43,690.14,0.36,2.0,17.0,0.0,0.0
26.72,43.52,690.52,0.37,2.0,18.0,0.0,0.0
26.72,43.33,691.22,0.36,2.0,19.0,0.0,0.0
26.86,42.71,688.81,0.34,2.0,1.0,0.0,0.0
26.71,43.17,689.63,0.34,2.0,2.0,0.0,0.0
26.68,43.61,689.08,0.34,2.0,3.0,0.0,0.0
26.71,43.5,687.2,0.34,2.0,4.0,0.0,0.0
26.84,43.36,687.62,0.34,2.0,5.0,0.0,0.0
26.67,43.5,687.92,0.34,2.0,6.0,0.0,0.0
26.75,43.2,686.12,0.35,2.0,7.0,0.0,0.0
26.57,43.72,688.8499999999999,0.35,2.0,8.0,0.0,0.0
26.67,43.67,685.93,0.36,2.0,9.0,0.0,0.0
26.75,43.72,687.4,0.36,2.0,10.0,0.0,0.0
26.71,44.22,687.73,0.36,2.0,11.0,0.0,0.0
26.79,44.06,689.95,0.37,2.0,12.0,0.0,0.0
26.84,42.79,694.71,0.36,2.0,13.0,0.0,0.0
26.85,42.56,694.99,0.37,2.0,14.0,0.0,0.0
26.77,43.12,694.32,0.37,2.0,15.0,0.0,0.0
26.77,43.5,690.54,0.37,2.0,16.0,0.0,0.0
26.77,43.43,690.14,0.36,2.0,17.0,0.0,0.0
26.72,43.52,690.52,0.37,2.0,18.0,0.0,0.0
26.72,43.33,691.22,0.36,2.0,19.0,0.0,0.0
26.71,43.5,688.07,0.35,2.0,20.0,0.0,0.0
26.71,43.17,689.63,0.34,2.0,2.0,0.0,0.0
26.68,43.61,689.08,0.34,2.0,3.0,0.0,0.0
26.71,43.5,687.2,0.34,2.0,4.0,0.0,0.0
26.84,43.36,687.62,0.34,2.0,5.0,0.0,0.0
26.67,43.5,687.92,0.34,2.0,6.0,0.0,0.0
26.75,43.2,686.12,0.35,2.0,7.0,0.0,0.0
26.57,43.72,688.8499999999999,0.35,2.0,8.0,0.0,0.0
26.67,43.67,685.93,0.36,2.0,9.0,0.0,0.0
26.75,43.72,687.4,0.36,2.0,10.0,0.0,0.0
26.71,44.22,687.73,0.36,2.0,11.0,0.0,0.0
26.79,44.06,689.95,0.37,2.0,12.0,0.0,0.0
26.84,42.79,694.71,0.36,2.0,13.0,0.0,0.0
26.85,42.56,694.99,0.37,2.0,14.0,0.0,0.0
26.77,43.12,694.32,0.37,2.0,15.0,0.0,0.0
26.77,43.5,690.54,0.37,2.0,16.0,0.0,0.0
26.77,43.43,690.14,0.36,2.0,17.0,0.0,0.0
26.72,43.52,690.52,0.37,2.0,18.0,0.0,0.0
26.72,43.33,691.22,0.36,2.0,19.0,0.0,0.0
26.71,43.5,688.07,0.35,2.0,20.0,0.0,0.0
26.71,43.32,684.62,0.35,2.0,21.0,0.0,0.0
26.68,43.61,689.08,0.34,2.0,3.0,0.0,0.0
26.71,43.5,687.2,0.34,2.0,4.0,0.0,0.0
26.84,43.36,687.62,0.34,2.0,5.0,0.0,0.0
26.67,43.5,687.92,0.34,2.0,6.0,0.0,0.0
26.75,43.2,686.12,0.35,2.0,7.0,0.0,0.0
26.57,43.72,688.8499999999999,0.35,2.0,8.0,0.0,0.0
26.67,43.67,685.93,0.36,2.0,9.0,0.0,0.0
26.75,43.72,687.4,0.36,2.0,10.0,0.0,0.0
26.71,44.22,687.73,0.36,2.0,11.0,0.0,0.0
26.79,44.06,689.95,0.37,2.0,12.0,0.0,0.0
26.84,42.79,694.71,0.36,2.0,13.0,0.0,0.0
26.85,42.56,694.99,0.37,2.0,14.0,0.0,0.0
26.77,43.12,694.32,0.37,2.0,15.0,0.0,0.0
26.77,43.5,690.54,0.37,2.0,16.0,0.0,0.0
26.77,43.43,690.14,0.36,2.0,17.0,0.0,0.0
26.72,43.52,690.52,0.37,2.0,18.0,0.0,0.0
26.72,43.33,691.22,0.36,2.0,19.0,0.0,0.0
26.71,43.5,688.07,0.35,2.0,20.0,0.0,0.0
26.71,43.32,684.62,0.35,2.0,21.0,0.0,0.0
26.65,43.33,682.1999999999999,0.35,2.0,22.0,0.0,0.0
26.71,43.5,687.2,0.34,2.0,4.0,0.0,0.0
26.84,43.36,687.62,0.34,2.0,5.0,0.0,0.0
26.67,43.5,687.92,0.34,2.0,6.0,0.0,0.0
26.75,43.2,686.12,0.35,2.0,7.0,0.0,0.0
26.57,43.72,688.8499999999999,0.35,2.0,8.0,0.0,0.0
26.67,43.67,685.93,0.36,2.0,9.0,0.0,0.0
26.75,43.72,687.4,0.36,2.0,10.0,0.0,0.0
26.71,44.22,687.73,0.36,2.0,11.0,0.0,0.0
26.79,44.06,689.95,0.37,2.0,12.0,0.0,0.0
26.84,42.79,694.71,0.36,2.0,13.0,0.0,0.0
26.85,42.56,694.99,0.37,2.0,14.0,0.0,0.0
26.77,43.12,694.32,0.37,2.0,15.0,0.0,0.0
26.77,43.5,690.54,0.37,2.0,16.0,0.0,0.0
26.77,43.43,690.14,0.36,2.0,17.0,0.0,0.0
26.72,43.52,690.52,0.37,2.0,18.0,0.0,0.0
26.72,43.33,691.22,0.36,2.0,19.0,0.0,0.0
26.71,43.5,688.07,0.35,2.0,20.0,0.0,0.0
26.71,43.32,684.62,0.35,2.0,21.0,0.0,0.0
26.65,43.33,682.1999999999999,0.35,2.0,22.0,0.0,0.0
26.67,43.44,682.22,0.35,2.0,23.0,0.0,0.0
26.84,43.36,687.62,0.34,2.0,5.0,0.0,0.0
26.67,43.5,687.92,0.34,2.0,6.0,0.0,0.0
26.75,43.2,686.12,0.35,2.0,7.0,0.0,0.0
26.57,43.72,688.8499999999999,0.35,2.0,8.0,0.0,0.0
26.67,43.67,685.93,0.36,2.0,9.0,0.0,0.0
26.75,43.72,687.4,0.36,2.0,10.0,0.0,0.0
26.71,44.22,687.73,0.36,2.0,11.0,0.0,0.0
26.79,44.06,689.95,0.37,2.0,12.0,0.0,0.0
26.84,42.79,694.71,0.36,2.0,13.0,0.0,0.0
26.85,42.56,694.99,0.37,2.0,14.0,0.0,0.0
26.77,43.12,694.32,0.37,2.0,15.0,0.0,0.0
26.77,43.5,690.54,0.37,2.0,16.0,0.0,0.0
26.77,43.43,690.14,0.36,2.0,17.0,0.0,0.0
26.72,43.52,690.52,0.37,2.0,18.0,0.0,0.0
26.72,43.33,691.22,0.36,2.0,19.0,0.0,0.0
26.71,43.5,688.07,0.35,2.0,20.0,0.0,0.0
26.71,43.32,684.62,0.35,2.0,21.0,0.0,0.0
26.65,43.33,682.1999999999999,0.35,2.0,22.0,0.0,0.0
26.67,43.44,682.22,0.35,2.0,23.0,0.0,0.0
26.58,43.79,679.85,0.35,2.0,24.0,0.0,0.0
26.67,43.5,687.92,0.34,2.0,6.0,0.0,0.0
26.75,43.2,686.12,0.35,2.0,7.0,0.0,0.0
26.57,43.72,688.8499999999999,0.35,2.0,8.0,0.0,0.0
26.67,43.67,685.93,0.36,2.0,9.0,0.0,0.0
26.75,43.72,687.4,0.36,2.0,10.0,0.0,0.0
26.71,44.22,687.73,0.36,2.0,11.0,0.0,0.0
26.79,44.06,689.95,0.37,2.0,12.0,0.0,0.0
26.84,42.79,694.71,0.36,2.0,13.0,0.0,0.0
26.85,42.56,694.99,0.37,2.0,14.0,0.0,0.0
26.77,43.12,694.32,0.37,2.0,15.0,0.0,0.0
26.77,43.5,690.54,0.37,2.0,16.0,0.0,0.0
26.77,43.43,690.14,0.36,2.0,17.0,0.0,0.0
26.72,43.52,690.52,0.37,2.0,18.0,0.0,0.0
26.72,43.33,691.22,0.36,2.0,19.0,0.0,0.0
26.71,43.5,688.07,0.35,2.0,20.0,0.0,0.0
26.71,43.32,684.62,0.35,2.0,21.0,0.0,0.0
26.65,43.33,682.1999999999999,0.35,2.0,22.0,0.0,0.0
26.67,43.44,682.22,0.35,2.0,23.0,0.0,0.0
26.58,43.79,679.85,0.35,2.0,24.0,0.0,0.0
26.62,43.72,679.92,0.35,2.0,25.0,0.0,0.0
26.75,43.2,686.12,0.35,2.0,7.0,0.0,0.0
26.57,43.72,688.8499999999999,0.35,2.0,8.0,0.0,0.0
26.67,43.67,685.93,0.36,2.0,9.0,0.0,0.0
26.75,43.72,687.4,0.36,2.0,10.0,0.0,0.0
26.71,44.22,687.73,0.36,2.0,11.0,0.0,0.0
26.79,44.06,689.95,0.37,2.0,12.0,0.0,0.0
26.84,42.79,694.71,0.36,2.0,13.0,0.0,0.0
26.85,42.56,694.99,0.37,2.0,14.0,0.0,0.0
26.77,43.12,694.32,0.37,2.0,15.0,0.0,0.0
26.77,43.5,690.54,0.37,2.0,16.0,0.0,0.0
26.77,43.43,690.14,0.36,2.0,17.0,0.0,0.0
26.72,43.52,690.52,0.37,2.0,18.0,0.0,0.0
26.72,43.33,691.22,0.36,2.0,19.0,0.0,0.0
26.71,43.5,688.07,0.35,2.0,20.0,0.0,0.0
26.71,43.32,684.62,0.35,2.0,21.0,0.0,0.0
26.65,43.33,682.1999999999999,0.35,2.0,22.0,0.0,0.0
26.67,43.44,682.22,0.35,2.0,23.0,0.0,0.0
26.58,43.79,679.85,0.35,2.0,24.0,0.0,0.0
26.62,43.72,679.92,0.35,2.0,25.0,0.0,0.0
26.75,43.67,678.73,0.35,2.0,26.0,0.0,0.0
26.57,43.72,688.8499999999999,0.35,2.0,8.0,0.0,0.0
26.67,43.67,685.93,0.36,2.0,9.0,0.0,0.0
26.75,43.72,687.4,0.36,2.0,10.0,0.0,0.0
26.71,44.22,687.73,0.36,2.0,11.0,0.0,0.0
26.79,44.06,689.95,0.37,2.0,12.0,0.0,0.0
26.84,42.79,694.71,0.36,2.0,13.0,0.0,0.0
26.85,42.56,694.99,0.37,2.0,14.0,0.0,0.0
26.77,43.12,694.32,0.37,2.0,15.0,0.0,0.0
26.77,43.5,690.54,0.37,2.0,16.0,0.0,0.0
26.77,43.43,690.14,0.36,2.0,17.0,0.0,0.0
26.72,43.52,690.52,0.37,2.0,18.0,0.0,0.0
26.72,43.33,691.22,0.36,2.0,19.0,0.0,0.0
26.71,43.5,688.07,0.35,2.0,20.0,0.0,0.0
26.71,43.32,684.62,0.35,2.0,21.0,0.0,0.0
26.65,43.33,682.1999999999999,0.35,2.0,22.0,0.0,0.0
26.67,43.44,682.22,0.35,2.0,23.0,0.0,0.0
26.58,43.79,679.85,0.35,2.0,24.0,0.0,0.0
26.62,43.72,679.92,0.35,2.0,25.0,0.0,0.0
26.75,43.67,678.73,0.35,2.0,26.0,0.0,0.0
26.71,44.04,679.27,0.35,2.0,27.0,0.0,0.0
26.67,43.67,685.93,0.36,2.0,9.0,0.0,0.0
26.75,43.72,687.4,0.36,2.0,10.0,0.0,0.0
26.71,44.22,687.73,0.36,2.0,11.0,0.0,0.0
26.79,44.06,689.95,0.37,2.0,12.0,0.0,0.0
26.84,42.79,694.71,0.36,2.0,13.0,0.0,0.0
26.85,42.56,694.99,0.37,2.0,14.0,0.0,0.0
26.77,43.12,694.32,0.37,2.0,15.0,0.0,0.0
26.77,43.5,690.54,0.37,2.0,16.0,0.0,0.0
26.77,43.43,690.14,0.36,2.0,17.0,0.0,0.0
26.72,43.52,690.52,0.37,2.0,18.0,0.0,0.0
26.72,43.33,691.22,0.36,2.0,19.0,0.0,0.0
26.71,43.5,688.07,0.35,2.0,20.0,0.0,0.0
26.71,43.32,684.62,0.35,2.0,21.0,0.0,0.0
26.65,43.33,682.1999999999999,0.35,2.0,22.0,0.0,0.0
26.67,43.44,682.22,0.35,2.0,23.0,0.0,0.0
26.58,43.79,679.85,0.35,2.0,24.0,0.0,0.0
26.62,43.72,679.92,0.35,2.0,25.0,0.0,0.0
26.75,43.67,678.73,0.35,2.0,26.0,0.0,0.0
26.71,44.04,679.27,0.35,2.0,27.0,0.0,0.0
26.81,43.34,677.7,0.34,2.0,28.0,0.0,0.0
26.75,43.72,687.4,0.36,2.0,10.0,0.0,0.0
26.71,44.22,687.73,0.36,2.0,11.0,0.0,0.0
26.79,44.06,689.95,0.37,2.0,12.0,0.0,0.0
26.84,42.79,694.71,0.36,2.0,13.0,0.0,0.0
26.85,42.56,694.99,0.37,2.0,14.0,0.0,0.0
26.77,43.12,694.32,0.37,2.0,15.0,0.0,0.0
26.77,43.5,690.54,0.37,2.0,16.0,0.0,0.0
26.77,43.43,690.14,0.36,2.0,17.0,0.0,0.0
26.72,43.52,690.52,0.37,2.0,18.0,0.0,0.0
26.72,43.33,691.22,0.36,2.0,19.0,0.0,0.0
26.71,43.5,688.07,0.35,2.0,20.0,0.0,0.0
26.71,43.32,684.62,0.35,2.0,21.0,0.0,0.0
26.65,43.33,682.1999999999999,0.35,2.0,22.0,0.0,0.0
26.67,43.44,682.22,0.35,2.0,23.0,0.0,0.0
26.58,43.79,679.85,0.35,2.0,24.0,0.0,0.0
26.62,43.72,679.92,0.35,2.0,25.0,0.0,0.0
26.75,43.67,678.73,0.35,2.0,26.0,0.0,0.0
26.71,44.04,679.27,0.35,2.0,27.0,0.0,0.0
26.81,43.34,677.7,0.34,2.0,28.0,0.0,0.0
26.84,42.81,680.14,0.35,2.0,29.0,0.0,0.0
26.71,44.22,687.73,0.36,2.0,11.0,0.0,0.0
26.79,44.06,689.95,0.37,2.0,12.0,0.0,0.0
26.84,42.79,694.71,0.36,2.0,13.0,0.0,0.0
26.85,42.56,694.99,0.37,2.0,14.0,0.0,0.0
26.77,43.12,694.32,0.37,2.0,15.0,0.0,0.0
26.77,43.5,690.54,0.37,2.0,16.0,0.0,0.0
26.77,43.43,690.14,0.36,2.0,17.0,0.0,0.0
26.72,43.52,690.52,0.37,2.0,18.0,0.0,0.0
26.72,43.33,691.22,0.36,2.0,19.0,0.0,0.0
26.71,43.5,688.07,0.35,2.0,20.0,0.0,0.0
26.71,43.32,684.62,0.35,2.0,21.0,0.0,0.0
26.65,43.33,682.1999999999999,0.35,2.0,22.0,0.0,0.0
26.67,43.44,682.22,0.35,2.0,23.0,0.0,0.0
26.58,43.79,679.85,0.35,2.0,24.0,0.0,0.0
26.62,43.72,679.92,0.35,2.0,25.0,0.0,0.0
26.75,43.67,678.73,0.35,2.0,26.0,0.0,0.0
26.71,44.04,679.27,0.35,2.0,27.0,0.0,0.0
26.81,43.34,677.7,0.34,2.0,28.0,0.0,0.0
26.84,42.81,680.14,0.35,2.0,29.0,0.0,0.0
26.81,42.73,680.62,0.35,2.0,30.0,0.0,0.0
26.79,44.06,689.95,0.37,2.0,12.0,0.0,0.0
26.84,42.79,694.71,0.36,2.0,13.0,0.0,0.0
26.85,42.56,694.99,0.37,2.0,14.0,0.0,0.0
26.77,43.12,694.32,0.37,2.0,15.0,0.0,0.0
26.77,43.5,690.54,0.37,2.0,16.0,0.0,0.0
26.77,43.43,690.14,0.36,2.0,17.0,0.0,0.0
26.72,43.52,690.52,0.37,2.0,18.0,0.0,0.0
26.72,43.33,691.22,0.36,2.0,19.0,0.0,0.0
26.71,43.5,688.07,0.35,2.0,20.0,0.0,0.0
26.71,43.32,684.62,0.35,2.0,21.0,0.0,0.0
26.65,43.33,682.1999999999999,0.35,2.0,22.0,0.0,0.0
26.67,43.44,682.22,0.35,2.0,23.0,0.0,0.0
26.58,43.79,679.85,0.35,2.0,24.0,0.0,0.0
26.62,43.72,679.92,0.35,2.0,25.0,0.0,0.0
26.75,43.67,678.73,0.35,2.0,26.0,0.0,0.0
26.71,44.04,679.27,0.35,2.0,27.0,0.0,0.0
26.81,43.34,677.7,0.34,2.0,28.0,0.0,0.0
26.84,42.81,680.14,0.35,2.0,29.0,0.0,0.0
26.81,42.73,680.62,0.35,2.0,30.0,0.0,0.0
26.72,43.38,680.3,0.35,2.0,31.0,0.0,0.0
26.84,42.79,694.71,0.36,2.0,13.0,0.0,0.0
26.85,42.56,694.99,0.37,2.0,14.0,0.0,0.0
26.77,43.12,694.32,0.37,2.0,15.0,0.0,0.0
26.77,43.5,690.54,0.37,2.0,16.0,0.0,0.0
26.77,43.43,690.14,0.36,2.0,17.0,0.0,0.0
26.72,43.52,690.52,0.37,2.0,18.0,0.0,0.0
26.72,43.33,691.22,0.36,2.0,19.0,0.0,0.0
26.71,43.5,688.07,0.35,2.0,20.0,0.0,0.0
26.71,43.32,684.62,0.35,2.0,21.0,0.0,0.0
26.65,43.33,682.1999999999999,0.35,2.0,22.0,0.0,0.0
26.67,43.44,682.22,0.35,2.0,23.0,0.0,0.0
26.58,43.79,679.85,0.35,2.0,24.0,0.0,0.0
26.62,43.72,679.92,0.35,2.0,25.0,0.0,0.0
26.75,43.67,678.73,0.35,2.0,26.0,0.0,0.0
26.71,44.04,679.27,0.35,2.0,27.0,0.0,0.0
26.81,43.34,677.7,0.34,2.0,28.0,0.0,0.0
26.84,42.81,680.14,0.35,2.0,29.0,0.0,0.0
26.81,42.73,680.62,0.35,2.0,30.0,0.0,0.0
26.72,43.38,680.3,0.35,2.0,31.0,0.0,0.0
26.72,43.68,676.5,0.36,2.0,32.0,0.0,0.0
26.85,42.56,694.99,0.37,2.0,14.0,0.0,0.0
26.77,43.12,694.32,0.37,2.0,15.0,0.0,0.0
26.77,43.5,690.54,0.37,2.0,16.0,0.0,0.0
26.77,43.43,690.14,0.36,2.0,17.0,0.0,0.0
26.72,43.52,690.52,0.37,2.0,18.0,0.0,0.0
26.72,43.33,691.22,0.36,2.0,19.0,0.0,0.0
26.71,43.5,688.07,0.35,2.0,20.0,0.0,0.0
26.71,43.32,684.62,0.35,2.0,21.0,0.0,0.0
26.65,43.33,682.1999999999999,0.35,2.0,22.0,0.0,0.0
26.67,43.44,682.22,0.35,2.0,23.0,0.0,0.0
26.58,43.79,679.85,0.35,2.0,24.0,0.0,0.0
26.62,43.72,679.92,0.35,2.0,25.0,0.0,0.0
26.75,43.67,678.73,0.35,2.0,26.0,0.0,0.0
26.71,44.04,679.27,0.35,2.0,27.0,0.0,0.0
26.81,43.34,677.7,0.34,2.0,28.0,0.0,0.0
26.84,42.81,680.14,0.35,2.0,29.0,0.0,0.0
26.81,42.73,680.62,0.35,2.0,30.0,0.0,0.0
26.72,43.38,680.3,0.35,2.0,31.0,0.0,0.0
26.72,43.68,676.5,0.36,2.0,32.0,0.0,0.0
26.7,43.98,677.22,0.35,2.0,33.0,0.0,0.0
26.77,43.12,694.32,0.37,2.0,15.0,0.0,0.0
26.77,43.5,690.54,0.37,2.0,16.0,0.0,0.0
26.77,43.43,690.14,0.36,2.0,17.0,0.0,0.0
26.72,43.52,690.52,0.37,2.0,18.0,0.0,0.0
26.72,43.33,691.22,0.36,2.0,19.0,0.0,0.0
26.71,43.5,688.07,0.35,2.0,20.0,0.0,0.0
26.71,43.32,684.62,0.35,2.0,21.0,0.0,0.0
26.65,43.33,682.1999999999999,0.35,2.0,22.0,0.0,0.0
26.67,43.44,682.22,0.35,2.0,23.0,0.0,0.0
26.58,43.79,679.85,0.35,2.0,24.0,0.0,0.0
26.62,43.72,679.92,0.35,2.0,25.0,0.0,0.0
26.75,43.67,678.73,0.35,2.0,26.0,0.0,0.0
26.71,44.04,679.27,0.35,2.0,27.0,0.0,0.0
26.81,43.34,677.7,0.34,2.0,28.0,0.0,0.0
26.84,42.81,680.14,0.35,2.0,29.0,0.0,0.0
26.81,42.73,680.62,0.35,2.0,30.0,0.0,0.0
26.72,43.38,680.3,0.35,2.0,31.0,0.0,0.0
26.72,43.68,676.5,0.36,2.0,32.0,0.0,0.0
26.7,43.98,677.22,0.35,2.0,33.0,0.0,0.0
26.79,44.01,679.68,0.35,2.0,34.0,0.0,0.0
26.77,43.5,690.54,0.37,2.0,16.0,0.0,0.0
26.77,43.43,690.14,0.36,2.0,17.0,0.0,0.0
26.72,43.52,690.52,0.37,2.0,18.0,0.0,0.0
26.72,43.33,691.22,0.36,2.0,19.0,0.0,0.0
26.71,43.5,688.07,0.35,2.0,20.0,0.0,0.0
26.71,43.32,684.62,0.35,2.0,21.0,0.0,0.0
26.65,43.33,682.1999999999999,0.35,2.0,22.0,0.0,0.0
26.67,43.44,682.22,0.35,2.0,23.0,0.0,0.0
26.58,43.79,679.85,0.35,2.0,24.0,0.0,0.0
26.62,43.72,679.92,0.35,2.0,25.0,0.0,0.0
26.75,43.67,678.73,0.35,2.0,26.0,0.0,0.0
26.71,44.04,679.27,0.35,2.0,27.0,0.0,0.0
26.81,43.34,677.7,0.34,2.0,28.0,0.0,0.0
26.84,42.81,680.14,0.35,2.0,29.0,0.0,0.0
26.81,42.73,680.62,0.35,2.0,30.0,0.0,0.0
26.72,43.38,680.3,0.35,2.0,31.0,0.0,0.0
26.72,43.68,676.5,0.36,2.0,32.0,0.0,0.0
26.7,43.98,677.22,0.35,2.0,33.0,0.0,0.0
26.79,44.01,679.68,0.35,2.0,34.0,0.0,0.0
26.86,43.98,681.44,0.36,2.0,35.0,0.0,0.0
26.77,43.43,690.14,0.36,2.0,17.0,0.0,0.0
26.72,43.52,690.52,0.37,2.0,18.0,0.0,0.0
26.72,43.33,691.22,0.36,2.0,19.0,0.0,0.0
26.71,43.5,688.07,0.35,2.0,20.0,0.0,0.0
26.71,43.32,684.62,0.35,2.0,21.0,0.0,0.0
26.65,43.33,682.1999999999999,0.35,2.0,22.0,0.0,0.0
26.67,43.44,682.22,0.35,2.0,23.0,0.0,0.0
26.58,43.79,679.85,0.35,2.0,24.0,0.0,0.0
26.62,43.72,679.92,0.35,2.0,25.0,0.0,0.0
26.75,43.67,678.73,0.35,2.0,26.0,0.0,0.0
26.71,44.04,679.27,0.35,2.0,27.0,0.0,0.0
26.81,43.34,677.7,0.34,2.0,28.0,0.0,0.0
26.84,42.81,680.14,0.35,2.0,29.0,0.0,0.0
26.81,42.73,680.62,0.35,2.0,30.0,0.0,0.0
26.72,43.38,680.3,0.35,2.0,31.0,0.0,0.0
26.72,43.68,676.5,0.36,2.0,32.0,0.0,0.0
26.7,43.98,677.22,0.35,2.0,33.0,0.0,0.0
26.79,44.01,679.68,0.35,2.0,34.0,0.0,0.0
26.86,43.98,681.44,0.36,2.0,35.0,0.0,0.0
26.89,43.86,682.75,0.36,2.0,36.0,0.0,0.0
26.72,43.52,690.52,0.37,2.0,18.0,0.0,0.0
26.72,43.33,691.22,0.36,2.0,19.0,0.0,0.0
26.71,43.5,688.07,0.35,2.0,20.0,0.0,0.0
26.71,43.32,684.62,0.35,2.0,21.0,0.0,0.0
26.65,43.33,682.1999999999999,0.35,2.0,22.0,0.0,0.0
26.67,43.44,682.22,0.35,2.0,23.0,0.0,0.0
26.58,43.79,679.85,0.35,2.0,24.0,0.0,0.0
26.62,43.72,679.92,0.35,2.0,25.0,0.0,0.0
26.75,43.67,678.73,0.35,2.0,26.0,0.0,0.0
26.71,44.04,679.27,0.35,2.0,27.0,0.0,0.0
26.81,43.34,677.7,0.34,2.0,28.0,0.0,0.0
26.84,42.81,680.14,0.35,2.0,29.0,0.0,0.0
26.81,42.73,680.62,0.35,2.0,30.0,0.0,0.0
26.72,43.38,680.3,0.35,2.0,31.0,0.0,0.0
26.72,43.68,676.5,0.36,2.0,32.0,0.0,0.0
26.7,43.98,677.22,0.35,2.0,33.0,0.0,0.0
26.79,44.01,679.68,0.35,2.0,34.0,0.0,0.0
26.86,43.98,681.44,0.36,2.0,35.0,0.0,0.0
26.89,43.86,682.75,0.36,2.0,36.0,0.0,0.0
26.93,42.45,682.97,0.36,2.0,37.0,0.0,0.0
26.72,43.33,691.22,0.36,2.0,19.0,0.0,0.0
26.71,43.5,688.07,0.35,2.0,20.0,0.0,0.0
26.71,43.32,684.62,0.35,2.0,21.0,0.0,0.0
26.65,43.33,682.1999999999999,0.35,2.0,22.0,0.0,0.0
26.67,43.44,682.22,0.35,2.0,23.0,0.0,0.0
26.58,43.79,679.85,0.35,2.0,24.0,0.0,0.0
26.62,43.72,679.92,0.35,2.0,25.0,0.0,0.0
26.75,43.67,678.73,0.35,2.0,26.0,0.0,0.0
26.71,44.04,679.27,0.35,2.0,27.0,0.0,0.0
26.81,43.34,677.7,0.34,2.0,28.0,0.0,0.0
26.84,42.81,680.14,0.35,2.0,29.0,0.0,0.0
26.81,42.73,680.62,0.35,2.0,30.0,0.0,0.0
26.72,43.38,680.3,0.35,2.0,31.0,0.0,0.0
26.72,43.68,676.5,0.36,2.0,32.0,0.0,0.0
26.7,43.98,677.22,0.35,2.0,33.0,0.0,0.0
26.79,44.01,679.68,0.35,2.0,34.0,0.0,0.0
26.86,43.98,681.44,0.36,2.0,35.0,0.0,0.0
26.89,43.86,682.75,0.36,2.0,36.0,0.0,0.0
26.93,42.45,682.97,0.36,2.0,37.0,0.0,0.0
26.67,41.9,682.13,0.36,2.0,38.0,0.0,0.0
26.71,43.5,688.07,0.35,2.0,20.0,0.0,0.0
26.71,43.32,684.62,0.35,2.0,21.0,0.0,0.0
26.65,43.33,682.1999999999999,0.35,2.0,22.0,0.0,0.0
26.67,43.44,682.22,0.35,2.0,23.0,0.0,0.0
26.58,43.79,679.85,0.35,2.0,24.0,0.0,0.0
26.62,43.72,679.92,0.35,2.0,25.0,0.0,0.0
26.75,43.67,678.73,0.35,2.0,26.0,0.0,0.0
26.71,44.04,679.27,0.35,2.0,27.0,0.0,0.0
26.81,43.34,677.7,0.34,2.0,28.0,0.0,0.0
26.84,42.81,680.14,0.35,2.0,29.0,0.0,0.0
26.81,42.73,680.62,0.35,2.0,30.0,0.0,0.0
26.72,43.38,680.3,0.35,2.0,31.0,0.0,0.0
26.72,43.68,676.5,0.36,2.0,32.0,0.0,0.0
26.7,43.98,677.22,0.35,2.0,33.0,0.0,0.0
26.79,44.01,679.68,0.35,2.0,34.0,0.0,0.0
26.86,43.98,681.44,0.36,2.0,35.0,0.0,0.0
26.89,43.86,682.75,0.36,2.0,36.0,0.0,0.0
26.93,42.45,682.97,0.36,2.0,37.0,0.0,0.0
26.67,41.9,682.13,0.36,2.0,38.0,0.0,0.0
26.65,42.47,682.7600000000001,0.36,2.0,39.0,0.0,0.0
26.71,43.32,684.62,0.35,2.0,21.0,0.0,0.0
26.65,43.33,682.1999999999999,0.35,2.0,22.0,0.0,0.0
26.67,43.44,682.22,0.35,2.0,23.0,0.0,0.0
26.58,43.79,679.85,0.35,2.0,24.0,0.0,0.0
26.62,43.72,679.92,0.35,2.0,25.0,0.0,0.0
26.75,43.67,678.73,0.35,2.0,26.0,0.0,0.0
26.71,44.04,679.27,0.35,2.0,27.0,0.0,0.0
26.81,43.34,677.7,0.34,2.0,28.0,0.0,0.0
26.84,42.81,680.14,0.35,2.0,29.0,0.0,0.0
26.81,42.73,680.62,0.35,2.0,30.0,0.0,0.0
26.72,43.38,680.3,0.35,2.0,31.0,0.0,0.0
26.72,43.68,676.5,0.36,2.0,32.0,0.0,0.0
26.7,43.98,677.22,0.35,2.0,33.0,0.0,0.0
26.79,44.01,679.68,0.35,2.0,34.0,0.0,0.0
26.86,43.98,681.44,0.36,2.0,35.0,0.0,0.0
26.89,43.86,682.75,0.36,2.0,36.0,0.0,0.0
26.93,42.45,682.97,0.36,2.0,37.0,0.0,0.0
26.67,41.9,682.13,0.36,2.0,38.0,0.0,0.0
26.65,42.47,682.7600000000001,0.36,2.0,39.0,0.0,0.0
26.55,43.35,679.72,0.36,2.0,40.0,0.0,0.0
26.65,43.33,682.1999999999999,0.35,2.0,22.0,0.0,0.0
26.67,43.44,682.22,0.35,2.0,23.0,0.0,0.0
26.58,43.79,679.85,0.35,2.0,24.0,0.0,0.0
26.62,43.72,679.92,0.35,2.0,25.0,0.0,0.0
26.75,43.67,678.73,0.35,2.0,26.0,0.0,0.0
26.71,44.04,679.27,0.35,2.0,27.0,0.0,0.0
26.81,43.34,677.7,0.34,2.0,28.0,0.0,0.0
26.84,42.81,680.14,0.35,2.0,29.0,0.0,0.0
26.81,42.73,680.62,0.35,2.0,30.0,0.0,0.0
26.72,43.38,680.3,0.35,2.0,31.0,0.0,0.0
26.72,43.68,676.5,0.36,2.0,32.0,0.0,0.0
26.7,43.98,677.22,0.35,2.0,33.0,0.0,0.0
26.79,44.01,679.68,0.35,2.0,34.0,0.0,0.0
26.86,43.98,681.44,0.36,2.0,35.0,0.0,0.0
26.89,43.86,682.75,0.36,2.0,36.0,0.0,0.0
26.93,42.45,682.97,0.36,2.0,37.0,0.0,0.0
26.67,41.9,682.13,0.36,2.0,38.0,0.0,0.0
26.65,42.47,682.7600000000001,0.36,2.0,39.0,0.0,0.0
26.55,43.35,679.72,0.36,2.0,40.0,0.0,0.0
26.5,43.63,683.12,0.36,2.0,41.0,0.0,0.0
26.67,43.44,682.22,0.35,2.0,23.0,0.0,0.0
26.58,43.79,679.85,0.35,2.0,24.0,0.0,0.0
26.62,43.72,679.92,0.35,2.0,25.0,0.0,0.0
26.75,43.67,678.73,0.35,2.0,26.0,0.0,0.0
26.71,44.04,679.27,0.35,2.0,27.0,0.0,0.0
26.81,43.34,677.7,0.34,2.0,28.0,0.0,0.0
26.84,42.81,680.14,0.35,2.0,29.0,0.0,0.0
26.81,42.73,680.62,0.35,2.0,30.0,0.0,0.0
26.72,43.38,680.3,0.35,2.0,31.0,0.0,0.0
26.72,43.68,676.5,0.36,2.0,32.0,0.0,0.0
26.7,43.98,677.22,0.35,2.0,33.0,0.0,0.0
26.79,44.01,679.68,0.35,2.0,34.0,0.0,0.0
26.86,43.98,681.44,0.36,2.0,35.0,0.0,0.0
26.89,43.86,682.75,0.36,2.0,36.0,0.0,0.0
26.93,42.45,682.97,0.36,2.0,37.0,0.0,0.0
26.67,41.9,682.13,0.36,2.0,38.0,0.0,0.0
26.65,42.47,682.7600000000001,0.36,2.0,39.0,0.0,0.0
26.55,43.35,679.72,0.36,2.0,40.0,0.0,0.0
26.5,43.63,683.12,0.36,2.0,41.0,0.0,0.0
26.7,43.44,685.95,0.36,2.0,42.0,0.0,0.0
26.58,43.79,679.85,0.35,2.0,24.0,0.0,0.0
26.62,43.72,679.92,0.35,2.0,25.0,0.0,0.0
26.75,43.67,678.73,0.35,2.0,26.0,0.0,0.0
26.71,44.04,679.27,0.35,2.0,27.0,0.0,0.0
26.81,43.34,677.7,0.34,2.0,28.0,0.0,0.0
26.84,42.81,680.14,0.35,2.0,29.0,0.0,0.0
26.81,42.73,680.62,0.35,2.0,30.0,0.0,0.0
26.72,43.38,680.3,0.35,2.0,31.0,0.0,0.0
26.72,43.68,676.5,0.36,2.0,32.0,0.0,0.0
26.7,43.98,677.22,0.35,2.0,33.0,0.0,0.0
26.79,44.01,679.68,0.35,2.0,34.0,0.0,0.0
26.86,43.98,681.44,0.36,2.0,35.0,0.0,0.0
26.89,43.86,682.75,0.36,2.0,36.0,0.0,0.0
26.93,42.45,682.97,0.36,2.0,37.0,0.0,0.0
26.67,41.9,682.13,0.36,2.0,38.0,0.0,0.0
26.65,42.47,682.7600000000001,0.36,2.0,39.0,0.0,0.0
26.55,43.35,679.72,0.36,2.0,40.0,0.0,0.0
26.5,43.63,683.12,0.36,2.0,41.0,0.0,0.0
26.7,43.44,685.95,0.36,2.0,42.0,0.0,0.0
26.54,44.06,681.33,0.36,2.0,43.0,0.0,0.0
26.62,43.72,679.92,0.35,2.0,25.0,0.0,0.0
26.75,43.67,678.73,0.35,2.0,26.0,0.0,0.0
26.71,44.04,679.27,0.35,2.0,27.0,0.0,0.0
26.81,43.34,677.7,0.34,2.0,28.0,0.0,0.0
26.84,42.81,680.14,0.35,2.0,29.0,0.0,0.0
26.81,42.73,680.62,0.35,2.0,30.0,0.0,0.0
26.72,43.38,680.3,0.35,2.0,31.0,0.0,0.0
26.72,43.68,676.5,0.36,2.0,32.0,0.0,0.0
26.7,43.98,677.22,0.35,2.0,33.0,0.0,0.0
26.79,44.01,679.68,0.35,2.0,34.0,0.0,0.0
26.86,43.98,681.44,0.36,2.0,35.0,0.0,0.0
26.89,43.86,682.75,0.36,2.0,36.0,0.0,0.0
26.93,42.45,682.97,0.36,2.0,37.0,0.0,0.0
26.67,41.9,682.13,0.36,2.0,38.0,0.0,0.0
26.65,42.47,682.7600000000001,0.36,2.0,39.0,0.0,0.0
26.55,43.35,679.72,0.36,2.0,40.0,0.0,0.0
26.5,43.63,683.12,0.36,2.0,41.0,0.0,0.0
26.7,43.44,685.95,0.36,2.0,42.0,0.0,0.0
26.54,44.06,681.33,0.36,2.0,43.0,0.0,0.0
26.54,43.77,682.47,0.37,2.0,44.0,0.0,0.0
26.75,43.67,678.73,0.35,2.0,26.0,0.0,0.0
26.71,44.04,679.27,0.35,2.0,27.0,0.0,0.0
26.81,43.34,677.7,0.34,2.0,28.0,0.0,0.0
26.84,42.81,680.14,0.35,2.0,29.0,0.0,0.0
26.81,42.73,680.62,0.35,2.0,30.0,0.0,0.0
26.72,43.38,680.3,0.35,2.0,31.0,0.0,0.0
26.72,43.68,676.5,0.36,2.0,32.0,0.0,0.0
26.7,43.98,677.22,0.35,2.0,33.0,0.0,0.0
26.79,44.01,679.68,0.35,2.0,34.0,0.0,0.0
26.86,43.98,681.44,0.36,2.0,35.0,0.0,0.0
26.89,43.86,682.75,0.36,2.0,36.0,0.0,0.0
26.93,42.45,682.97,0.36,2.0,37.0,0.0,0.0
26.67,41.9,682.13,0.36,2.0,38.0,0.0,0.0
26.65,42.47,682.7600000000001,0.36,2.0,39.0,0.0,0.0
26.55,43.35,679.72,0.36,2.0,40.0,0.0,0.0
26.5,43.63,683.12,0.36,2.0,41.0,0.0,0.0
26.7,43.44,685.95,0.36,2.0,42.0,0.0,0.0
26.54,44.06,681.33,0.36,2.0,43.0,0.0,0.0
26.54,43.77,682.47,0.37,2.0,44.0,0.0,0.0
26.48,42.97,681.28,0.37,2.0,45.0,0.0,0.0
26.71,44.04,679.27,0.35,2.0,27.0,0.0,0.0
26.81,43.34,677.7,0.34,2.0,28.0,0.0,0.0
26.84,42.81,680.14,0.35,2.0,29.0,0.0,0.0
26.81,42.73,680.62,0.35,2.0,30.0,0.0,0.0
26.72,43.38,680.3,0.35,2.0,31.0,0.0,0.0
26.72,43.68,676.5,0.36,2.0,32.0,0.0,0.0
26.7,43.98,677.22,0.35,2.0,33.0,0.0,0.0
26.79,44.01,679.68,0.35,2.0,34.0,0.0,0.0
26.86,43.98,681.44,0.36,2.0,35.0,0.0,0.0
26.89,43.86,682.75,0.36,2.0,36.0,0.0,0.0
26.93,42.45,682.97,0.36,2.0,37.0,0.0,0.0
26.67,41.9,682.13,0.36,2.0,38.0,0.0,0.0
26.65,42.47,682.7600000000001,0.36,2.0,39.0,0.0,0.0
26.55,43.35,679.72,0.36,2.0,40.0,0.0,0.0
26.5,43.63,683.12,0.36,2.0,41.0,0.0,0.0
26.7,43.44,685.95,0.36,2.0,42.0,0.0,0.0
26.54,44.06,681.33,0.36,2.0,43.0,0.0,0.0
26.54,43.77,682.47,0.37,2.0,44.0,0.0,0.0
26.48,42.97,681.28,0.37,2.0,45.0,0.0,0.0
26.57,42.77,681.31,0.37,2.0,46.0,0.0,0.0
26.81,43.34,677.7,0.34,2.0,28.0,0.0,0.0
26.84,42.81,680.14,0.35,2.0,29.0,0.0,0.0
26.81,42.73,680.62,0.35,2.0,30.0,0.0,0.0
26.72,43.38,680.3,0.35,2.0,31.0,0.0,0.0
26.72,43.68,676.5,0.36,2.0,32.0,0.0,0.0
26.7,43.98,677.22,0.35,2.0,33.0,0.0,0.0
26.79,44.01,679.68,0.35,2.0,34.0,0.0,0.0
26.86,43.98,681.44,0.36,2.0,35.0,0.0,0.0
26.89,43.86,682.75,0.36,2.0,36.0,0.0,0.0
26.93,42.45,682.97,0.36,2.0,37.0,0.0,0.0
26.67,41.9,682.13,0.36,2.0,38.0,0.0,0.0
26.65,42.47,682.7600000000001,0.36,2.0,39.0,0.0,0.0
26.55,43.35,679.72,0.36,2.0,40.0,0.0,0.0
26.5,43.63,683.12,0.36,2.0,41.0,0.0,0.0
26.7,43.44,685.95,0.36,2.0,42.0,0.0,0.0
26.54,44.06,681.33,0.36,2.0,43.0,0.0,0.0
26.54,43.77,682.47,0.37,2.0,44.0,0.0,0.0
26.48,42.97,681.28,0.37,2.0,45.0,0.0,0.0
26.57,42.77,681.31,0.37,2.0,46.0,0.0,0.0
26.58,43.1,684.45,0.37,2.0,47.0,0.0,0.0
26.84,42.81,680.14,0.35,2.0,29.0,0.0,0.0
26.81,42.73,680.62,0.35,2.0,30.0,0.0,0.0
26.72,43.38,680.3,0.35,2.0,31.0,0.0,0.0
26.72,43.68,676.5,0.36,2.0,32.0,0.0,0.0
26.7,43.98,677.22,0.35,2.0,33.0,0.0,0.0
26.79,44.01,679.68,0.35,2.0,34.0,0.0,0.0
26.86,43.98,681.44,0.36,2.0,35.0,0.0,0.0
26.89,43.86,682.75,0.36,2.0,36.0,0.0,0.0
26.93,42.45,682.97,0.36,2.0,37.0,0.0,0.0
26.67,41.9,682.13,0.36,2.0,38.0,0.0,0.0
26.65,42.47,682.7600000000001,0.36,2.0,39.0,0.0,0.0
26.55,43.35,679.72,0.36,2.0,40.0,0.0,0.0
26.5,43.63,683.12,0.36,2.0,41.0,0.0,0.0
26.7,43.44,685.95,0.36,2.0,42.0,0.0,0.0
26.54,44.06,681.33,0.36,2.0,43.0,0.0,0.0
26.54,43.77,682.47,0.37,2.0,44.0,0.0,0.0
26.48,42.97,681.28,0.37,2.0,45.0,0.0,0.0
26.57,42.77,681.31,0.37,2.0,46.0,0.0,0.0
26.58,43.1,684.45,0.37,2.0,47.0,0.0,0.0
26.61,43.32,684.45,0.37,2.0,48.0,0.0,0.0
26.81,42.73,680.62,0.35,2.0,30.0,0.0,0.0
26.72,43.38,680.3,0.35,2.0,31.0,0.0,0.0
26.72,43.68,676.5,0.36,2.0,32.0,0.0,0.0
26.7,43.98,677.22,0.35,2.0,33.0,0.0,0.0
26.79,44.01,679.68,0.35,2.0,34.0,0.0,0.0
26.86,43.98,681.44,0.36,2.0,35.0,0.0,0.0
26.89,43.86,682.75,0.36,2.0,36.0,0.0,0.0
26.93,42.45,682.97,0.36,2.0,37.0,0.0,0.0
26.67,41.9,682.13,0.36,2.0,38.0,0.0,0.0
26.65,42.47,682.7600000000001,0.36,2.0,39.0,0.0,0.0
26.55,43.35,679.72,0.36,2.0,40.0,0.0,0.0
26.5,43.63,683.12,0.36,2.0,41.0,0.0,0.0
26.7,43.44,685.95,0.36,2.0,42.0,0.0,0.0
26.54,44.06,681.33,0.36,2.0,43.0,0.0,0.0
26.54,43.77,682.47,0.37,2.0,44.0,0.0,0.0
26.48,42.97,681.28,0.37,2.0,45.0,0.0,0.0
26.57,42.77,681.31,0.37,2.0,46.0,0.0,0.0
26.58,43.1,684.45,0.37,2.0,47.0,0.0,0.0
26.61,43.32,684.45,0.37,2.0,48.0,0.0,0.0
26.67,43.28,683.93,0.37,2.0,49.0,0.0,0.0
26.72,43.38,680.3,0.35,2.0,31.0,0.0,0.0
26.72,43.68,676.5,0.36,2.0,32.0,0.0,0.0
26.7,43.98,677.22,0.35,2.0,33.0,0.0,0.0
26.79,44.01,679.68,0.35,2.0,34.0,0.0,0.0
26.86,43.98,681.44,0.36,2.0,35.0,0.0,0.0
26.89,43.86,682.75,0.36,2.0,36.0,0.0,0.0
26.93,42.45,682.97,0.36,2.0,37.0,0.0,0.0
26.67,41.9,682.13,0.36,2.0,38.0,0.0,0.0
26.65,42.47,682.7600000000001,0.36,2.0,39.0,0.0,0.0
26.55,43.35,679.72,0.36,2.0,40.0,0.0,0.0
26.5,43.63,683.12,0.36,2.0,41.0,0.0,0.0
26.7,43.44,685.95,0.36,2.0,42.0,0.0,0.0
26.54,44.06,681.33,0.36,2.0,43.0,0.0,0.0
26.54,43.77,682.47,0.37,2.0,44.0,0.0,0.0
26.48,42.97,681.28,0.37,2.0,45.0,0.0,0.0
26.57,42.77,681.31,0.37,2.0,46.0,0.0,0.0
26.58,43.1,684.45,0.37,2.0,47.0,0.0,0.0
26.61,43.32,684.45,0.37,2.0,48.0,0.0,0.0
26.67,43.28,683.93,0.37,2.0,49.0,0.0,0.0
26.71,43.71,686.07,0.37,2.0,50.0,0.0,0.0
26.72,43.68,676.5,0.36,2.0,32.0,0.0,0.0
26.7,43.98,677.22,0.35,2.0,33.0,0.0,0.0
26.79,44.01,679.68,0.35,2.0,34.0,0.0,0.0
26.86,43.98,681.44,0.36,2.0,35.0,0.0,0.0
26.89,43.86,682.75,0.36,2.0,36.0,0.0,0.0
26.93,42.45,682.97,0.36,2.0,37.0,0.0,0.0
26.67,41.9,682.13,0.36,2.0,38.0,0.0,0.0
26.65,42.47,682.7600000000001,0.36,2.0,39.0,0.0,0.0
26.55,43.35,679.72,0.36,2.0,40.0,0.0,0.0
26.5,43.63,683.12,0.36,2.0,41.0,0.0,0.0
26.7,43.44,685.95,0.36,2.0,42.0,0.0,0.0
26.54,44.06,681.33,0.36,2.0,43.0,0.0,0.0
26.54,43.77,682.47,0.37,2.0,44.0,0.0,0.0
26.48,42.97,681.28,0.37,2.0,45.0,0.0,0.0
26.57,42.77,681.31,0.37,2.0,46.0,0.0,0.0
26.58,43.1,684.45,0.37,2.0,47.0,0.0,0.0
26.61,43.32,684.45,0.37,2.0,48.0,0.0,0.0
26.67,43.28,683.93,0.37,2.0,49.0,0.0,0.0
26.71,43.71,686.07,0.37,2.0,50.0,0.0,0.0
26.81,43.77,690.57,0.37,2.0,51.0,0.0,0.0
26.7,43.98,677.22,0.35,2.0,33.0,0.0,0.0
26.79,44.01,679.68,0.35,2.0,34.0,0.0,0.0
26.86,43.98,681.44,0.36,2.0,35.0,0.0,0.0
26.89,43.86,682.75,0.36,2.0,36.0,0.0,0.0
26.93,42.45,682.97,0.36,2.0,37.0,0.0,0.0
26.67,41.9,682.13,0.36,2.0,38.0,0.0,0.0
26.65,42.47,682.7600000000001,0.36,2.0,39.0,0.0,0.0
26.55,43.35,679.72,0.36,2.0,40.0,0.0,0.0
26.5,43.63,683.12,0.36,2.0,41.0,0.0,0.0
26.7,43.44,685.95,0.36,2.0,42.0,0.0,0.0
26.54,44.06,681.33,0.36,2.0,43.0,0.0,0.0
26.54,43.77,682.47,0.37,2.0,44.0,0.0,0.0
26.48,42.97,681.28,0.37,2.0,45.0,0.0,0.0
26.57,42.77,681.31,0.37,2.0,46.0,0.0,0.0
26.58,43.1,684.45,0.37,2.0,47.0,0.0,0.0
26.61,43.32,684.45,0.37,2.0,48.0,0.0,0.0
26.67,43.28,683.93,0.37,2.0,49.0,0.0,0.0
26.71,43.71,686.07,0.37,2.0,50.0,0.0,0.0
26.81,43.77,690.57,0.37,2.0,51.0,0.0,0.0
26.81,43.85,690.26,0.37,2.0,52.0,0.0,0.0
26.79,44.01,679.68,0.35,2.0,34.0,0.0,0.0
26.86,43.98,681.44,0.36,2.0,35.0,0.0,0.0
26.89,43.86,682.75,0.36,2.0,36.0,0.0,0.0
26.93,42.45,682.97,0.36,2.0,37.0,0.0,0.0
26.67,41.9,682.13,0.36,2.0,38.0,0.0,0.0
26.65,42.47,682.7600000000001,0.36,2.0,39.0,0.0,0.0
26.55,43.35,679.72,0.36,2.0,40.0,0.0,0.0
26.5,43.63,683.12,0.36,2.0,41.0,0.0,0.0
26.7,43.44,685.95,0.36,2.0,42.0,0.0,0.0
26.54,44.06,681.33,0.36,2.0,43.0,0.0,0.0
26.54,43.77,682.47,0.37,2.0,44.0,0.0,0.0
26.48,42.97,681.28,0.37,2.0,45.0,0.0,0.0
26.57,42.77,681.31,0.37,2.0,46.0,0.0,0.0
26.58,43.1,684.45,0.37,2.0,47.0,0.0,0.0
26.61,43.32,684.45,0.37,2.0,48.0,0.0,0.0
26.67,43.28,683.93,0.37,2.0,49.0,0.0,0.0
26.71,43.71,686.07,0.37,2.0,50.0,0.0,0.0
26.81,43.77,690.57,0.37,2.0,51.0,0.0,0.0
26.81,43.85,690.26,0.37,2.0,52.0,0.0,0.0
26.79,43.05,688.3,0.37,2.0,53.0,0.0,0.0
26.86,43.98,681.44,0.36,2.0,35.0,0.0,0.0
26.89,43.86,682.75,0.36,2.0,36.0,0.0,0.0
26.93,42.45,682.97,0.36,2.0,37.0,0.0,0.0
26.67,41.9,682.13,0.36,2.0,38.0,0.0,0.0
26.65,42.47,682.7600000000001,0.36,2.0,39.0,0.0,0.0
26.55,43.35,679.72,0.36,2.0,40.0,0.0,0.0
26.5,43.63,683.12,0.36,2.0,41.0,0.0,0.0
26.7,43.44,685.95,0.36,2.0,42.0,0.0,0.0
26.54,44.06,681.33,0.36,2.0,43.0,0.0,0.0
26.54,43.77,682.47,0.37,2.0,44.0,0.0,0.0
26.48,42.97,681.28,0.37,2.0,45.0,0.0,0.0
26.57,42.77,681.31,0.37,2.0,46.0,0.0,0.0
26.58,43.1,684.45,0.37,2.0,47.0,0.0,0.0
26.61,43.32,684.45,0.37,2.0,48.0,0.0,0.0
26.67,43.28,683.93,0.37,2.0,49.0,0.0,0.0
26.71,43.71,686.07,0.37,2.0,50.0,0.0,0.0
26.81,43.77,690.57,0.37,2.0,51.0,0.0,0.0
26.81,43.85,690.26,0.37,2.0,52.0,0.0,0.0
26.79,43.05,688.3,0.37,2.0,53.0,0.0,0.0
26.78,42.59,690.66,0.37,2.0,54.0,0.0,0.0
26.89,43.86,682.75,0.36,2.0,36.0,0.0,0.0
26.93,42.45,682.97,0.36,2.0,37.0,0.0,0.0
26.67,41.9,682.13,0.36,2.0,38.0,0.0,0.0
26.65,42.47,682.7600000000001,0.36,2.0,39.0,0.0,0.0
26.55,43.35,679.72,0.36,2.0,40.0,0.0,0.0
26.5,43.63,683.12,0.36,2.0,41.0,0.0,0.0
26.7,43.44,685.95,0.36,2.0,42.0,0.0,0.0
26.54,44.06,681.33,0.36,2.0,43.0,0.0,0.0
26.54,43.77,682.47,0.37,2.0,44.0,0.0,0.0
26.48,42.97,681.28,0.37,2.0,45.0,0.0,0.0
26.57,42.77,681.31,0.37,2.0,46.0,0.0,0.0
26.58,43.1,684.45,0.37,2.0,47.0,0.0,0.0
26.61,43.32,684.45,0.37,2.0,48.0,0.0,0.0
26.67,43.28,683.93,0.37,2.0,49.0,0.0,0.0
26.71,43.71,686.07,0.37,2.0,50.0,0.0,0.0
26.81,43.77,690.57,0.37,2.0,51.0,0.0,0.0
26.81,43.85,690.26,0.37,2.0,52.0,0.0,0.0
26.79,43.05,688.3,0.37,2.0,53.0,0.0,0.0
26.78,42.59,690.66,0.37,2.0,54.0,0.0,0.0
26.78,42.88,686.98,0.37,2.0,55.0,0.0,0.0
26.93,42.45,682.97,0.36,2.0,37.0,0.0,0.0
26.67,41.9,682.13,0.36,2.0,38.0,0.0,0.0
26.65,42.47,682.7600000000001,0.36,2.0,39.0,0.0,0.0
26.55,43.35,679.72,0.36,2.0,40.0,0.0,0.0
26.5,43.63,683.12,0.36,2.0,41.0,0.0,0.0
26.7,43.44,685.95,0.36,2.0,42.0,0.0,0.0
26.54,44.06,681.33,0.36,2.0,43.0,0.0,0.0
26.54,43.77,682.47,0.37,2.0,44.0,0.0,0.0
26.48,42.97,681.28,0.37,2.0,45.0,0.0,0.0
26.57,42.77,681.31,0.37,2.0,46.0,0.0,0.0
26.58,43.1,684.45,0.37,2.0,47.0,0.0,0.0
26.61,43.32,684.45,0.37,2.0,48.0,0.0,0.0
26.67,43.28,683.93,0.37,2.0,49.0,0.0,0.0
26.71,43.71,686.07,0.37,2.0,50.0,0.0,0.0
26.81,43.77,690.57,0.37,2.0,51.0,0.0,0.0
26.81,43.85,690.26,0.37,2.0,52.0,0.0,0.0
26.79,43.05,688.3,0.37,2.0,53.0,0.0,0.0
26.78,42.59,690.66,0.37,2.0,54.0,0.0,0.0
26.78,42.88,686.98,0.37,2.0,55.0,0.0,0.0
26.59,43.46,685.88,0.37,2.0,56.0,0.0,0.0
26.67,41.9,682.13,0.36,2.0,38.0,0.0,0.0
26.65,42.47,682.7600000000001,0.36,2.0,39.0,0.0,0.0
26.55,43.35,679.72,0.36,2.0,40.0,0.0,0.0
26.5,43.63,683.12,0.36,2.0,41.0,0.0,0.0
26.7,43.44,685.95,0.36,2.0,42.0,0.0,0.0
26.54,44.06,681.33,0.36,2.0,43.0,0.0,0.0
26.54,43.77,682.47,0.37,2.0,44.0,0.0,0.0
26.48,42.97,681.28,0.37,2.0,45.0,0.0,0.0
26.57,42.77,681.31,0.37,2.0,46.0,0.0,0.0
26.58,43.1,684.45,0.37,2.0,47.0,0.0,0.0
26.61,43.32,684.45,0.37,2.0,48.0,0.0,0.0
26.67,43.28,683.93,0.37,2.0,49.0,0.0,0.0
26.71,43.71,686.07,0.37,2.0,50.0,0.0,0.0
26.81,43.77,690.57,0.37,2.0,51.0,0.0,0.0
26.81,43.85,690.26,0.37,2.0,52.0,0.0,0.0
26.79,43.05,688.3,0.37,2.0,53.0,0.0,0.0
26.78,42.59,690.66,0.37,2.0,54.0,0.0,0.0
26.78,42.88,686.98,0.37,2.0,55.0,0.0,0.0
26.59,43.46,685.88,0.37,2.0,56.0,0.0,0.0
26.71,43.33,686.31,0.36,2.0,57.0,0.0,0.0
26.65,42.47,682.7600000000001,0.36,2.0,39.0,0.0,0.0
26.55,43.35,679.72,0.36,2.0,40.0,0.0,0.0
26.5,43.63,683.12,0.36,2.0,41.0,0.0,0.0
26.7,43.44,685.95,0.36,2.0,42.0,0.0,0.0
26.54,44.06,681.33,0.36,2.0,43.0,0.0,0.0
26.54,43.77,682.47,0.37,2.0,44.0,0.0,0.0
26.48,42.97,681.28,0.37,2.0,45.0,0.0,0.0
26.57,42.77,681.31,0.37,2.0,46.0,0.0,0.0
26.58,43.1,684.45,0.37,2.0,47.0,0.0,0.0
26.61,43.32,684.45,0.37,2.0,48.0,0.0,0.0
26.67,43.28,683.93,0.37,2.0,49.0,0.0,0.0
26.71,43.71,686.07,0.37,2.0,50.0,0.0,0.0
26.81,43.77,690.57,0.37,2.0,51.0,0.0,0.0
26.81,43.85,690.26,0.37,2.0,52.0,0.0,0.0
26.79,43.05,688.3,0.37,2.0,53.0,0.0,0.0
26.78,42.59,690.66,0.37,2.0,54.0,0.0,0.0
26.78,42.88,686.98,0.37,2.0,55.0,0.0,0.0
26.59,43.46,685.88,0.37,2.0,56.0,0.0,0.0
26.71,43.33,686.31,0.36,2.0,57.0,0.0,0.0
26.85,43.4,685.46,0.36,2.0,58.0,0.0,0.0
26.55,43.35,679.72,0.36,2.0,40.0,0.0,0.0
26.5,43.63,683.12,0.36,2.0,41.0,0.0,0.0
26.7,43.44,685.95,0.36,2.0,42.0,0.0,0.0
26.54,44.06,681.33,0.36,2.0,43.0,0.0,0.0
26.54,43.77,682.47,0.37,2.0,44.0,0.0,0.0
26.48,42.97,681.28,0.37,2.0,45.0,0.0,0.0
26.57,42.77,681.31,0.37,2.0,46.0,0.0,0.0
26.58,43.1,684.45,0.37,2.0,47.0,0.0,0.0
26.61,43.32,684.45,0.37,2.0,48.0,0.0,0.0
26.67,43.28,683.93,0.37,2.0,49.0,0.0,0.0
26.71,43.71,686.07,0.37,2.0,50.0,0.0,0.0
26.81,43.77,690.57,0.37,2.0,51.0,0.0,0.0
26.81,43.85,690.26,0.37,2.0,52.0,0.0,0.0
26.79,43.05,688.3,0.37,2.0,53.0,0.0,0.0
26.78,42.59,690.66,0.37,2.0,54.0,0.0,0.0
26.78,42.88,686.98,0.37,2.0,55.0,0.0,0.0
26.59,43.46,685.88,0.37,2.0,56.0,0.0,0.0
26.71,43.33,686.31,0.36,2.0,57.0,0.0,0.0
26.85,43.4,685.46,0.36,2.0,58.0,0.0,0.0
26.75,43.95,683.67,0.36,2.0,59.0,0.0,0.0
26.5,43.63,683.12,0.36,2.0,41.0,0.0,0.0
26.7,43.44,685.95,0.36,2.0,42.0,0.0,0.0
26.54,44.06,681.33,0.36,2.0,43.0,0.0,0.0
26.54,43.77,682.47,0.37,2.0,44.0,0.0,0.0
26.48,42.97,681.28,0.37,2.0,45.0,0.0,0.0
26.57,42.77,681.31,0.37,2.0,46.0,0.0,0.0
26.58,43.1,684.45,0.37,2.0,47.0,0.0,0.0
26.61,43.32,684.45,0.37,2.0,48.0,0.0,0.0
26.67,43.28,683.93,0.37,2.0,49.0,0.0,0.0
26.71,43.71,686.07,0.37,2.0,50.0,0.0,0.0
26.81,43.77,690.57,0.37,2.0,51.0,0.0,0.0
26.81,43.85,690.26,0.37,2.0,52.0,0.0,0.0
26.79,43.05,688.3,0.37,2.0,53.0,0.0,0.0
26.78,42.59,690.66,0.37,2.0,54.0,0.0,0.0
26.78,42.88,686.98,0.37,2.0,55.0,0.0,0.0
26.59,43.46,685.88,0.37,2.0,56.0,0.0,0.0
26.71,43.33,686.31,0.36,2.0,57.0,0.0,0.0
26.85,43.4,685.46,0.36,2.0,58.0,0.0,0.0
26.75,43.95,683.67,0.36,2.0,59.0,0.0,0.0
26.77,44.3,682.98,0.36,3.0,0.0,0.0,0.0
26.7,43.44,685.95,0.36,2.0,42.0,0.0,0.0
26.54,44.06,681.33,0.36,2.0,43.0,0.0,0.0
26.54,43.77,682.47,0.37,2.0,44.0,0.0,0.0
26.48,42.97,681.28,0.37,2.0,45.0,0.0,0.0
26.57,42.77,681.31,0.37,2.0,46.0,0.0,0.0
26.58,43.1,684.45,0.37,2.0,47.0,0.0,0.0
26.61,43.32,684.45,0.37,2.0,48.0,0.0,0.0
26.67,43.28,683.93,0.37,2.0,49.0,0.0,0.0
26.71,43.71,686.07,0.37,2.0,50.0,0.0,0.0
26.81,43.77,690.57,0.37,2.0,51.0,0.0,0.0
26.81,43.85,690.26,0.37,2.0,52.0,0.0,0.0
26.79,43.05,688.3,0.37,2.0,53.0,0.0,0.0
26.78,42.59,690.66,0.37,2.0,54.0,0.0,0.0
26.78,42.88,686.98,0.37,2.0,55.0,0.0,0.0
26.59,43.46,685.88,0.37,2.0,56.0,0.0,0.0
26.71,43.33,686.31,0.36,2.0,57.0,0.0,0.0
26.85,43.4,685.46,0.36,2.0,58.0,0.0,0.0
26.75,43.95,683.67,0.36,2.0,59.0,0.0,0.0
26.77,44.3,682.98,0.36,3.0,0.0,0.0,0.0
26.88,43.27,684.65,0.36,3.0,1.0,0.0,0.0
26.54,44.06,681.33,0.36,2.0,43.0,0.0,0.0
26.54,43.77,682.47,0.37,2.0,44.0,0.0,0.0
26.48,42.97,681.28,0.37,2.0,45.0,0.0,0.0
26.57,42.77,681.31,0.37,2.0,46.0,0.0,0.0
26.58,43.1,684.45,0.37,2.0,47.0,0.0,0.0
26.61,43.32,684.45,0.37,2.0,48.0,0.0,0.0
26.67,43.28,683.93,0.37,2.0,49.0,0.0,0.0
26.71,43.71,686.07,0.37,2.0,50.0,0.0,0.0
26.81,43.77,690.57,0.37,2.0,51.0,0.0,0.0
26.81,43.85,690.26,0.37,2.0,52.0,0.0,0.0
26.79,43.05,688.3,0.37,2.0,53.0,0.0,0.0
26.78,42.59,690.66,0.37,2.0,54.0,0.0,0.0
26.78,42.88,686.98,0.37,2.0,55.0,0.0,0.0
26.59,43.46,685.88,0.37,2.0,56.0,0.0,0.0
26.71,43.33,686.31,0.36,2.0,57.0,0.0,0.0
26.85,43.4,685.46,0.36,2.0,58.0,0.0,0.0
26.75,43.95,683.67,0.36,2.0,59.0,0.0,0.0
26.77,44.3,682.98,0.36,3.0,0.0,0.0,0.0
26.88,43.27,684.65,0.36,3.0,1.0,0.0,0.0
26.78,42.79,690.34,0.36,3.0,2.0,0.0,0.0
