Predicted_Temperature(in oC),Predicted_Humidity(in RH),Predicted_CO2(in ppm),Predicted_Oxygen(%),hour,minute,day_of_week,is_weekend
26.864983,42.58425,727.5236,0.114331216,20.0,44.0,6.0,1.0
26.874807,42.607506,727.7124,0.11812708,20.0,45.0,6.0,1.0
26.881847,42.665333,727.94037,0.12150745,20.0,46.0,6.0,1.0
26.888662,42.733738,728.2002,0.12496975,20.0,47.0,6.0,1.0
26.896173,42.794174,728.44635,0.12855256,20.0,48.0,6.0,1.0
26.901892,42.863335,728.67816,0.13165669,20.0,49.0,6.0,1.0
26.907026,42.929905,728.8861,0.13452524,20.0,50.0,6.0,1.0
26.911875,42.994175,729.0838,0.13725728,20.0,51.0,6.0,1.0
26.916594,43.056316,729.2931,0.13991825,20.0,52.0,6.0,1.0
26.920296,43.117615,729.5151,0.14228013,20.0,53.0,6.0,1.0
26.923157,43.18616,729.78186,0.14431426,20.0,54.0,6.0,1.0
26.925774,43.253513,730.0477,0.14621852,20.0,55.0,6.0,1.0
26.928009,43.313374,730.28406,0.14787163,20.0,56.0,6.0,1.0
26.929863,43.367775,730.5327,0.1492906,20.0,57.0,6.0,1.0
26.932058,43.409565,730.74255,0.15067631,20.0,58.0,6.0,1.0
26.933863,43.446022,730.92365,0.15184665,20.0,59.0,6.0,1.0
26.935078,43.481895,731.0917,0.1528039,21.0,0.0,6.0,1.0
26.936548,43.507057,731.22723,0.15368612,21.0,1.0,6.0,1.0
26.936825,43.53246,731.344,0.15415618,21.0,2.0,6.0,1.0
26.935698,43.563595,731.44904,0.15423244,21.0,3.0,6.0,1.0
26.866932,42.58481,727.5547,0.115016736,20.0,45.0,6.0,1.0
26.875233,42.61332,727.73334,0.11836671,20.0,46.0,6.0,1.0
26.881649,42.66932,727.95044,0.12149915,20.0,47.0,6.0,1.0
26.889368,42.72737,728.2011,0.12510946,20.0,48.0,6.0,1.0
26.895216,42.800636,728.4506,0.12832007,20.0,49.0,6.0,1.0
26.900612,42.873463,728.6824,0.13137381,20.0,50.0,6.0,1.0
26.905724,42.94229,728.8947,0.13427077,20.0,51.0,6.0,1.0
26.91102,43.002495,729.0911,0.13709278,20.0,52.0,6.0,1.0
26.916256,43.05913,729.29333,0.13982937,20.0,53.0,6.0,1.0
26.919685,43.124462,729.5138,0.14210838,20.0,54.0,6.0,1.0
26.922613,43.19281,729.78467,0.14416443,20.0,55.0,6.0,1.0
26.925129,43.25758,730.03986,0.14599602,20.0,56.0,6.0,1.0
26.927042,43.317913,730.28,0.14756648,20.0,57.0,6.0,1.0
26.929491,43.36385,730.5132,0.14910167,20.0,58.0,6.0,1.0
26.93152,43.403957,730.7145,0.1504034,20.0,59.0,6.0,1.0
26.932924,43.443184,730.90045,0.1514762,21.0,0.0,6.0,1.0
26.934582,43.47115,731.0514,0.15246402,21.0,1.0,6.0,1.0
26.934996,43.49908,731.1812,0.15301995,21.0,2.0,6.0,1.0
26.933962,43.532528,731.29736,0.15316275,21.0,3.0,6.0,1.0
26.932898,43.56602,731.4156,0.15329444,21.0,4.0,6.0,1.0
26.871038,42.572327,727.5828,0.11624754,20.0,46.0,6.0,1.0
26.87809,42.602654,727.74536,0.11919209,20.0,47.0,6.0,1.0
26.885088,42.64981,727.95154,0.12238427,20.0,48.0,6.0,1.0
26.890774,42.72239,728.2051,0.12552254,20.0,49.0,6.0,1.0
26.896091,42.800224,728.4548,0.12862286,20.0,50.0,6.0,1.0
26.901295,42.87587,728.69073,0.13165517,20.0,51.0,6.0,1.0
26.906723,42.94077,728.901,0.13459717,20.0,52.0,6.0,1.0
26.91225,42.995975,729.0914,0.13741806,20.0,53.0,6.0,1.0
26.91654,43.05855,729.29364,0.13992842,20.0,54.0,6.0,1.0
26.91988,43.1238,729.5139,0.14218763,20.0,55.0,6.0,1.0
26.922634,43.189335,729.7709,0.14413834,20.0,56.0,6.0,1.0
26.925041,43.25356,730.0217,0.14591777,20.0,57.0,6.0,1.0
26.927608,43.305225,730.2437,0.14761232,20.0,58.0,6.0,1.0
26.929832,43.349865,730.46686,0.14904878,20.0,59.0,6.0,1.0
26.931635,43.392296,730.6706,0.15028328,21.0,0.0,6.0,1.0
26.933388,43.424156,730.84235,0.15136884,21.0,1.0,6.0,1.0
26.934155,43.45437,730.9847,0.1520586,21.0,2.0,6.0,1.0
26.93321,43.490788,731.115,0.15227726,21.0,3.0,6.0,1.0
26.932276,43.5268,731.246,0.15249132,21.0,4.0,6.0,1.0
26.931646,43.557983,731.3681,0.15273543,21.0,5.0,6.0,1.0
26.86553,42.60177,727.5786,0.11479889,20.0,47.0,6.0,1.0
26.87441,42.61288,727.7297,0.118067324,20.0,48.0,6.0,1.0
26.87981,42.67089,727.9375,0.12087709,20.0,49.0,6.0,1.0
26.885227,42.74593,728.1884,0.123962775,20.0,50.0,6.0,1.0
26.890652,42.826103,728.4446,0.12713933,20.0,51.0,6.0,1.0
26.896505,42.896267,728.6771,0.13031001,20.0,52.0,6.0,1.0
26.90256,42.954998,728.8829,0.13337062,20.0,53.0,6.0,1.0
26.90744,43.015957,729.0747,0.13606043,20.0,54.0,6.0,1.0
26.91208,43.077717,729.2788,0.13867266,20.0,55.0,6.0,1.0
26.91583,43.13908,729.49634,0.14094678,20.0,56.0,6.0,1.0
26.918543,43.204628,729.7546,0.14289226,20.0,57.0,6.0,1.0
26.921875,43.259216,729.9947,0.14487907,20.0,58.0,6.0,1.0
26.924658,43.3077,730.2056,0.14658274,20.0,59.0,6.0,1.0
26.92663,43.355,730.4346,0.14797227,21.0,0.0,6.0,1.0
26.92885,43.389725,730.6256,0.1492548,21.0,1.0,6.0,1.0
26.929665,43.424053,730.79047,0.1500439,21.0,2.0,6.0,1.0
26.928799,43.46405,730.9374,0.15034257,21.0,3.0,6.0,1.0
26.927887,43.50364,731.08386,0.15061817,21.0,4.0,6.0,1.0
26.927404,43.537373,731.21893,0.15095188,21.0,5.0,6.0,1.0
26.927523,43.56469,731.3385,0.15139799,21.0,6.0,6.0,1.0
26.867813,42.582993,727.57135,0.11528942,20.0,48.0,6.0,1.0
26.873957,42.614002,727.7217,0.11793039,20.0,49.0,6.0,1.0
26.878798,42.677563,727.9289,0.120638475,20.0,50.0,6.0,1.0
26.884043,42.755157,728.1826,0.12370568,20.0,51.0,6.0,1.0
26.889904,42.83026,728.43555,0.12695141,20.0,52.0,6.0,1.0
26.89612,42.89432,728.6622,0.13014828,20.0,53.0,6.0,1.0
26.901157,42.959522,728.8673,0.13295913,20.0,54.0,6.0,1.0
26.906115,43.019806,729.05994,0.13566339,20.0,55.0,6.0,1.0
26.91052,43.07855,729.2523,0.13814616,20.0,56.0,6.0,1.0
26.914179,43.138683,729.46234,0.14037243,20.0,57.0,6.0,1.0
26.91812,43.192253,729.699,0.14256094,20.0,58.0,6.0,1.0
26.921307,43.244225,729.92834,0.14445825,20.0,59.0,6.0,1.0
26.923637,43.296604,730.14703,0.14606288,21.0,0.0,6.0,1.0
26.926224,43.335545,730.34985,0.14753968,21.0,1.0,6.0,1.0
26.927265,43.374104,730.53876,0.1484686,21.0,2.0,6.0,1.0
26.926512,43.41833,730.70667,0.14886892,21.0,3.0,6.0,1.0
26.925755,43.46173,730.87256,0.14925365,21.0,4.0,6.0,1.0
26.925434,43.498817,731.02515,0.14969358,21.0,5.0,6.0,1.0
26.925728,43.529057,731.16034,0.15024307,21.0,6.0,6.0,1.0
26.92545,43.561275,731.2926,0.1506248,21.0,7.0,6.0,1.0
26.863914,42.600597,727.55884,0.11421245,20.0,49.0,6.0,1.0
26.869919,42.634407,727.7109,0.116852015,20.0,50.0,6.0,1.0
26.87477,42.700237,727.9237,0.11959992,20.0,51.0,6.0,1.0
26.880608,42.77157,728.1724,0.12277356,20.0,52.0,6.0,1.0
26.886995,42.839283,728.41705,0.12608239,20.0,53.0,6.0,1.0
26.892286,42.909874,728.6437,0.12906274,20.0,54.0,6.0,1.0
26.897547,42.974136,728.85046,0.13193671,20.0,55.0,6.0,1.0
26.90236,43.03199,729.0356,0.13455173,20.0,56.0,6.0,1.0
26.906725,43.089924,729.2245,0.13700707,20.0,57.0,6.0,1.0
26.911655,43.138546,729.4255,0.13949181,20.0,58.0,6.0,1.0
26.91552,43.189465,729.6509,0.14161462,20.0,59.0,6.0,1.0
26.918335,43.24449,729.88416,0.14342873,21.0,0.0,6.0,1.0
26.921352,43.288063,730.08954,0.14513373,21.0,1.0,6.0,1.0
26.922737,43.33098,730.28235,0.14625454,21.0,2.0,6.0,1.0
26.922197,43.379433,730.4727,0.14679074,21.0,3.0,6.0,1.0
26.92165,43.42677,730.65955,0.14730719,21.0,4.0,6.0,1.0
26.921547,43.467377,730.8311,0.14787401,21.0,5.0,6.0,1.0
26.922064,43.500618,730.98315,0.14854592,21.0,6.0,6.0,1.0
26.921974,43.53557,731.1302,0.14903346,21.0,7.0,6.0,1.0
26.921658,43.571552,731.27765,0.1494587,21.0,8.0,6.0,1.0
26.859928,42.622086,727.55054,0.11317162,20.0,50.0,6.0,1.0
26.866081,42.66065,727.7137,0.11594043,20.0,51.0,6.0,1.0
26.871622,42.72083,727.92456,0.11883657,20.0,52.0,6.0,1.0
26.87796,42.78388,728.1616,0.12204982,20.0,53.0,6.0,1.0
26.883318,42.858093,728.405,0.12510641,20.0,54.0,6.0,1.0
26.888792,42.92708,728.63104,0.1281254,20.0,55.0,6.0,1.0
26.893837,42.988243,728.82806,0.13087301,20.0,56.0,6.0,1.0
26.898552,43.04547,729.011,0.13344347,20.0,57.0,6.0,1.0
26.904202,43.091255,729.18976,0.13615105,20.0,58.0,6.0,1.0
26.909018,43.136726,729.3793,0.1385468,20.0,59.0,6.0,1.0
26.912506,43.19016,729.6048,0.14057888,21.0,0.0,6.0,1.0
26.91605,43.235424,729.82153,0.14249417,21.0,1.0,6.0,1.0
26.917799,43.283203,730.0234,0.14382073,21.0,2.0,6.0,1.0
26.917534,43.336388,730.20996,0.14453438,21.0,3.0,6.0,1.0
26.917223,43.388275,730.42145,0.14519887,21.0,4.0,6.0,1.0
26.917368,43.43292,730.6154,0.1459115,21.0,5.0,6.0,1.0
26.918144,43.469673,730.7876,0.14672497,21.0,6.0,6.0,1.0
26.918274,43.507854,730.9525,0.14733642,21.0,7.0,6.0,1.0
26.918158,43.546715,731.1159,0.14787324,21.0,8.0,6.0,1.0
26.917494,43.585922,731.27026,0.14822583,21.0,9.0,6.0,1.0
26.859108,42.634777,727.56433,0.113092765,20.0,51.0,6.0,1.0
26.865788,42.67,727.7261,0.11599069,20.0,52.0,6.0,1.0
26.871761,42.723186,727.928,0.11892542,20.0,53.0,6.0,1.0
26.876904,42.793877,728.16376,0.1218465,20.0,54.0,6.0,1.0
26.882359,42.867443,728.4079,0.12492501,20.0,55.0,6.0,1.0
26.88747,42.933403,728.6221,0.12776889,20.0,56.0,6.0,1.0
26.892302,42.994343,728.81647,0.1304394,20.0,57.0,6.0,1.0
26.898262,43.04025,728.99316,0.1332602,20.0,58.0,6.0,1.0
26.90363,43.083492,729.1613,0.13582787,20.0,59.0,6.0,1.0
26.90801,43.131474,729.3449,0.13811678,21.0,0.0,6.0,1.0
26.912178,43.175182,729.5525,0.14023414,21.0,1.0,6.0,1.0
26.91435,43.22421,729.7613,0.14172906,21.0,2.0,6.0,1.0
26.9143,43.28265,729.96326,0.14259918,21.0,3.0,6.0,1.0
26.914259,43.339417,730.16254,0.14344534,21.0,4.0,6.0,1.0
26.91463,43.388474,730.38104,0.14430131,21.0,5.0,6.0,1.0
26.915642,43.42916,730.57513,0.14525367,21.0,6.0,6.0,1.0
26.915974,43.47086,730.75934,0.14598657,21.0,7.0,6.0,1.0
26.916039,43.512943,730.9401,0.1466341,21.0,8.0,6.0,1.0
26.91553,43.554943,731.1094,0.14708106,21.0,9.0,6.0,1.0
26.914602,43.59878,731.27386,0.14741467,21.0,10.0,6.0,1.0
26.864674,42.61259,727.58746,0.11467709,20.0,52.0,6.0,1.0
26.870493,42.641315,727.7272,0.117168695,20.0,53.0,6.0,1.0
26.874859,42.703655,727.92706,0.11969016,20.0,54.0,6.0,1.0
26.879921,42.77557,728.16626,0.12260136,20.0,55.0,6.0,1.0
26.884855,42.84795,728.4003,0.12548001,20.0,56.0,6.0,1.0
26.889666,42.916298,728.6169,0.12825705,20.0,57.0,6.0,1.0
26.895718,42.967457,728.8076,0.13119315,20.0,58.0,6.0,1.0
26.901272,43.01365,728.9802,0.13387647,20.0,59.0,6.0,1.0
26.906023,43.061462,729.14825,0.13630459,21.0,0.0,6.0,1.0
26.911024,43.101177,729.3139,0.1386832,21.0,1.0,6.0,1.0
26.913767,43.149277,729.50433,0.14038035,21.0,2.0,6.0,1.0
26.914032,43.208973,729.7093,0.1413829,21.0,3.0,6.0,1.0
26.914164,43.27145,729.9295,0.14237617,21.0,4.0,6.0,1.0
26.914776,43.32543,730.13055,0.14340574,21.0,5.0,6.0,1.0
26.91596,43.370506,730.34625,0.1444833,21.0,6.0,6.0,1.0
26.916428,43.4162,730.5503,0.14532293,21.0,7.0,6.0,1.0
26.916618,43.46183,730.74854,0.14606604,21.0,8.0,6.0,1.0
26.916214,43.50689,730.9327,0.14659554,21.0,9.0,6.0,1.0
26.915382,43.553272,731.10956,0.14699976,21.0,10.0,6.0,1.0
26.91735,43.58698,731.28345,0.14818554,21.0,11.0,6.0,1.0
26.86362,42.616253,727.5802,0.11436923,20.0,53.0,6.0,1.0
26.86847,42.648457,727.716,0.11657758,20.0,54.0,6.0,1.0
26.872955,42.70982,727.91736,0.1191247,20.0,55.0,6.0,1.0
26.877691,42.77838,728.14404,0.12186849,20.0,56.0,6.0,1.0
26.882542,42.8516,728.3793,0.124731615,20.0,57.0,6.0,1.0
26.888876,42.90896,728.59393,0.12785996,20.0,58.0,6.0,1.0
26.894732,42.95945,728.7813,0.13071685,20.0,59.0,6.0,1.0
26.89985,43.01038,728.958,0.1333256,21.0,0.0,6.0,1.0
26.905325,43.04995,729.1193,0.1358706,21.0,1.0,6.0,1.0
26.908932,43.09505,729.27856,0.13784978,21.0,2.0,6.0,1.0
26.909838,43.15369,729.46533,0.13907734,21.0,3.0,6.0,1.0
26.910475,43.215843,729.6825,0.14024746,21.0,4.0,6.0,1.0
26.91139,43.27526,729.90857,0.14146405,21.0,5.0,6.0,1.0
26.912933,43.32492,730.10956,0.14275147,21.0,6.0,6.0,1.0
26.913652,43.374752,730.3356,0.14373912,21.0,7.0,6.0,1.0
26.914057,43.42416,730.55396,0.14461258,21.0,8.0,6.0,1.0
26.913841,43.472443,730.7553,0.14525448,21.0,9.0,6.0,1.0
26.913164,43.521576,730.9466,0.14575389,21.0,10.0,6.0,1.0
26.915318,43.557713,731.1337,0.14703982,21.0,11.0,6.0,1.0
26.918797,43.585617,731.3001,0.14866808,21.0,12.0,6.0,1.0
26.861706,42.622726,727.56616,0.11380842,20.0,54.0,6.0,1.0
26.8665,42.65528,727.702,0.11600325,20.0,55.0,6.0,1.0
26.87058,42.71385,727.8904,0.11836507,20.0,56.0,6.0,1.0
26.87516,42.78218,728.1145,0.12105,20.0,57.0,6.0,1.0
26.881533,42.84284,728.3436,0.12424019,20.0,58.0,6.0,1.0
26.88764,42.899963,728.55786,0.12728432,20.0,59.0,6.0,1.0
26.893017,42.955112,728.74896,0.1300483,21.0,0.0,6.0,1.0
26.898859,42.99831,728.9225,0.13278167,21.0,1.0,6.0,1.0
26.90289,43.042576,729.07355,0.13490011,21.0,2.0,6.0,1.0
26.904581,43.09908,729.2262,0.13639958,21.0,3.0,6.0,1.0
26.9059,43.159847,729.4278,0.13780126,21.0,4.0,6.0,1.0
26.907421,43.21809,729.6473,0.13921812,21.0,5.0,6.0,1.0
26.90934,43.27306,729.8739,0.14071517,21.0,6.0,6.0,1.0
26.910429,43.327873,730.08496,0.14192286,21.0,7.0,6.0,1.0
26.911104,43.38184,730.3271,0.14295812,21.0,8.0,6.0,1.0
26.91111,43.434155,730.5504,0.14373669,21.0,9.0,6.0,1.0
26.91063,43.486736,730.7602,0.14435378,21.0,10.0,6.0,1.0
26.913017,43.525845,730.9645,0.1457649,21.0,11.0,6.0,1.0
26.916721,43.556316,731.1456,0.14750943,21.0,12.0,6.0,1.0
26.92273,43.57506,731.2979,0.14989051,21.0,13.0,6.0,1.0
26.858578,42.63644,727.5577,0.112937026,20.0,55.0,6.0,1.0
26.863024,42.666718,727.6788,0.114976965,20.0,56.0,6.0,1.0
26.86704,42.725914,727.86786,0.117326595,20.0,57.0,6.0,1.0
26.873213,42.7797,728.08014,0.12033352,20.0,58.0,6.0,1.0
26.8794,42.839043,728.30615,0.12343617,20.0,59.0,6.0,1.0
26.88506,42.90138,728.5271,0.12640683,21.0,0.0,6.0,1.0
26.891205,42.94832,728.7145,0.12930444,21.0,1.0,6.0,1.0
26.895573,42.997086,728.8813,0.13161188,21.0,2.0,6.0,1.0
26.897598,43.053486,729.0273,0.13323115,21.0,3.0,6.0,1.0
26.899725,43.111927,729.1954,0.13490783,21.0,4.0,6.0,1.0
26.901976,43.16869,729.4033,0.13656825,21.0,5.0,6.0,1.0
26.904575,43.2222,729.623,0.13828741,21.0,6.0,6.0,1.0
26.906046,43.281986,729.85815,0.13970341,21.0,7.0,6.0,1.0
26.907114,43.34092,730.08655,0.14096445,21.0,8.0,6.0,1.0
26.907385,43.397717,730.33496,0.14190136,21.0,9.0,6.0,1.0
26.907131,43.454105,730.56573,0.1426536,21.0,10.0,6.0,1.0
26.909803,43.496548,730.78973,0.14421232,21.0,11.0,6.0,1.0
26.913784,43.529804,730.9877,0.14609408,21.0,12.0,6.0,1.0
26.920069,43.550903,731.1545,0.148606,21.0,13.0,6.0,1.0
26.924091,43.580425,731.34436,0.15044282,21.0,14.0,6.0,1.0
26.855446,42.646286,727.556,0.11199408,20.0,56.0,6.0,1.0
26.859571,42.680035,727.6671,0.113985784,20.0,57.0,6.0,1.0
26.865152,42.72617,727.84357,0.116671905,20.0,58.0,6.0,1.0
26.871078,42.777344,728.04596,0.119551346,20.0,59.0,6.0,1.0
26.876848,42.842163,728.2798,0.12259576,21.0,0.0,6.0,1.0
26.883318,42.896572,728.49866,0.12571788,21.0,1.0,6.0,1.0
26.887955,42.949295,728.6793,0.12818162,21.0,2.0,6.0,1.0
26.890223,43.01058,728.84015,0.12996383,21.0,3.0,6.0,1.0
26.892805,43.069546,728.99945,0.13181846,21.0,4.0,6.0,1.0
26.895842,43.12417,729.1834,0.13374019,21.0,5.0,6.0,1.0
26.899212,43.176247,729.3932,0.1357177,21.0,6.0,6.0,1.0
26.901337,43.234634,729.6212,0.13734762,21.0,7.0,6.0,1.0
26.902788,43.298634,729.87103,0.13882004,21.0,8.0,6.0,1.0
26.903421,43.360207,730.11053,0.13996795,21.0,9.0,6.0,1.0
26.90342,43.42084,730.3648,0.1408697,21.0,10.0,6.0,1.0
26.906404,43.46687,730.6101,0.142589,21.0,11.0,6.0,1.0
26.910683,43.503242,730.8268,0.14462028,21.0,12.0,6.0,1.0
26.917257,43.526913,731.00946,0.14727183,21.0,13.0,6.0,1.0
26.921507,43.558746,731.2131,0.14922087,21.0,14.0,6.0,1.0
26.924166,43.594257,731.4142,0.15067188,21.0,15.0,6.0,1.0
26.855099,42.643223,727.54425,0.11182403,20.0,57.0,6.0,1.0
26.860483,42.667946,727.64325,0.11411371,20.0,58.0,6.0,1.0
26.865849,42.71226,727.81854,0.11669277,20.0,59.0,6.0,1.0
26.87115,42.770157,728.02686,0.11946313,21.0,0.0,6.0,1.0
26.877523,42.826508,728.254,0.12258001,21.0,1.0,6.0,1.0
26.882269,42.88743,728.46576,0.12520412,21.0,2.0,6.0,1.0
26.884558,42.9538,728.6408,0.12707275,21.0,3.0,6.0,1.0
26.887306,43.01802,728.81525,0.12906893,21.0,4.0,6.0,1.0
26.89084,43.072975,728.9811,0.1311881,21.0,5.0,6.0,1.0
26.894936,43.122528,729.16754,0.1333976,21.0,6.0,6.0,1.0
26.897753,43.17915,729.38245,0.13525428,21.0,7.0,6.0,1.0
26.899817,43.241444,729.6228,0.13692148,21.0,8.0,6.0,1.0
26.90077,43.308445,729.87573,0.13826653,21.0,9.0,6.0,1.0
26.901054,43.374104,730.1255,0.13935469,21.0,10.0,6.0,1.0
26.90434,43.42456,730.39667,0.14124414,21.0,11.0,6.0,1.0
26.908918,43.46472,730.6356,0.14343487,21.0,12.0,6.0,1.0
26.915792,43.491657,730.83777,0.14623772,21.0,13.0,6.0,1.0
26.920258,43.526463,731.05853,0.14830603,21.0,14.0,6.0,1.0
26.923082,43.564594,731.2665,0.1498532,21.0,15.0,6.0,1.0
26.92467,43.605324,731.494,0.15101118,21.0,16.0,6.0,1.0
26.857841,42.622383,727.51337,0.112455815,20.0,58.0,6.0,1.0
26.863222,42.64617,727.63007,0.11471871,20.0,59.0,6.0,1.0
26.86789,42.698208,727.8126,0.1171791,21.0,0.0,6.0,1.0
26.873707,42.749077,728.01514,0.120014876,21.0,1.0,6.0,1.0
26.878284,42.81239,728.2352,0.122615695,21.0,2.0,6.0,1.0
26.880512,42.88695,728.4376,0.12458646,21.0,3.0,6.0,1.0
26.883303,42.95732,728.63007,0.1266929,21.0,4.0,6.0,1.0
26.887007,43.0175,728.8111,0.12895508,21.0,5.0,6.0,1.0
26.891584,43.067783,728.98126,0.13136233,21.0,6.0,6.0,1.0
26.895054,43.12195,729.16943,0.1334282,21.0,7.0,6.0,1.0
26.897747,43.182594,729.3962,0.13530311,21.0,8.0,6.0,1.0
26.899227,43.24809,729.63995,0.1368154,21.0,9.0,6.0,1.0
26.899773,43.31923,729.89795,0.13808338,21.0,10.0,6.0,1.0
26.903378,43.37466,730.17065,0.14016728,21.0,11.0,6.0,1.0
26.908224,43.419144,730.4342,0.14251475,21.0,12.0,6.0,1.0
26.915361,43.449787,730.6573,0.14546382,21.0,13.0,6.0,1.0
26.920017,43.487965,730.8965,0.14764762,21.0,14.0,6.0,1.0
26.922985,43.52901,731.1198,0.14928718,21.0,15.0,6.0,1.0
26.924677,43.57255,731.32416,0.150527,21.0,16.0,6.0,1.0
26.924686,43.623898,731.60803,0.15129396,21.0,17.0,6.0,1.0
26.857452,42.618687,727.50085,0.11225921,20.0,59.0,6.0,1.0
26.862835,42.6503,727.63385,0.11465027,21.0,0.0,6.0,1.0
26.868366,42.694588,727.81274,0.11728535,21.0,1.0,6.0,1.0
26.872555,42.75231,728.00903,0.119663656,21.0,2.0,6.0,1.0
26.874643,42.82874,728.2182,0.12161319,21.0,3.0,6.0,1.0
26.877516,42.90673,728.4381,0.12386226,21.0,4.0,6.0,1.0
26.881397,42.971878,728.63574,0.12626395,21.0,5.0,6.0,1.0
26.88628,43.026558,728.82117,0.12884769,21.0,6.0,6.0,1.0
26.890274,43.08086,728.99194,0.13111722,21.0,7.0,6.0,1.0
26.893627,43.139103,729.2008,0.13319737,21.0,8.0,6.0,1.0
26.89574,43.203228,729.43335,0.1349208,21.0,9.0,6.0,1.0
26.896769,43.27418,729.6902,0.13635966,21.0,10.0,6.0,1.0
26.900782,43.33475,729.9664,0.1386712,21.0,11.0,6.0,1.0
26.905996,43.383755,730.2433,0.14121786,21.0,12.0,6.0,1.0
26.913467,43.41828,730.48987,0.14433923,21.0,13.0,6.0,1.0
26.918373,43.459927,730.7492,0.14666049,21.0,14.0,6.0,1.0
26.921535,43.50394,730.98926,0.14841162,21.0,15.0,6.0,1.0
26.923386,43.54999,731.2074,0.1497436,21.0,16.0,6.0,1.0
26.92352,43.604053,731.44165,0.15059997,21.0,17.0,6.0,1.0
26.924341,43.647507,731.74915,0.1515243,21.0,18.0,6.0,1.0
26.861012,42.60747,727.5179,0.113321826,21.0,0.0,6.0,1.0
26.86625,42.625885,727.6305,0.11544321,21.0,1.0,6.0,1.0
26.869501,42.67336,727.78735,0.11733487,21.0,2.0,6.0,1.0
26.870625,42.742485,727.96155,0.11883388,21.0,3.0,6.0,1.0
26.872892,42.81884,728.17267,0.12084325,21.0,4.0,6.0,1.0
26.876427,42.89005,728.3891,0.12321258,21.0,5.0,6.0,1.0
26.8811,42.948986,728.58594,0.12578754,21.0,6.0,6.0,1.0
26.884895,43.00677,728.76337,0.12804236,21.0,7.0,6.0,1.0
26.888441,43.063305,728.93335,0.13019118,21.0,8.0,6.0,1.0
26.890953,43.120647,729.115,0.13197392,21.0,9.0,6.0,1.0
26.892443,43.18505,729.3304,0.13349137,21.0,10.0,6.0,1.0
26.89712,43.241413,729.5858,0.1359812,21.0,11.0,6.0,1.0
26.902859,43.295334,729.85876,0.1387961,21.0,12.0,6.0,1.0
26.911041,43.334393,730.10144,0.14224607,21.0,13.0,6.0,1.0
26.916382,43.381264,730.3919,0.14479439,21.0,14.0,6.0,1.0
26.919827,43.430496,730.6623,0.14671953,21.0,15.0,6.0,1.0
26.921864,43.481586,730.90717,0.1481895,21.0,16.0,6.0,1.0
26.92205,43.541298,731.1498,0.14915022,21.0,17.0,6.0,1.0
26.92296,43.59071,731.3657,0.15020554,21.0,18.0,6.0,1.0
26.927269,43.617443,731.6079,0.15210004,21.0,19.0,6.0,1.0
26.862482,42.60424,727.53284,0.113780335,21.0,1.0,6.0,1.0
26.866035,42.62887,727.63916,0.11541273,21.0,2.0,6.0,1.0
26.866663,42.69,727.7859,0.11661423,21.0,3.0,6.0,1.0
26.868519,42.762157,727.97833,0.118414804,21.0,4.0,6.0,1.0
26.871943,42.832947,728.1952,0.120735794,21.0,5.0,6.0,1.0
26.876686,42.89732,728.41284,0.123416744,21.0,6.0,6.0,1.0
26.880537,42.95895,728.6027,0.12575012,21.0,7.0,6.0,1.0
26.884172,43.018837,728.78235,0.12798327,21.0,8.0,6.0,1.0
26.886984,43.076626,728.94525,0.12989676,21.0,9.0,6.0,1.0
26.888815,43.13773,729.13727,0.13149333,21.0,10.0,6.0,1.0
26.894096,43.190826,729.37415,0.1341555,21.0,11.0,6.0,1.0
26.90043,43.241505,729.63214,0.1371368,21.0,12.0,6.0,1.0
26.909008,43.28454,729.8961,0.14078346,21.0,13.0,6.0,1.0
26.914698,43.33517,730.169,0.14352435,21.0,14.0,6.0,1.0
26.918348,43.387936,730.45984,0.14557257,21.0,15.0,6.0,1.0
26.920538,43.442314,730.7226,0.14714244,21.0,16.0,6.0,1.0
26.920824,43.5052,730.9814,0.14818501,21.0,17.0,6.0,1.0
26.921846,43.55734,731.21155,0.14931928,21.0,18.0,6.0,1.0
26.926311,43.587067,731.39716,0.15131997,21.0,19.0,6.0,1.0
26.926878,43.637474,731.738,0.15225698,21.0,20.0,6.0,1.0
26.86404,42.596397,727.5396,0.1141952,21.0,2.0,6.0,1.0
26.864807,42.6343,727.63104,0.115074985,21.0,3.0,6.0,1.0
26.866077,42.699406,727.796,0.1165639,21.0,4.0,6.0,1.0
26.869017,42.76562,727.993,0.11864323,21.0,5.0,6.0,1.0
26.873568,42.82978,728.2107,0.121251084,21.0,6.0,6.0,1.0
26.87737,42.897736,728.4233,0.123661645,21.0,7.0,6.0,1.0
26.880959,42.961594,728.61426,0.12593973,21.0,8.0,6.0,1.0
26.883745,43.022915,728.786,0.12789993,21.0,9.0,6.0,1.0
26.885872,43.083416,728.9452,0.12961766,21.0,10.0,6.0,1.0
26.891651,43.132015,729.15704,0.13239527,21.0,11.0,6.0,1.0
26.898638,43.179054,729.3945,0.13556093,21.0,12.0,6.0,1.0
26.907875,43.21907,729.6456,0.13939916,21.0,13.0,6.0,1.0
26.91386,43.274326,729.935,0.14231452,21.0,14.0,6.0,1.0
26.917778,43.331238,730.20917,0.14453188,21.0,15.0,6.0,1.0
26.920105,43.389534,730.4932,0.14620703,21.0,16.0,6.0,1.0
26.920467,43.456337,730.77155,0.14733285,21.0,17.0,6.0,1.0
26.921587,43.511917,731.0195,0.14855099,21.0,18.0,6.0,1.0
26.926226,43.54446,731.22095,0.15065387,21.0,19.0,6.0,1.0
26.926842,43.59895,731.47705,0.15167934,21.0,20.0,6.0,1.0
26.929935,43.63323,731.77435,0.15325613,21.0,21.0,6.0,1.0
26.859526,42.614994,727.51666,0.11292338,21.0,3.0,6.0,1.0
26.860899,42.65771,727.6266,0.11409268,21.0,4.0,6.0,1.0
26.863358,42.716984,727.7971,0.1158992,21.0,5.0,6.0,1.0
26.86755,42.7753,727.9934,0.1182889,21.0,6.0,6.0,1.0
26.871218,42.842396,728.20526,0.12063596,21.0,7.0,6.0,1.0
26.874847,42.91243,728.4205,0.12301996,21.0,8.0,6.0,1.0
26.877619,42.977,728.60205,0.12502472,21.0,9.0,6.0,1.0
26.879744,43.040535,728.7681,0.12679137,21.0,10.0,6.0,1.0
26.886028,43.08788,728.9553,0.1297457,21.0,11.0,6.0,1.0
26.89371,43.129776,729.1682,0.13308556,21.0,12.0,6.0,1.0
26.903809,43.166103,729.40283,0.13718018,21.0,13.0,6.0,1.0
26.9105,43.2175,729.6762,0.14029059,21.0,14.0,6.0,1.0
26.914743,43.278843,729.96265,0.14269117,21.0,15.0,6.0,1.0
26.917349,43.341175,730.2343,0.14453714,21.0,16.0,6.0,1.0
26.917845,43.412224,730.5352,0.14577033,21.0,17.0,6.0,1.0
26.919123,43.47149,730.80365,0.14709696,21.0,18.0,6.0,1.0
26.924038,43.50696,731.0238,0.149338,21.0,19.0,6.0,1.0
26.92478,43.565006,731.27673,0.15046164,21.0,20.0,6.0,1.0
26.928055,43.602745,731.51666,0.15216073,21.0,21.0,6.0,1.0
26.933752,43.625603,731.75433,0.15448657,21.0,22.0,6.0,1.0
26.858376,42.6249,727.5234,0.11268207,21.0,4.0,6.0,1.0
26.860958,42.663322,727.6399,0.11420399,21.0,5.0,6.0,1.0
26.864693,42.715393,727.81165,0.11633926,21.0,6.0,6.0,1.0
26.867895,42.777138,728.002,0.11843874,21.0,7.0,6.0,1.0
26.871298,42.846912,728.2164,0.12073651,21.0,8.0,6.0,1.0
26.873981,42.91788,728.4211,0.12280523,21.0,9.0,6.0,1.0
26.875956,42.984524,728.59454,0.12456743,21.0,10.0,6.0,1.0
26.882374,43.034855,728.78894,0.12761806,21.0,11.0,6.0,1.0
26.890507,43.075615,728.98,0.13111567,21.0,12.0,6.0,1.0
26.90136,43.10715,729.1856,0.13541545,21.0,13.0,6.0,1.0
26.908772,43.15377,729.43225,0.13872014,21.0,14.0,6.0,1.0
26.913507,43.21263,729.7068,0.1412613,21.0,15.0,6.0,1.0
26.916315,43.279434,729.9851,0.14324942,21.0,16.0,6.0,1.0
26.91696,43.354908,730.2746,0.14461343,21.0,17.0,6.0,1.0
26.918346,43.418327,730.565,0.1460382,21.0,18.0,6.0,1.0
26.92349,43.45717,730.8051,0.14840764,21.0,19.0,6.0,1.0
26.924326,43.518944,731.0773,0.14961758,21.0,20.0,6.0,1.0
26.927753,43.560146,731.30304,0.15142332,21.0,21.0,6.0,1.0
26.933641,43.586475,731.4858,0.15387556,21.0,22.0,6.0,1.0
26.93826,43.611973,731.75977,0.15585062,21.0,23.0,6.0,1.0
26.857338,42.637203,727.5454,0.11251462,21.0,5.0,6.0,1.0
26.861132,42.67007,727.658,0.114371985,21.0,6.0,6.0,1.0
26.863947,42.725925,727.8256,0.11624854,21.0,7.0,6.0,1.0
26.866941,42.789726,728.0185,0.118307844,21.0,8.0,6.0,1.0
26.869396,42.860275,728.22156,0.12028803,21.0,9.0,6.0,1.0
26.871275,42.932915,728.41693,0.12210505,21.0,10.0,6.0,1.0
26.87777,42.98572,728.61957,0.12522036,21.0,11.0,6.0,1.0
26.886133,43.029137,728.8207,0.1288405,21.0,12.0,6.0,1.0
26.897432,43.05996,729.0237,0.13328737,21.0,13.0,6.0,1.0
26.905624,43.100666,729.22797,0.13679853,21.0,14.0,6.0,1.0
26.911081,43.154118,729.46655,0.13952991,21.0,15.0,6.0,1.0
26.914276,43.219868,729.7398,0.1416413,21.0,16.0,6.0,1.0
26.915075,43.299866,730.029,0.14313473,21.0,17.0,6.0,1.0
26.916647,43.367306,730.31604,0.14469224,21.0,18.0,6.0,1.0
26.922058,43.409515,730.5773,0.14720355,21.0,19.0,6.0,1.0
26.923004,43.47517,730.8699,0.14850818,21.0,20.0,6.0,1.0
26.926622,43.519554,731.114,0.15042698,21.0,21.0,6.0,1.0
26.932766,43.548615,731.31335,0.1530075,21.0,22.0,6.0,1.0
26.937523,43.577904,731.5123,0.15509705,21.0,23.0,6.0,1.0
26.938526,43.62569,731.8462,0.15614882,21.0,24.0,6.0,1.0
26.856014,42.650455,727.5686,0.11226055,21.0,6.0,6.0,1.0
26.858866,42.68649,727.67725,0.11383956,21.0,7.0,6.0,1.0
26.861368,42.745754,727.84424,0.11566336,21.0,8.0,6.0,1.0
26.863295,42.81023,728.02106,0.11736323,21.0,9.0,6.0,1.0
26.864874,42.881836,728.2107,0.11905801,21.0,10.0,6.0,1.0
26.871487,42.940865,728.4371,0.122307196,21.0,11.0,6.0,1.0
26.880077,42.986195,728.6466,0.1260363,21.0,12.0,6.0,1.0
26.891823,43.019176,728.8609,0.1306729,21.0,13.0,6.0,1.0
26.900429,43.058212,729.0581,0.13430575,21.0,14.0,6.0,1.0
26.906662,43.10565,729.2548,0.13723974,21.0,15.0,6.0,1.0
26.91053,43.16597,729.4932,0.13952234,21.0,16.0,6.0,1.0
26.911621,43.24658,729.78436,0.14112946,21.0,17.0,6.0,1.0
26.91343,43.318256,730.0646,0.14284374,21.0,18.0,6.0,1.0
26.919209,43.363907,730.3316,0.14553902,21.0,19.0,6.0,1.0
26.920307,43.43367,730.6466,0.14695674,21.0,20.0,6.0,1.0
26.924177,43.481384,730.91113,0.14901106,21.0,21.0,6.0,1.0
26.930647,43.51327,731.12885,0.1517468,21.0,22.0,6.0,1.0
26.935726,43.544945,731.3444,0.15398255,21.0,23.0,6.0,1.0
26.936836,43.59662,731.60657,0.15513922,21.0,24.0,6.0,1.0
26.939253,43.63331,731.8991,0.15651785,21.0,25.0,6.0,1.0
26.854458,42.664547,727.5923,0.111938484,21.0,7.0,6.0,1.0
26.857239,42.702236,727.7054,0.11351755,21.0,8.0,6.0,1.0
26.858913,42.760395,727.86414,0.11503175,21.0,9.0,6.0,1.0
26.860115,42.825127,728.03424,0.11648232,21.0,10.0,6.0,1.0
26.865911,42.887207,728.2356,0.11950626,21.0,11.0,6.0,1.0
26.874718,42.937847,728.46875,0.12338801,21.0,12.0,6.0,1.0
26.886799,42.972523,728.6921,0.12816934,21.0,13.0,6.0,1.0
26.895699,43.014038,728.8998,0.13194297,21.0,14.0,6.0,1.0
26.902224,43.058994,729.0839,0.13494441,21.0,15.0,6.0,1.0
26.906849,43.11318,729.2731,0.1374273,21.0,16.0,6.0,1.0
26.908485,43.188484,729.5305,0.13916045,21.0,17.0,6.0,1.0
26.910568,43.261757,729.8183,0.1409957,21.0,18.0,6.0,1.0
26.916733,43.311146,730.081,0.14389107,21.0,19.0,6.0,1.0
26.918016,43.38524,730.3998,0.14544392,21.0,20.0,6.0,1.0
26.922134,43.4367,730.6867,0.14763822,21.0,21.0,6.0,1.0
26.928938,43.471775,730.9248,0.15053605,21.0,22.0,6.0,1.0
26.934294,43.506428,731.1594,0.1529116,21.0,23.0,6.0,1.0
26.935522,43.56172,731.40393,0.15416574,21.0,24.0,6.0,1.0
26.938076,43.601734,731.6561,0.15564825,21.0,25.0,6.0,1.0
26.938581,43.651756,731.9945,0.15656163,21.0,26.0,6.0,1.0
26.850998,42.686184,727.62146,0.11106578,21.0,8.0,6.0,1.0
26.852814,42.722496,727.7251,0.112282686,21.0,9.0,6.0,1.0
26.853651,42.779987,727.87415,0.113493256,21.0,10.0,6.0,1.0
26.859167,42.835285,728.0532,0.11631011,21.0,11.0,6.0,1.0
26.86702,42.89071,728.25464,0.11995127,21.0,12.0,6.0,1.0
26.879549,42.92979,728.50165,0.12495225,21.0,13.0,6.0,1.0
26.888756,42.973022,728.71844,0.12885982,21.0,14.0,6.0,1.0
26.895542,43.02038,728.91254,0.13198973,21.0,15.0,6.0,1.0
26.900436,43.071495,729.086,0.13452365,21.0,16.0,6.0,1.0
26.902819,43.14029,729.29144,0.13644905,21.0,17.0,6.0,1.0
26.905502,43.208435,729.55084,0.13842963,21.0,18.0,6.0,1.0
26.912197,43.25924,729.8247,0.14153096,21.0,19.0,6.0,1.0
26.913761,43.33806,730.128,0.14326726,21.0,20.0,6.0,1.0
26.91823,43.393486,730.4338,0.14564362,21.0,21.0,6.0,1.0
26.925484,43.431953,730.6955,0.14874706,21.0,22.0,6.0,1.0
26.931347,43.469143,730.951,0.151335,21.0,23.0,6.0,1.0
26.932758,43.528088,731.2155,0.15270677,21.0,24.0,6.0,1.0
26.935526,43.571598,731.43646,0.15432009,21.0,25.0,6.0,1.0
26.93611,43.625435,731.7556,0.15532011,21.0,26.0,6.0,1.0
26.940216,43.65202,732.00854,0.15714106,21.0,27.0,6.0,1.0
26.848001,42.701168,727.6389,0.110249445,21.0,9.0,6.0,1.0
26.849003,42.737045,727.7334,0.11117488,21.0,10.0,6.0,1.0
26.854292,42.785336,727.893,0.11380304,21.0,11.0,6.0,1.0
26.861717,42.834873,728.0667,0.11720314,21.0,12.0,6.0,1.0
26.873873,42.87597,728.29877,0.122113205,21.0,13.0,6.0,1.0
26.883331,42.92422,728.5389,0.1261819,21.0,14.0,6.0,1.0
26.890242,42.973442,728.74005,0.12938404,21.0,15.0,6.0,1.0
26.895239,43.027092,728.9216,0.13199392,21.0,16.0,6.0,1.0
26.89788,43.091927,729.09296,0.13396485,21.0,17.0,6.0,1.0
26.901253,43.15392,729.3103,0.1361145,21.0,18.0,6.0,1.0
26.908693,43.199673,729.5598,0.1394115,21.0,19.0,6.0,1.0
26.910526,43.280857,729.874,0.14127843,21.0,20.0,6.0,1.0
26.915386,43.34051,730.1591,0.14387147,21.0,21.0,6.0,1.0
26.92307,43.382774,730.4433,0.14718053,21.0,22.0,6.0,1.0
26.929321,43.4234,730.7224,0.14995232,21.0,23.0,6.0,1.0
26.930864,43.486546,731.0089,0.15143079,21.0,24.0,6.0,1.0
26.933857,43.533287,731.2487,0.15316975,21.0,25.0,6.0,1.0
26.934515,43.59169,731.4951,0.15427431,21.0,26.0,6.0,1.0
26.938866,43.620758,731.764,0.1562156,21.0,27.0,6.0,1.0
26.940166,43.666145,732.0917,0.15733483,21.0,28.0,6.0,1.0
26.843613,42.716923,727.6448,0.10895811,21.0,10.0,6.0,1.0
26.848934,42.744244,727.7518,0.11126435,21.0,11.0,6.0,1.0
26.856144,42.78593,727.9039,0.114466906,21.0,12.0,6.0,1.0
26.867334,42.82377,728.0853,0.11900191,21.0,13.0,6.0,1.0
26.876862,42.87246,728.33105,0.12309821,21.0,14.0,6.0,1.0
26.883915,42.926105,728.55194,0.12641522,21.0,15.0,6.0,1.0
26.888954,42.981625,728.7393,0.12906799,21.0,16.0,6.0,1.0
26.891596,43.049442,728.91815,0.13108708,21.0,17.0,6.0,1.0
26.895401,43.10609,729.0904,0.13332891,21.0,18.0,6.0,1.0
26.903698,43.14588,729.3109,0.1368495,21.0,19.0,6.0,1.0
26.906126,43.22191,729.596,0.13885877,21.0,20.0,6.0,1.0
26.911427,43.28432,729.8973,0.14164571,21.0,21.0,6.0,1.0
26.919678,43.330643,730.1698,0.14522833,21.0,22.0,6.0,1.0
26.926422,43.374947,730.46454,0.14822927,21.0,23.0,6.0,1.0
26.928127,43.442745,730.7761,0.14983046,21.0,24.0,6.0,1.0
26.93142,43.492966,731.0375,0.15172453,21.0,25.0,6.0,1.0
26.932184,43.55555,731.30493,0.1529268,21.0,26.0,6.0,1.0
26.936857,43.588074,731.5071,0.15504034,21.0,27.0,6.0,1.0
26.938314,43.636673,731.8468,0.15626226,21.0,28.0,6.0,1.0
26.941198,43.66957,732.12585,0.15774746,21.0,29.0,6.0,1.0
26.8432,42.726494,727.6669,0.10896483,21.0,11.0,6.0,1.0
26.850418,42.747314,727.7676,0.11183729,21.0,12.0,6.0,1.0
26.860918,42.779697,727.90906,0.116057165,21.0,13.0,6.0,1.0
26.869864,42.822876,728.1201,0.119866796,21.0,14.0,6.0,1.0
26.876873,42.876904,728.3451,0.12317096,21.0,15.0,6.0,1.0
26.88194,42.936268,728.5483,0.12589055,21.0,16.0,6.0,1.0
26.884508,43.006428,728.7323,0.12792003,21.0,17.0,6.0,1.0
26.888386,43.065544,728.91125,0.13022694,21.0,18.0,6.0,1.0
26.897308,43.10025,729.09894,0.13390282,21.0,19.0,6.0,1.0
26.900463,43.169945,729.3431,0.13609184,21.0,20.0,6.0,1.0
26.906525,43.227356,729.6205,0.13908036,21.0,21.0,6.0,1.0
26.9154,43.276535,729.9119,0.14292249,21.0,22.0,6.0,1.0
26.922695,43.324963,730.19617,0.14619072,21.0,23.0,6.0,1.0
26.924648,43.397472,730.52466,0.1479518,21.0,24.0,6.0,1.0
26.92824,43.451656,730.81,0.15000607,21.0,25.0,6.0,1.0
26.929184,43.518543,731.1003,0.15133321,21.0,26.0,6.0,1.0
26.934258,43.553753,731.3215,0.15362632,21.0,27.0,6.0,1.0
26.935831,43.60708,731.58826,0.15496866,21.0,28.0,6.0,1.0
26.93902,43.64224,731.89105,0.15659201,21.0,29.0,6.0,1.0
26.942026,43.672764,732.15955,0.15808333,21.0,30.0,6.0,1.0
26.845392,42.72712,727.6825,0.10974682,21.0,12.0,6.0,1.0
26.856169,42.738815,727.773,0.113735124,21.0,13.0,6.0,1.0
26.864044,42.77785,727.9339,0.11712273,21.0,14.0,6.0,1.0
26.870787,42.82482,728.1397,0.12021802,21.0,15.0,6.0,1.0
26.875673,42.884754,728.346,0.12287928,21.0,16.0,6.0,1.0
26.878101,42.958954,728.5436,0.124920204,21.0,17.0,6.0,1.0
26.881926,43.02006,728.7274,0.12723997,21.0,18.0,6.0,1.0
26.891157,43.05654,728.9235,0.13105163,21.0,19.0,6.0,1.0
26.894798,43.120335,729.1163,0.13334703,21.0,20.0,6.0,1.0
26.901659,43.171776,729.3647,0.13653745,21.0,21.0,6.0,1.0
26.911427,43.216408,729.637,0.14063229,21.0,22.0,6.0,1.0
26.919277,43.267582,729.9394,0.14413472,21.0,23.0,6.0,1.0
26.921543,43.345066,730.2457,0.1460974,21.0,24.0,6.0,1.0
26.925428,43.403564,730.55725,0.1483172,21.0,25.0,6.0,1.0
26.926548,43.475132,730.8725,0.14977323,21.0,26.0,6.0,1.0
26.93196,43.513836,731.11584,0.15223369,21.0,27.0,6.0,1.0
26.933714,43.571293,731.37964,0.15370263,21.0,28.0,6.0,1.0
26.937151,43.610184,731.62897,0.15547462,21.0,29.0,6.0,1.0
26.940386,43.6433,731.92236,0.15708321,21.0,30.0,6.0,1.0
26.942595,43.675873,732.1911,0.15832713,21.0,31.0,6.0,1.0
26.850273,42.723366,727.69324,0.111414164,21.0,13.0,6.0,1.0
26.858315,42.74318,727.8012,0.11455902,21.0,14.0,6.0,1.0
26.863823,42.785046,727.95135,0.11715746,21.0,15.0,6.0,1.0
26.868332,42.83795,728.1368,0.11957278,21.0,16.0,6.0,1.0
26.870474,42.91363,728.33905,0.12153309,21.0,17.0,6.0,1.0
26.874208,42.977737,728.53357,0.12386563,21.0,18.0,6.0,1.0
26.883696,43.01538,728.73663,0.12778416,21.0,19.0,6.0,1.0
26.88745,43.080853,728.92847,0.13015053,21.0,20.0,6.0,1.0
26.894983,43.126423,729.1367,0.13350686,21.0,21.0,6.0,1.0
26.90576,43.165573,729.38574,0.13788298,21.0,22.0,6.0,1.0
26.914513,43.211803,729.66797,0.1416353,21.0,23.0,6.0,1.0
26.917099,43.29332,729.9929,0.14377053,21.0,24.0,6.0,1.0
26.921415,43.35623,730.2852,0.14622313,21.0,25.0,6.0,1.0
26.922752,43.432724,730.62775,0.14782706,21.0,26.0,6.0,1.0
26.928572,43.475063,730.8951,0.15048099,21.0,27.0,6.0,1.0
26.93056,43.536713,731.18225,0.152092,21.0,28.0,6.0,1.0
26.934277,43.579277,731.4169,0.15401968,21.0,29.0,6.0,1.0
26.937874,43.615337,731.6736,0.15580349,21.0,30.0,6.0,1.0
26.940304,43.65046,731.96674,0.1571607,21.0,31.0,6.0,1.0
26.940563,43.697353,732.2711,0.15794557,21.0,32.0,6.0,1.0
26.85278,42.727253,727.7225,0.11235715,21.0,14.0,6.0,1.0
26.858412,42.749992,727.82245,0.114699155,21.0,15.0,6.0,1.0
26.861864,42.795395,727.95953,0.11663554,21.0,16.0,6.0,1.0
26.863443,42.864166,728.137,0.118287764,21.0,17.0,6.0,1.0
26.866661,42.93168,728.3296,0.120493166,21.0,18.0,6.0,1.0
26.876312,42.9711,728.5431,0.12449455,21.0,19.0,6.0,1.0
26.88002,43.03885,728.7405,0.12688011,21.0,20.0,6.0,1.0
26.887918,43.08465,728.94293,0.13037553,21.0,21.0,6.0,1.0
26.899534,43.11854,729.1616,0.1349807,21.0,22.0,6.0,1.0
26.909294,43.158676,729.4146,0.1390075,21.0,23.0,6.0,1.0
26.912495,43.235996,729.7178,0.14130422,21.0,24.0,6.0,1.0
26.917215,43.30336,730.0267,0.14396556,21.0,25.0,6.0,1.0
26.918846,43.38509,730.3571,0.14576559,21.0,26.0,6.0,1.0
26.925098,43.43142,730.65125,0.14862782,21.0,27.0,6.0,1.0
26.927338,43.497635,730.96405,0.15039252,21.0,28.0,6.0,1.0
26.931364,43.54392,731.2212,0.1524818,21.0,29.0,6.0,1.0
26.93524,43.58379,731.44885,0.15442397,21.0,30.0,6.0,1.0
26.937939,43.622086,731.7205,0.15592536,21.0,31.0,6.0,1.0
26.938301,43.672127,732.0485,0.15679143,21.0,32.0,6.0,1.0
26.940596,43.70442,732.3119,0.15806302,21.0,33.0,6.0,1.0
26.850786,42.742123,727.7494,0.11189042,21.0,15.0,6.0,1.0
26.854328,42.767017,727.8379,0.11353272,21.0,16.0,6.0,1.0
26.855316,42.82491,727.9856,0.11480215,21.0,17.0,6.0,1.0
26.858011,42.883415,728.1483,0.116680525,21.0,18.0,6.0,1.0
26.86633,42.931995,728.3255,0.12038327,21.0,19.0,6.0,1.0
26.86993,43.002636,728.5325,0.12277422,21.0,20.0,6.0,1.0
26.878075,43.04993,728.74243,0.1263786,21.0,21.0,6.0,1.0
26.890327,43.083706,728.96484,0.13120624,21.0,22.0,6.0,1.0
26.901035,43.117847,729.18427,0.13549073,21.0,23.0,6.0,1.0
26.905024,43.18979,729.455,0.13799769,21.0,24.0,6.0,1.0
26.910501,43.253468,729.7489,0.14087598,21.0,25.0,6.0,1.0
26.912485,43.340904,730.0851,0.14289214,21.0,26.0,6.0,1.0
26.919336,43.391376,730.38556,0.14603302,21.0,27.0,6.0,1.0
26.921925,43.462517,730.7271,0.14799006,21.0,28.0,6.0,1.0
26.926373,43.512756,731.00977,0.15028377,21.0,29.0,6.0,1.0
26.930649,43.55614,731.26013,0.15241633,21.0,30.0,6.0,1.0
26.933657,43.598373,731.48505,0.15409102,21.0,31.0,6.0,1.0
26.934225,43.651848,731.82324,0.15507984,21.0,32.0,6.0,1.0
26.936808,43.68643,732.1043,0.15648648,21.0,33.0,6.0,1.0
26.938715,43.722057,732.3879,0.1576711,21.0,34.0,6.0,1.0
26.848206,42.75377,727.7602,0.111167476,21.0,16.0,6.0,1.0
26.849207,42.791916,727.859,0.11213039,21.0,17.0,6.0,1.0
26.851336,42.840027,727.9944,0.113642804,21.0,18.0,6.0,1.0
26.859325,42.877945,728.1396,0.11705918,21.0,19.0,6.0,1.0
26.862406,42.952915,728.348,0.11933692,21.0,20.0,6.0,1.0
26.86979,43.0067,728.53906,0.12279125,21.0,21.0,6.0,1.0
26.88248,43.04176,728.77094,0.1277918,21.0,22.0,6.0,1.0
26.893713,43.075134,728.99023,0.13224863,21.0,23.0,6.0,1.0
26.898375,43.141075,729.2118,0.13492766,21.0,24.0,6.0,1.0
26.904688,43.19922,729.47687,0.1380283,21.0,25.0,6.0,1.0
26.907215,43.28445,729.8017,0.14020704,21.0,26.0,6.0,1.0
26.914658,43.339596,730.1051,0.14363335,21.0,27.0,6.0,1.0
26.917603,43.416183,730.4544,0.14580402,21.0,28.0,6.0,1.0
26.922453,43.470924,730.7656,0.14830287,21.0,29.0,6.0,1.0
26.92711,43.518414,731.042,0.15062673,21.0,30.0,6.0,1.0
26.930424,43.56444,731.28986,0.15246226,21.0,31.0,6.0,1.0
26.93115,43.622826,731.5534,0.15359,21.0,32.0,6.0,1.0
26.933985,43.66029,731.86194,0.15512562,21.0,33.0,6.0,1.0
26.936144,43.698326,732.1586,0.1564353,21.0,34.0,6.0,1.0
26.93858,43.728367,732.4197,0.15771982,21.0,35.0,6.0,1.0
26.842035,42.782104,727.782,0.10945153,21.0,17.0,6.0,1.0
26.84391,42.809307,727.8663,0.11054286,21.0,18.0,6.0,1.0
26.851233,42.835903,727.98224,0.11354211,21.0,19.0,6.0,1.0
26.85374,42.900234,728.158,0.1154466,21.0,20.0,6.0,1.0
26.860855,42.95787,728.3527,0.11886751,21.0,21.0,6.0,1.0
26.872776,43.00066,728.55707,0.12374203,21.0,22.0,6.0,1.0
26.884466,43.035244,728.7861,0.12837723,21.0,23.0,6.0,1.0
26.889442,43.100216,728.99,0.13116316,21.0,24.0,6.0,1.0
26.896505,43.15292,729.224,0.13445805,21.0,25.0,6.0,1.0
26.89982,43.232212,729.51355,0.13684008,21.0,26.0,6.0,1.0
26.908113,43.28611,729.81775,0.1405477,21.0,27.0,6.0,1.0
26.91153,43.36869,730.1594,0.14298686,21.0,28.0,6.0,1.0
26.916897,43.428394,730.49414,0.14574087,21.0,29.0,6.0,1.0
26.922035,43.480404,730.7999,0.14829762,21.0,30.0,6.0,1.0
26.925737,43.53068,731.0741,0.15033074,21.0,31.0,6.0,1.0
26.926704,43.593662,731.34106,0.15161203,21.0,32.0,6.0,1.0
26.929848,43.63522,731.6028,0.15332276,21.0,33.0,6.0,1.0
26.932291,43.676266,731.9277,0.15477392,21.0,34.0,6.0,1.0
26.935047,43.70843,732.1981,0.15620486,21.0,35.0,6.0,1.0
26.93782,43.73436,732.44006,0.1575457,21.0,36.0,6.0,1.0
26.837502,42.797577,727.7879,0.10810417,21.0,18.0,6.0,1.0
26.84446,42.803364,727.8523,0.11064425,21.0,19.0,6.0,1.0
26.846214,42.85812,728.0038,0.11212862,21.0,20.0,6.0,1.0
26.852827,42.90377,728.1614,0.11518089,21.0,21.0,6.0,1.0
26.864155,42.95317,728.3535,0.119961366,21.0,22.0,6.0,1.0
26.875645,42.991734,728.57635,0.12459778,21.0,23.0,6.0,1.0
26.88063,43.059128,728.78687,0.12742521,21.0,24.0,6.0,1.0
26.888206,43.109364,728.99335,0.13087997,21.0,25.0,6.0,1.0
26.892075,43.183544,729.2536,0.13338971,21.0,26.0,6.0,1.0
26.901463,43.23108,729.5275,0.13739921,21.0,27.0,6.0,1.0
26.90547,43.31385,729.87195,0.14005098,21.0,28.0,6.0,1.0
26.91144,43.37888,730.1915,0.14311261,21.0,29.0,6.0,1.0
26.917086,43.435886,730.5274,0.1459189,21.0,30.0,6.0,1.0
26.9212,43.490852,730.831,0.14816229,21.0,31.0,6.0,1.0
26.922411,43.558796,731.1246,0.14960207,21.0,32.0,6.0,1.0
26.925884,43.60463,731.36743,0.15149507,21.0,33.0,6.0,1.0
26.928608,43.649757,731.6649,0.1531097,21.0,34.0,6.0,1.0
26.931658,43.684765,731.9624,0.15468259,21.0,35.0,6.0,1.0
26.934746,43.712723,732.2133,0.1561659,21.0,36.0,6.0,1.0
26.936533,43.74189,732.45575,0.15721291,21.0,37.0,6.0,1.0
26.83844,42.788837,727.7704,0.10829651,21.0,19.0,6.0,1.0
26.840008,42.82193,727.86786,0.109372996,21.0,20.0,6.0,1.0
26.845627,42.85768,728.0008,0.11191357,21.0,21.0,6.0,1.0
26.856554,42.894844,728.15564,0.11635786,21.0,22.0,6.0,1.0
26.866959,42.94265,728.35364,0.12077739,21.0,23.0,6.0,1.0
26.871803,43.01233,728.5709,0.12358993,21.0,24.0,6.0,1.0
26.879541,43.064514,728.7845,0.12713255,21.0,25.0,6.0,1.0
26.88376,43.136486,729.012,0.12975185,21.0,26.0,6.0,1.0
26.894089,43.17849,729.26215,0.13401689,21.0,27.0,6.0,1.0
26.898983,43.255466,729.5732,0.1369082,21.0,28.0,6.0,1.0
26.905682,43.321022,729.89996,0.14023386,21.0,29.0,6.0,1.0
26.911959,43.383568,730.2182,0.1433624,21.0,30.0,6.0,1.0
26.916513,43.443874,730.5553,0.14583698,21.0,31.0,6.0,1.0
26.917994,43.517426,730.879,0.14745174,21.0,32.0,6.0,1.0
26.921839,43.567677,731.1484,0.1495377,21.0,33.0,6.0,1.0
26.924864,43.617676,731.4014,0.15133679,21.0,34.0,6.0,1.0
26.928217,43.656387,731.69574,0.15307364,21.0,35.0,6.0,1.0
26.93161,43.687046,731.9706,0.15470175,21.0,36.0,6.0,1.0
26.93366,43.71845,732.224,0.15587582,21.0,37.0,6.0,1.0
26.934532,43.745403,732.423,0.15657458,21.0,38.0,6.0,1.0
26.833054,42.81155,727.792,0.106761985,21.0,20.0,6.0,1.0
26.83837,42.825317,727.8682,0.1088477,21.0,21.0,6.0,1.0
26.848253,42.851757,727.9957,0.11274965,21.0,22.0,6.0,1.0
26.85831,42.887714,728.15607,0.11685804,21.0,23.0,6.0,1.0
26.86245,42.96323,728.3704,0.11951931,21.0,24.0,6.0,1.0
26.869345,43.021595,728.5613,0.12288046,21.0,25.0,6.0,1.0
26.873669,43.095917,728.7816,0.12558617,21.0,26.0,6.0,1.0
26.88466,43.134907,729.01843,0.13004248,21.0,27.0,6.0,1.0
26.890377,43.205536,729.2956,0.13314064,21.0,28.0,6.0,1.0
26.89808,43.26709,729.60284,0.13676944,21.0,29.0,6.0,1.0
26.905155,43.33046,729.9293,0.14019173,21.0,30.0,6.0,1.0
26.910326,43.39642,730.2531,0.14298196,21.0,31.0,6.0,1.0
26.912136,43.476063,730.6104,0.14480081,21.0,32.0,6.0,1.0
26.91643,43.5312,730.9098,0.14711393,21.0,33.0,6.0,1.0
26.91985,43.58574,731.1899,0.14911713,21.0,34.0,6.0,1.0
26.923574,43.629128,731.4269,0.15106054,21.0,35.0,6.0,1.0
26.927326,43.662983,731.7185,0.15286253,21.0,36.0,6.0,1.0
26.929684,43.697033,731.99274,0.15418173,21.0,37.0,6.0,1.0
26.930798,43.72607,732.20294,0.15499821,21.0,38.0,6.0,1.0
26.931684,43.72618,732.2073,0.15531383,21.0,39.0,6.0,1.0
26.832697,42.810337,727.7904,0.10661425,21.0,21.0,6.0,1.0
26.842136,42.81585,727.8607,0.110029645,21.0,22.0,6.0,1.0
26.85137,42.84044,727.9917,0.11366438,21.0,23.0,6.0,1.0
26.854887,42.904964,728.17206,0.11592993,21.0,24.0,6.0,1.0
26.861534,42.966686,728.37115,0.11925316,21.0,25.0,6.0,1.0
26.865273,43.045372,728.5774,0.12183472,21.0,26.0,6.0,1.0
26.876163,43.08918,728.79193,0.12635371,21.0,27.0,6.0,1.0
26.88224,43.157078,729.0481,0.12954512,21.0,28.0,6.0,1.0
26.89097,43.21117,729.3199,0.13343558,21.0,29.0,6.0,1.0
26.898983,43.27174,729.63336,0.13715352,21.0,30.0,6.0,1.0
26.904835,43.339027,729.9576,0.14020756,21.0,31.0,6.0,1.0
26.907028,43.425224,730.30786,0.1422737,21.0,32.0,6.0,1.0
26.911764,43.485764,730.6406,0.14481886,21.0,33.0,6.0,1.0
26.915565,43.54551,730.95135,0.14703023,21.0,34.0,6.0,1.0
26.919672,43.593254,731.2147,0.14916989,21.0,35.0,6.0,1.0
26.923761,43.631794,731.4373,0.15116738,21.0,36.0,6.0,1.0
26.926394,43.66917,731.73236,0.15263192,21.0,37.0,6.0,1.0
26.927734,43.70079,731.96106,0.15356588,21.0,38.0,6.0,1.0
26.928806,43.702274,731.97473,0.1539674,21.0,39.0,6.0,1.0
26.927938,43.699203,731.92664,0.15362468,21.0,40.0,6.0,1.0
26.836018,42.8019,727.77936,0.10765799,21.0,22.0,6.0,1.0
26.844942,42.804607,727.8564,0.110835284,21.0,23.0,6.0,1.0
26.847616,42.858135,728.00806,0.11262685,21.0,24.0,6.0,1.0
26.853703,42.907703,728.1696,0.11555743,21.0,25.0,6.0,1.0
26.857271,42.989727,728.3945,0.11812279,21.0,26.0,6.0,1.0
26.867235,43.040695,728.5774,0.1224522,21.0,27.0,6.0,1.0
26.87336,43.112225,728.818,0.12573761,21.0,28.0,6.0,1.0
26.882666,43.162212,729.0677,0.12977402,21.0,29.0,6.0,1.0
26.891813,43.21476,729.3435,0.13378403,21.0,30.0,6.0,1.0
26.89849,43.280754,729.6615,0.13711587,21.0,31.0,6.0,1.0
26.901205,43.36942,730.00195,0.13941136,21.0,32.0,6.0,1.0
26.906483,43.435837,730.34015,0.14224449,21.0,33.0,6.0,1.0
26.910719,43.50132,730.6854,0.14468937,21.0,34.0,6.0,1.0
26.915253,43.55401,730.97894,0.14705002,21.0,35.0,6.0,1.0
26.919748,43.59671,731.22736,0.14924964,21.0,36.0,6.0,1.0
26.922674,43.638973,731.4459,0.15089944,21.0,37.0,6.0,1.0
26.92426,43.673687,731.70215,0.15196335,21.0,38.0,6.0,1.0
26.925547,43.676945,731.73193,0.15246494,21.0,39.0,6.0,1.0
26.924812,43.67533,731.6961,0.15219006,21.0,40.0,6.0,1.0
26.92714,43.711647,732.00165,0.15352622,21.0,41.0,6.0,1.0
26.838749,42.790943,727.7755,0.10844093,21.0,23.0,6.0,1.0
26.841324,42.82159,727.87115,0.10983458,21.0,24.0,6.0,1.0
26.84637,42.859943,728.0038,0.11221737,21.0,25.0,6.0,1.0
26.849136,42.930565,728.1919,0.11431658,21.0,26.0,6.0,1.0
26.859293,42.98388,728.393,0.11874202,21.0,27.0,6.0,1.0
26.864904,43.060078,728.606,0.12194295,21.0,28.0,6.0,1.0
26.873865,43.116894,728.83875,0.12598605,21.0,29.0,6.0,1.0
26.883648,43.1652,729.09216,0.13016072,21.0,30.0,6.0,1.0
26.891428,43.222996,729.3698,0.13377286,21.0,31.0,6.0,1.0
26.894733,43.31222,729.7087,0.13629174,21.0,32.0,6.0,1.0
26.900719,43.380863,730.03455,0.1394168,21.0,33.0,6.0,1.0
26.905468,43.452564,730.39294,0.14214097,21.0,34.0,6.0,1.0
26.910475,43.510696,730.72003,0.14474478,21.0,35.0,6.0,1.0
26.915411,43.558098,730.99756,0.14716712,21.0,36.0,6.0,1.0
26.91869,43.604633,731.2412,0.14900199,21.0,37.0,6.0,1.0
26.920525,43.643986,731.42584,0.15023185,21.0,38.0,6.0,1.0
26.922058,43.649426,731.4709,0.15085189,21.0,39.0,6.0,1.0
26.92149,43.649586,731.4504,0.1506597,21.0,40.0,6.0,1.0
26.924044,43.68831,731.7791,0.15210997,21.0,41.0,6.0,1.0
26.925158,43.72851,732.0778,0.15308446,21.0,42.0,6.0,1.0
26.83396,42.811745,727.7907,0.10708943,21.0,24.0,6.0,1.0
26.839088,42.824314,727.86273,0.10909116,21.0,25.0,6.0,1.0
26.841085,42.88346,728.0234,0.110734336,21.0,26.0,6.0,1.0
26.850204,42.924114,728.1837,0.11459007,21.0,27.0,6.0,1.0
26.855806,43.003986,728.41754,0.117836505,21.0,28.0,6.0,1.0
26.864431,43.065357,728.61786,0.12186022,21.0,29.0,6.0,1.0
26.873842,43.121048,728.85565,0.12603867,21.0,30.0,6.0,1.0
26.882254,43.17497,729.1117,0.12982005,21.0,31.0,6.0,1.0
26.88653,43.2565,729.40674,0.13258249,21.0,32.0,6.0,1.0
26.893326,43.326138,729.7388,0.13601084,21.0,33.0,6.0,1.0
26.898817,43.400734,730.07776,0.1390554,21.0,34.0,6.0,1.0
26.904413,43.464916,730.4301,0.14195761,21.0,35.0,6.0,1.0
26.909891,43.51756,730.741,0.14464319,21.0,36.0,6.0,1.0
26.913597,43.56898,731.01373,0.14669837,21.0,37.0,6.0,1.0
26.915771,43.61247,731.22217,0.14810814,21.0,38.0,6.0,1.0
26.917624,43.62061,731.27545,0.1488793,21.0,39.0,6.0,1.0
26.917278,43.62285,731.2747,0.14879532,21.0,40.0,6.0,1.0
26.920094,43.665188,731.5425,0.15039773,21.0,41.0,6.0,1.0
26.921412,43.707886,731.86346,0.15148023,21.0,42.0,6.0,1.0
26.923504,43.738136,732.1241,0.152646,21.0,43.0,6.0,1.0
26.832626,42.809505,727.7786,0.10658243,21.0,25.0,6.0,1.0
26.834217,42.844765,727.8759,0.10770572,21.0,26.0,6.0,1.0
26.84265,42.872826,728.0055,0.11111678,21.0,27.0,6.0,1.0
26.847218,42.941605,728.2039,0.113818444,21.0,28.0,6.0,1.0
26.855864,43.005836,728.4228,0.11788604,21.0,29.0,6.0,1.0
26.864998,43.066082,728.625,0.12206981,21.0,30.0,6.0,1.0
26.873053,43.12629,728.8655,0.12584114,21.0,31.0,6.0,1.0
26.877735,43.20469,729.1368,0.12870826,21.0,32.0,6.0,1.0
26.885736,43.265923,729.42584,0.13245122,21.0,33.0,6.0,1.0
26.892,43.34226,729.7743,0.1357956,21.0,34.0,6.0,1.0
26.898388,43.409554,730.1018,0.13904016,21.0,35.0,6.0,1.0
26.904455,43.468254,730.4435,0.14202246,21.0,36.0,6.0,1.0
26.90862,43.525345,730.75037,0.14432053,21.0,37.0,6.0,1.0
26.911165,43.573807,730.9873,0.1459299,21.0,38.0,6.0,1.0
26.913374,43.58522,731.06067,0.14687417,21.0,39.0,6.0,1.0
26.913277,43.59022,731.0759,0.14691801,21.0,40.0,6.0,1.0
26.916355,43.636204,731.3212,0.14867039,21.0,41.0,6.0,1.0
26.91787,43.682297,731.61633,0.14987518,21.0,42.0,6.0,1.0
26.920183,43.71484,731.8986,0.1511506,21.0,43.0,6.0,1.0
26.920864,43.753033,732.17426,0.1519461,21.0,44.0,6.0,1.0
26.831028,42.815395,727.76385,0.106143616,21.0,26.0,6.0,1.0
26.837614,42.82335,727.8434,0.10856192,21.0,27.0,6.0,1.0
26.84158,42.88109,728.01526,0.110874355,21.0,28.0,6.0,1.0
26.849148,42.934406,728.19904,0.11438364,21.0,29.0,6.0,1.0
26.85837,42.998154,728.42206,0.11864556,21.0,30.0,6.0,1.0
26.866177,43.062504,728.6264,0.12242693,21.0,31.0,6.0,1.0
26.87047,43.146294,728.88293,0.12525664,21.0,32.0,6.0,1.0
26.879086,43.204075,729.1511,0.12917043,21.0,33.0,6.0,1.0
26.886501,43.27201,729.45374,0.1328132,21.0,34.0,6.0,1.0
26.893614,43.34189,729.7953,0.13635257,21.0,35.0,6.0,1.0
26.900423,43.40365,730.1096,0.13966031,21.0,36.0,6.0,1.0
26.90504,43.467403,730.4454,0.14221588,21.0,37.0,6.0,1.0
26.90792,43.52176,730.7154,0.14402899,21.0,38.0,6.0,1.0
26.91047,43.537476,730.81354,0.14515342,21.0,39.0,6.0,1.0
26.910597,43.546146,730.84875,0.14532976,21.0,40.0,6.0,1.0
26.913893,43.596024,731.1163,0.14721376,21.0,41.0,6.0,1.0
26.915543,43.64651,731.3532,0.14854008,21.0,42.0,6.0,1.0
26.918037,43.68213,731.63385,0.1499253,21.0,43.0,6.0,1.0
26.918842,43.722992,731.93146,0.1508029,21.0,44.0,6.0,1.0
26.919935,43.75596,732.1829,0.15166365,21.0,45.0,6.0,1.0
26.831902,42.80245,727.7481,0.10622397,21.0,27.0,6.0,1.0
26.835115,42.83567,727.85516,0.10788066,21.0,28.0,6.0,1.0
26.842148,42.87635,728.0091,0.11099769,21.0,29.0,6.0,1.0
26.850323,42.92926,728.1981,0.114713006,21.0,30.0,6.0,1.0
26.85823,42.99731,728.424,0.11857992,21.0,31.0,6.0,1.0
26.862604,43.083275,728.66077,0.121492945,21.0,32.0,6.0,1.0
26.870422,43.150063,728.89545,0.12529679,21.0,33.0,6.0,1.0
26.878523,43.21512,729.17944,0.12914504,21.0,34.0,6.0,1.0
26.88691,43.276886,729.4781,0.13302939,21.0,35.0,6.0,1.0
26.894497,43.3422,729.8126,0.13666324,21.0,36.0,6.0,1.0
26.899858,43.408955,730.1212,0.13954316,21.0,37.0,6.0,1.0
26.90319,43.469803,730.4211,0.14161184,21.0,38.0,6.0,1.0
26.90618,43.4904,730.5486,0.14296177,21.0,39.0,6.0,1.0
26.906624,43.503216,730.6075,0.14330864,21.0,40.0,6.0,1.0
26.910213,43.557102,730.8988,0.14535333,21.0,41.0,6.0,1.0
26.912079,43.611416,731.15656,0.14681005,21.0,42.0,6.0,1.0
26.914791,43.65106,731.3701,0.14834014,21.0,43.0,6.0,1.0
26.915762,43.69491,731.68243,0.14931934,21.0,44.0,6.0,1.0
26.91702,43.7303,731.9545,0.15027265,21.0,45.0,6.0,1.0
26.918728,43.75938,732.1907,0.15129079,21.0,46.0,6.0,1.0
26.83082,42.809418,727.74274,0.10597901,21.0,28.0,6.0,1.0
26.836058,42.827766,727.8429,0.10808549,21.0,29.0,6.0,1.0
26.843658,42.867874,728.00116,0.111393146,21.0,30.0,6.0,1.0
26.850586,42.925587,728.19525,0.11474437,21.0,31.0,6.0,1.0
26.854973,43.015663,728.44086,0.11773022,21.0,32.0,6.0,1.0
26.863026,43.084923,728.66895,0.121666774,21.0,33.0,6.0,1.0
26.870426,43.15825,728.9192,0.12542617,21.0,34.0,6.0,1.0
26.87959,43.217575,729.20294,0.12955353,21.0,35.0,6.0,1.0
26.888474,43.274895,729.49536,0.13354196,21.0,36.0,6.0,1.0
26.89449,43.34653,729.8289,0.13672598,21.0,37.0,6.0,1.0
26.898504,43.410072,730.1021,0.13909212,21.0,38.0,6.0,1.0
26.902,43.436493,730.25305,0.14070831,21.0,39.0,6.0,1.0
26.902792,43.454296,730.34045,0.14124823,21.0,40.0,6.0,1.0
26.906675,43.512695,730.6585,0.14346045,21.0,41.0,6.0,1.0
26.908754,43.571297,730.93964,0.14505431,21.0,42.0,6.0,1.0
26.91171,43.614452,731.1732,0.14672047,21.0,43.0,6.0,1.0
26.912823,43.6627,731.40656,0.14782557,21.0,44.0,6.0,1.0
26.914253,43.700825,731.7021,0.14887756,21.0,45.0,6.0,1.0
26.916138,43.732254,731.9585,0.149991,21.0,46.0,6.0,1.0
26.917316,43.764366,732.20013,0.15087092,21.0,47.0,6.0,1.0
26.831814,42.7959,727.73236,0.10608803,21.0,29.0,6.0,1.0
26.83877,42.809914,727.81995,0.10875324,21.0,30.0,6.0,1.0
26.845045,42.85519,727.9827,0.11167673,21.0,31.0,6.0,1.0
26.848452,42.93606,728.1995,0.114165455,21.0,32.0,6.0,1.0
26.856564,43.00968,728.43726,0.11819466,21.0,33.0,6.0,1.0
26.864197,43.086163,728.67816,0.122101575,21.0,34.0,6.0,1.0
26.872936,43.151928,728.9329,0.12620404,21.0,35.0,6.0,1.0
26.882593,43.20745,729.2134,0.13044496,21.0,36.0,6.0,1.0
26.889818,43.271385,729.503,0.1339575,21.0,37.0,6.0,1.0
26.894342,43.34186,729.8084,0.13660584,21.0,38.0,6.0,1.0
26.898415,43.373222,729.9729,0.13850248,21.0,39.0,6.0,1.0
26.8996,43.396347,730.0716,0.13926597,21.0,40.0,6.0,1.0
26.903858,43.457336,730.38135,0.1416571,21.0,41.0,6.0,1.0
26.906122,43.520924,730.68933,0.14338766,21.0,42.0,6.0,1.0
26.909292,43.56837,730.9466,0.14519098,21.0,43.0,6.0,1.0
26.910551,43.620728,731.18536,0.14640859,21.0,44.0,6.0,1.0
26.912115,43.663185,731.40704,0.1475817,21.0,45.0,6.0,1.0
26.914171,43.697407,731.68744,0.14879546,21.0,46.0,6.0,1.0
26.915491,43.73209,731.95026,0.14976205,21.0,47.0,6.0,1.0
26.917759,43.758423,732.17694,0.1509348,21.0,48.0,6.0,1.0
26.831827,42.789524,727.7191,0.10598707,21.0,30.0,6.0,1.0
26.837778,42.804337,727.80457,0.10831203,21.0,31.0,6.0,1.0
26.840551,42.87253,727.9906,0.11037456,21.0,32.0,6.0,1.0
26.847763,42.93562,728.1967,0.11391459,21.0,33.0,6.0,1.0
26.855495,43.01735,728.4511,0.11793934,21.0,34.0,6.0,1.0
26.864202,43.08937,728.6931,0.12214861,21.0,35.0,6.0,1.0
26.873648,43.150925,728.945,0.12643296,21.0,36.0,6.0,1.0
26.881699,43.214344,729.22864,0.13023548,21.0,37.0,6.0,1.0
26.887474,43.27799,729.49493,0.13323987,21.0,38.0,6.0,1.0
26.892256,43.316517,729.69574,0.13549154,21.0,39.0,6.0,1.0
26.89396,43.34597,729.82495,0.13653089,21.0,40.0,6.0,1.0
26.898842,43.406757,730.1042,0.13915421,21.0,41.0,6.0,1.0
26.901455,43.475067,730.427,0.14107992,21.0,42.0,6.0,1.0
26.904959,43.526936,730.7102,0.14306407,21.0,43.0,6.0,1.0
26.906448,43.58354,730.97156,0.14442429,21.0,44.0,6.0,1.0
26.908237,43.629753,731.1941,0.14573306,21.0,45.0,6.0,1.0
26.91051,43.66783,731.4186,0.14708757,21.0,46.0,6.0,1.0
26.912025,43.705223,731.7046,0.14816198,21.0,47.0,6.0,1.0
26.91451,43.733856,731.9516,0.14944373,21.0,48.0,6.0,1.0
26.915852,43.766098,732.19415,0.15038338,21.0,49.0,6.0,1.0
26.831532,42.779053,727.6808,0.10573348,21.0,31.0,6.0,1.0
26.833635,42.815903,727.80304,0.1070404,21.0,32.0,6.0,1.0
26.840305,42.86519,727.9774,0.11016711,21.0,33.0,6.0,1.0
26.84731,42.936985,728.2038,0.11377172,21.0,34.0,6.0,1.0
26.856138,43.014385,728.45593,0.11811397,21.0,35.0,6.0,1.0
26.86548,43.08366,728.69366,0.12250478,21.0,36.0,6.0,1.0
26.873547,43.151855,728.95605,0.12640545,21.0,37.0,6.0,1.0
26.880066,43.21721,729.22485,0.12970425,21.0,38.0,6.0,1.0
26.886044,43.253,729.4081,0.13234898,21.0,39.0,6.0,1.0
26.888508,43.285774,729.5504,0.13370952,21.0,40.0,6.0,1.0
26.893806,43.352528,729.8578,0.1365669,21.0,41.0,6.0,1.0
26.897005,43.42088,730.1368,0.13872148,21.0,42.0,6.0,1.0
26.90087,43.47803,730.45,0.14090757,21.0,43.0,6.0,1.0
26.902603,43.539608,730.7373,0.14242631,21.0,44.0,6.0,1.0
26.904634,43.58992,730.9817,0.1438804,21.0,45.0,6.0,1.0
26.907146,43.631847,731.1963,0.1453783,21.0,46.0,6.0,1.0
26.90885,43.673115,731.4359,0.14658327,21.0,47.0,6.0,1.0
26.91156,43.704384,731.7057,0.14798173,21.0,48.0,6.0,1.0
26.913076,43.73907,731.96826,0.14901842,21.0,49.0,6.0,1.0
26.91486,43.768547,732.20374,0.15007016,21.0,50.0,6.0,1.0
26.827383,42.7837,727.3553,0.10474935,21.0,32.0,6.0,1.0
26.831726,42.808147,727.77783,0.10624605,21.0,33.0,6.0,1.0
26.837074,42.867077,727.9744,0.10904966,21.0,34.0,6.0,1.0
26.845362,42.933292,728.1978,0.11301595,21.0,35.0,6.0,1.0
26.854792,43.008427,728.4495,0.117532305,21.0,36.0,6.0,1.0
26.862875,43.085575,728.7067,0.12159794,21.0,37.0,6.0,1.0
26.869204,43.15882,728.9442,0.124981254,21.0,38.0,6.0,1.0
26.876146,43.199757,729.14496,0.12804893,21.0,39.0,6.0,1.0
26.879618,43.235836,729.30005,0.12982056,21.0,40.0,6.0,1.0
26.886074,43.297813,729.58093,0.13302715,21.0,41.0,6.0,1.0
26.889881,43.371513,729.88354,0.13547674,21.0,42.0,6.0,1.0
26.894493,43.43049,730.16907,0.1379717,21.0,43.0,6.0,1.0
26.896639,43.497868,730.4874,0.13971877,21.0,44.0,6.0,1.0
26.899036,43.553032,730.75775,0.14137328,21.0,45.0,6.0,1.0
26.901901,43.599033,730.9946,0.14305452,21.0,46.0,6.0,1.0
26.903887,43.64437,731.21124,0.14442329,21.0,47.0,6.0,1.0
26.906887,43.67905,731.4637,0.14597799,21.0,48.0,6.0,1.0
26.908646,43.7164,731.74817,0.1471382,21.0,49.0,6.0,1.0
26.910658,43.74817,732.00256,0.1483035,21.0,50.0,6.0,1.0
26.912788,43.775482,732.22723,0.14944544,21.0,51.0,6.0,1.0
26.82243,42.757126,726.4851,0.1036503,21.0,33.0,6.0,1.0
26.82898,42.81151,727.7325,0.10538943,21.0,34.0,6.0,1.0
26.833464,42.873703,727.9661,0.10788445,21.0,35.0,6.0,1.0
26.842209,42.938637,728.18604,0.11199463,21.0,36.0,6.0,1.0
26.850386,43.022453,728.4611,0.116199054,21.0,37.0,6.0,1.0
26.857117,43.10143,728.7211,0.119810104,21.0,38.0,6.0,1.0
26.864208,43.151955,728.9006,0.123106904,21.0,39.0,6.0,1.0
26.86816,43.193302,729.0411,0.12514926,21.0,40.0,6.0,1.0
26.875383,43.254246,729.3006,0.12862663,21.0,41.0,6.0,1.0
26.880232,43.324566,729.58655,0.13140126,21.0,42.0,6.0,1.0
26.885641,43.38598,729.8745,0.13421822,21.0,43.0,6.0,1.0
26.888422,43.455887,730.17725,0.1362403,21.0,44.0,6.0,1.0
26.891266,43.516293,730.4794,0.13812567,21.0,45.0,6.0,1.0
26.89457,43.56678,730.7438,0.14002523,21.0,46.0,6.0,1.0
26.89692,43.616253,730.98474,0.14158112,21.0,47.0,6.0,1.0
26.900295,43.655094,731.1975,0.14333585,21.0,48.0,6.0,1.0
26.902359,43.696007,731.4774,0.14465731,21.0,49.0,6.0,1.0
26.904678,43.730526,731.7576,0.14596891,21.0,50.0,6.0,1.0
26.907099,43.76021,732.0048,0.14724597,21.0,51.0,6.0,1.0
26.908638,43.79129,732.2407,0.14823844,21.0,52.0,6.0,1.0
26.813265,42.721085,724.91547,0.10239232,21.0,34.0,6.0,1.0
26.825996,42.8008,727.542,0.104389764,21.0,35.0,6.0,1.0
26.831331,42.864708,727.9315,0.107015334,21.0,36.0,6.0,1.0
26.836828,42.944527,728.1918,0.1101742,21.0,37.0,6.0,1.0
26.844086,43.030575,728.48157,0.114076205,21.0,38.0,6.0,1.0
26.851809,43.089046,728.6886,0.11771898,21.0,39.0,6.0,1.0
26.85657,43.138454,728.85596,0.1201713,21.0,40.0,6.0,1.0
26.863895,43.2019,729.07043,0.12375488,21.0,41.0,6.0,1.0
26.869072,43.27418,729.3095,0.12671064,21.0,42.0,6.0,1.0
26.875282,43.33757,729.59045,0.12985341,21.0,43.0,6.0,1.0
26.878813,43.40989,729.88043,0.13218798,21.0,44.0,6.0,1.0
26.882267,43.474556,730.19104,0.13435762,21.0,45.0,6.0,1.0
26.886086,43.53033,730.48517,0.13651545,21.0,46.0,6.0,1.0
26.888859,43.584652,730.7522,0.13829161,21.0,47.0,6.0,1.0
26.89269,43.627617,730.9883,0.14026596,21.0,48.0,6.0,1.0
26.895092,43.673214,731.2136,0.14178467,21.0,49.0,6.0,1.0
26.897762,43.710957,731.52124,0.14326681,21.0,50.0,6.0,1.0
26.900517,43.743423,731.79205,0.14470083,21.0,51.0,6.0,1.0
26.90233,43.777077,732.04895,0.14582753,21.0,52.0,6.0,1.0
26.90449,43.803246,732.2639,0.14696315,21.0,53.0,6.0,1.0
26.805077,42.68259,723.37225,0.10124222,21.0,35.0,6.0,1.0
26.820784,42.781296,727.0357,0.103446186,21.0,36.0,6.0,1.0
26.828371,42.868443,727.91034,0.10607537,21.0,37.0,6.0,1.0
26.832441,42.951324,728.19604,0.10874905,21.0,38.0,6.0,1.0
26.83871,43.02533,728.46075,0.11207864,21.0,39.0,6.0,1.0
26.844645,43.081066,728.65283,0.11504518,21.0,40.0,6.0,1.0
26.852142,43.1481,728.87823,0.11874342,21.0,41.0,6.0,1.0
26.857914,43.219593,729.1048,0.12190377,21.0,42.0,6.0,1.0
26.864693,43.281998,729.3246,0.12527229,21.0,43.0,6.0,1.0
26.868383,43.361237,729.6038,0.12779042,21.0,44.0,6.0,1.0
26.87226,43.429203,729.8688,0.13018757,21.0,45.0,6.0,1.0
26.876682,43.4899,730.18915,0.13263127,21.0,46.0,6.0,1.0
26.879929,43.54961,730.4862,0.13465108,21.0,47.0,6.0,1.0
26.884266,43.597183,730.7494,0.13687095,21.0,48.0,6.0,1.0
26.887068,43.647198,730.9944,0.13859488,21.0,49.0,6.0,1.0
26.890114,43.689533,731.2498,0.14028472,21.0,50.0,6.0,1.0
26.893244,43.72517,731.5487,0.14189656,21.0,51.0,6.0,1.0
26.895372,43.761745,731.8303,0.14317565,21.0,52.0,6.0,1.0
26.897837,43.790367,732.0666,0.14445376,21.0,53.0,6.0,1.0
26.899418,43.81932,732.28613,0.14543039,21.0,54.0,6.0,1.0
26.798323,42.644962,721.9888,0.1002598,21.0,36.0,6.0,1.0
26.815119,42.77573,726.6285,0.102646135,21.0,37.0,6.0,1.0
26.82556,42.881535,727.9132,0.105331905,21.0,38.0,6.0,1.0
26.830402,42.9481,728.166,0.10800444,21.0,39.0,6.0,1.0
26.834326,43.020473,728.42706,0.11046453,21.0,40.0,6.0,1.0
26.841013,43.09346,728.6743,0.113949366,21.0,41.0,6.0,1.0
26.84728,43.16723,728.908,0.11732209,21.0,42.0,6.0,1.0
26.854298,43.22933,729.1184,0.12077306,21.0,43.0,6.0,1.0
26.85922,43.300556,729.3508,0.12362485,21.0,44.0,6.0,1.0
26.863482,43.37405,729.61884,0.12625325,21.0,45.0,6.0,1.0
26.8679,43.439693,729.8679,0.12881452,21.0,46.0,6.0,1.0
26.871134,43.50775,730.1802,0.13096577,21.0,47.0,6.0,1.0
26.875986,43.56035,730.47406,0.13343714,21.0,48.0,6.0,1.0
26.879187,43.61518,730.7464,0.13537118,21.0,49.0,6.0,1.0
26.882624,43.662148,730.9906,0.13727011,21.0,50.0,6.0,1.0
26.886127,43.70205,731.25867,0.13908158,21.0,51.0,6.0,1.0
26.88858,43.74194,731.5697,0.14052197,21.0,52.0,6.0,1.0
26.891365,43.77336,731.83136,0.14195292,21.0,53.0,6.0,1.0
26.893213,43.804855,732.07294,0.1430589,21.0,54.0,6.0,1.0
26.896439,43.824036,732.2527,0.14446677,21.0,55.0,6.0,1.0
26.796667,42.628017,721.5328,0.09997875,21.0,37.0,6.0,1.0
26.813446,42.776154,726.4663,0.10243913,21.0,38.0,6.0,1.0
26.825724,42.876217,727.8964,0.1053039,21.0,39.0,6.0,1.0
26.829657,42.940876,728.1344,0.10763878,21.0,40.0,6.0,1.0
26.834467,43.023956,728.4313,0.11057234,21.0,41.0,6.0,1.0
26.839615,43.10546,728.6915,0.113648616,21.0,42.0,6.0,1.0
26.84719,43.17003,728.9106,0.11733596,21.0,43.0,6.0,1.0
26.852133,43.241486,729.1346,0.1202019,21.0,44.0,6.0,1.0
26.857332,43.306873,729.35455,0.123058066,21.0,45.0,6.0,1.0
26.86233,43.376244,729.6142,0.12588291,21.0,46.0,6.0,1.0
26.866037,43.44518,729.8696,0.12824306,21.0,47.0,6.0,1.0
26.870462,43.50846,730.168,0.13074493,21.0,48.0,6.0,1.0
26.873981,43.568615,730.47034,0.13286754,21.0,49.0,6.0,1.0
26.87775,43.620262,730.7413,0.13494965,21.0,50.0,6.0,1.0
26.881561,43.664845,730.9812,0.1369429,21.0,51.0,6.0,1.0
26.884266,43.709114,731.259,0.13854195,21.0,52.0,6.0,1.0
26.887321,43.743618,731.5487,0.14011155,21.0,53.0,6.0,1.0
26.889389,43.777954,731.81494,0.1413362,21.0,54.0,6.0,1.0
26.892874,43.79938,732.0153,0.14286569,21.0,55.0,6.0,1.0
26.894554,43.825996,732.22296,0.14384222,21.0,56.0,6.0,1.0
26.79687,42.63036,721.6393,0.09999449,21.0,38.0,6.0,1.0
26.81564,42.773075,726.6269,0.10269479,21.0,39.0,6.0,1.0
26.825762,42.866783,727.8818,0.105158426,21.0,40.0,6.0,1.0
26.830421,42.93946,728.14545,0.10787272,21.0,41.0,6.0,1.0
26.834469,43.03039,728.4494,0.11067482,21.0,42.0,6.0,1.0
26.840761,43.104305,728.6996,0.11403158,21.0,43.0,6.0,1.0
26.846088,43.17934,728.93304,0.11709056,21.0,44.0,6.0,1.0
26.851374,43.245697,729.14703,0.11999571,21.0,45.0,6.0,1.0
26.857258,43.307804,729.36115,0.123042464,21.0,46.0,6.0,1.0
26.86142,43.38171,729.63104,0.12564246,21.0,47.0,6.0,1.0
26.86646,43.44534,729.8816,0.12839001,21.0,48.0,6.0,1.0
26.869667,43.515327,730.195,0.1305644,21.0,49.0,6.0,1.0
26.873632,43.572872,730.4902,0.13280448,21.0,50.0,6.0,1.0
26.877748,43.621952,730.75464,0.13497062,21.0,51.0,6.0,1.0
26.880695,43.67093,730.9974,0.13672987,21.0,52.0,6.0,1.0
26.883995,43.709343,731.2656,0.13844688,21.0,53.0,6.0,1.0
26.886276,43.746693,731.5569,0.13978985,21.0,54.0,6.0,1.0
26.889996,43.77062,731.77856,0.14143817,21.0,55.0,6.0,1.0
26.891851,43.7995,732.0046,0.1425094,21.0,56.0,6.0,1.0
26.894604,43.818905,732.1793,0.14375399,21.0,57.0,6.0,1.0
26.798687,42.634064,721.9202,0.10021794,21.0,39.0,6.0,1.0
26.815409,42.771374,726.6144,0.10263772,21.0,40.0,6.0,1.0
26.826328,42.87108,727.9055,0.1054163,21.0,41.0,6.0,1.0
26.830147,42.951294,728.174,0.10796723,21.0,42.0,6.0,1.0
26.834883,43.035263,728.471,0.1108906,21.0,43.0,6.0,1.0
26.83906,43.11891,728.7323,0.11365687,21.0,44.0,6.0,1.0
26.844774,43.18774,728.9523,0.11675419,21.0,45.0,6.0,1.0
26.850767,43.25077,729.1615,0.11985802,21.0,46.0,6.0,1.0
26.855776,43.31706,729.3842,0.12265992,21.0,47.0,6.0,1.0
26.86135,43.385475,729.6467,0.12567231,21.0,48.0,6.0,1.0
26.865137,43.455902,729.91895,0.12807903,21.0,49.0,6.0,1.0
26.868853,43.52285,730.22534,0.13038665,21.0,50.0,6.0,1.0
26.873043,43.578503,730.5086,0.13268077,21.0,51.0,6.0,1.0
26.876274,43.631943,730.7754,0.13460512,21.0,52.0,6.0,1.0
26.879843,43.674835,731.00354,0.1364898,21.0,53.0,6.0,1.0
26.882357,43.71594,731.2819,0.13797277,21.0,54.0,6.0,1.0
26.886349,43.742596,731.5277,0.13975613,21.0,55.0,6.0,1.0
26.88841,43.774014,731.77484,0.14093535,21.0,56.0,6.0,1.0
26.89137,43.7955,731.96735,0.14228442,21.0,57.0,6.0,1.0
26.893583,43.816116,732.1439,0.14335775,21.0,58.0,6.0,1.0
26.795256,42.639572,721.8015,0.099760644,21.0,40.0,6.0,1.0
26.813688,42.778008,726.7383,0.10238811,21.0,41.0,6.0,1.0
26.824797,42.88338,727.94116,0.10508231,21.0,42.0,6.0,1.0
26.829323,42.95596,728.2,0.1077486,21.0,43.0,6.0,1.0
26.832806,43.04527,728.4919,0.11033428,21.0,44.0,6.0,1.0
26.836414,43.125668,728.7539,0.11282524,21.0,45.0,6.0,1.0
26.841906,43.19428,728.9759,0.11582686,21.0,46.0,6.0,1.0
26.847237,43.261723,729.1934,0.11876717,21.0,47.0,6.0,1.0
26.853516,43.324448,729.4155,0.12196016,21.0,48.0,6.0,1.0
26.85787,43.40016,729.6932,0.124654084,21.0,49.0,6.0,1.0
26.86223,43.468925,729.9817,0.12723003,21.0,50.0,6.0,1.0
26.866375,43.53332,730.2769,0.12965265,21.0,51.0,6.0,1.0
26.869389,43.595547,730.5507,0.13164726,21.0,52.0,6.0,1.0
26.873222,43.643463,730.7983,0.1337017,21.0,53.0,6.0,1.0
26.876032,43.68927,731.0239,0.13536735,21.0,54.0,6.0,1.0
26.880384,43.71905,731.292,0.13732263,21.0,55.0,6.0,1.0
26.882715,43.753395,731.5622,0.13863942,21.0,56.0,6.0,1.0
26.885958,43.777275,731.7739,0.14012189,21.0,57.0,6.0,1.0
26.888407,43.800007,731.9672,0.14130929,21.0,58.0,6.0,1.0
26.890186,43.8219,732.1443,0.14225121,21.0,59.0,6.0,1.0
26.794262,42.65608,722.20874,0.09963178,21.0,41.0,6.0,1.0
26.812027,42.80364,726.9918,0.102288745,21.0,42.0,6.0,1.0
26.82417,42.896107,727.97284,0.10506961,21.0,43.0,6.0,1.0
26.827738,42.976585,728.2333,0.107541434,21.0,44.0,6.0,1.0
26.831326,43.057583,728.5077,0.11002763,21.0,45.0,6.0,1.0
26.835245,43.134396,728.7667,0.11256536,21.0,46.0,6.0,1.0
26.838688,43.20953,729.00574,0.11492481,21.0,47.0,6.0,1.0
26.845572,43.271328,729.217,0.11832394,21.0,48.0,6.0,1.0
26.850452,43.341614,729.4566,0.12113887,21.0,49.0,6.0,1.0
26.855345,43.414135,729.72864,0.123972826,21.0,50.0,6.0,1.0
26.860077,43.480804,730.0218,0.12664448,21.0,51.0,6.0,1.0
26.863487,43.548508,730.32306,0.1288589,21.0,52.0,6.0,1.0
26.867132,43.60469,730.5774,0.13098466,21.0,53.0,6.0,1.0
26.869741,43.657944,730.8096,0.13270362,21.0,54.0,6.0,1.0
26.874418,43.69228,731.0115,0.13485019,21.0,55.0,6.0,1.0
26.87703,43.729828,731.30585,0.13631241,21.0,56.0,6.0,1.0
26.880577,43.756336,731.54083,0.1379391,21.0,57.0,6.0,1.0
26.883284,43.781406,731.7543,0.13925087,21.0,58.0,6.0,1.0
26.885284,43.805386,731.94885,0.14029998,21.0,59.0,6.0,1.0
26.888159,43.819828,732.09216,0.14151505,22.0,0.0,6.0,1.0
26.794514,42.684544,722.9474,0.09972221,21.0,42.0,6.0,1.0
26.813488,42.823467,727.3406,0.10258911,21.0,43.0,6.0,1.0
26.823174,42.914394,728.00006,0.10502918,21.0,44.0,6.0,1.0
26.826902,42.98856,728.24744,0.107454516,21.0,45.0,6.0,1.0
26.830801,43.065544,728.51587,0.10998093,21.0,46.0,6.0,1.0
26.834162,43.14349,728.7724,0.11234688,21.0,47.0,6.0,1.0
26.838295,43.214577,729.0133,0.114870064,21.0,48.0,6.0,1.0
26.843573,43.28287,729.2346,0.117800735,21.0,49.0,6.0,1.0
26.848982,43.35027,729.4717,0.12075527,21.0,50.0,6.0,1.0
26.854122,43.420174,729.73694,0.123636566,21.0,51.0,6.0,1.0
26.858013,43.490643,730.0409,0.1260673,21.0,52.0,6.0,1.0
26.862034,43.552235,730.3235,0.12840453,21.0,53.0,6.0,1.0
26.864954,43.61046,730.5809,0.13030544,21.0,54.0,6.0,1.0
26.869211,43.653805,730.7812,0.13245893,21.0,55.0,6.0,1.0
26.87192,43.69725,730.9904,0.13405772,21.0,56.0,6.0,1.0
26.87578,43.726955,731.24963,0.13583997,21.0,57.0,6.0,1.0
26.878757,43.75482,731.4881,0.1372867,21.0,58.0,6.0,1.0
26.880991,43.781315,731.7046,0.13845374,21.0,59.0,6.0,1.0
26.884115,43.797817,731.8664,0.13978592,22.0,0.0,6.0,1.0
26.88643,43.81272,732.0214,0.14080569,22.0,1.0,6.0,1.0
26.794489,42.714447,723.76263,0.09983146,21.0,43.0,6.0,1.0
26.811207,42.844185,727.4343,0.10240206,21.0,44.0,6.0,1.0
26.821133,42.924454,728.0014,0.10471156,21.0,45.0,6.0,1.0
26.82581,42.99567,728.2545,0.1071968,21.0,46.0,6.0,1.0
26.829313,43.073784,728.5184,0.1096099,21.0,47.0,6.0,1.0
26.8333,43.147243,728.776,0.112111904,21.0,48.0,6.0,1.0
26.836746,43.22181,729.01636,0.11445888,21.0,49.0,6.0,1.0
26.841045,43.29176,729.25183,0.11704185,21.0,50.0,6.0,1.0
26.8468,43.35739,729.4866,0.12009035,21.0,51.0,6.0,1.0
26.850922,43.431362,729.7588,0.12267438,21.0,52.0,6.0,1.0
26.855474,43.496014,730.0522,0.1252475,21.0,53.0,6.0,1.0
26.858767,43.559727,730.33704,0.1273608,21.0,54.0,6.0,1.0
26.863464,43.60777,730.5611,0.12973891,21.0,55.0,6.0,1.0
26.866158,43.6578,730.7819,0.13143836,21.0,56.0,6.0,1.0
26.869673,43.696384,730.95746,0.13325913,21.0,57.0,6.0,1.0
26.87291,43.728004,731.2092,0.1348545,21.0,58.0,6.0,1.0
26.875422,43.75744,731.45074,0.13616109,21.0,59.0,6.0,1.0
26.878847,43.776352,731.6339,0.13763362,22.0,0.0,6.0,1.0
26.88142,43.793434,731.8081,0.13877536,22.0,1.0,6.0,1.0
26.88358,43.807102,731.9534,0.13972285,22.0,2.0,6.0,1.0
26.792492,42.750874,724.51935,0.099824116,21.0,44.0,6.0,1.0
26.808931,42.85727,727.45245,0.10216651,21.0,45.0,6.0,1.0
26.819305,42.932396,727.99603,0.10449991,21.0,46.0,6.0,1.0
26.824272,43.00569,728.25854,0.10683841,21.0,47.0,6.0,1.0
26.828571,43.079285,728.5234,0.10944682,21.0,48.0,6.0,1.0
26.831934,43.156204,728.77924,0.11179486,21.0,49.0,6.0,1.0
26.83552,43.22781,729.01904,0.11413812,21.0,50.0,6.0,1.0
26.839228,43.298164,729.2594,0.11650401,21.0,51.0,6.0,1.0
26.843863,43.368824,729.5069,0.11922809,21.0,52.0,6.0,1.0
26.848541,43.436714,729.7669,0.12191293,21.0,53.0,6.0,1.0
26.852213,43.503895,730.0643,0.12421369,21.0,54.0,6.0,1.0
26.857384,43.557034,730.315,0.12683378,21.0,55.0,6.0,1.0
26.860426,43.611958,730.56024,0.1287282,21.0,56.0,6.0,1.0
26.864326,43.654778,730.757,0.13074753,21.0,57.0,6.0,1.0
26.867365,43.694286,730.9355,0.13241303,21.0,58.0,6.0,1.0
26.869709,43.730103,731.1692,0.13376836,21.0,59.0,6.0,1.0
26.873411,43.752026,731.3757,0.1353828,22.0,0.0,6.0,1.0
26.876266,43.77156,731.57184,0.13665877,22.0,1.0,6.0,1.0
26.878685,43.78738,731.7363,0.13772747,22.0,2.0,6.0,1.0
26.88057,43.801334,731.8775,0.13858318,22.0,3.0,6.0,1.0
26.799519,42.759148,725.25586,0.10047393,21.0,45.0,6.0,1.0
26.81342,42.853607,727.61237,0.10278435,21.0,46.0,6.0,1.0
26.822092,42.929012,728.0228,0.104916826,21.0,47.0,6.0,1.0
26.826296,42.99732,728.25934,0.10739167,21.0,48.0,6.0,1.0
26.829647,43.0759,728.5218,0.10976031,21.0,49.0,6.0,1.0
26.833103,43.151176,728.77686,0.11211348,21.0,50.0,6.0,1.0
26.836893,43.22168,729.0127,0.114509724,21.0,51.0,6.0,1.0
26.840565,43.292732,729.246,0.11689194,21.0,52.0,6.0,1.0
26.845978,43.35569,729.46936,0.11977892,21.0,53.0,6.0,1.0
26.849712,43.4264,729.72943,0.1221757,21.0,54.0,6.0,1.0
26.855276,43.482677,729.986,0.124984264,21.0,55.0,6.0,1.0
26.858515,43.543568,730.2613,0.12703538,21.0,56.0,6.0,1.0
26.862654,43.59166,730.4844,0.12921603,21.0,57.0,6.0,1.0
26.865904,43.63595,730.6863,0.13102502,21.0,58.0,6.0,1.0
26.86841,43.676933,730.86914,0.13252348,21.0,59.0,6.0,1.0
26.872074,43.704624,731.03064,0.13422218,22.0,0.0,6.0,1.0
26.875145,43.727158,731.25323,0.13561651,22.0,1.0,6.0,1.0
26.877764,43.745594,731.44037,0.13679276,22.0,2.0,6.0,1.0
26.879827,43.761837,731.6011,0.137744,22.0,3.0,6.0,1.0
26.882675,43.771126,731.72644,0.13886832,22.0,4.0,6.0,1.0
26.803858,42.76811,725.8692,0.101046495,21.0,46.0,6.0,1.0
26.815023,42.849052,727.6416,0.10298422,21.0,47.0,6.0,1.0
26.823631,42.91897,728.0166,0.10525864,21.0,48.0,6.0,1.0
26.826883,42.99197,728.25195,0.10750572,21.0,49.0,6.0,1.0
26.830435,43.069427,728.51636,0.10992304,21.0,50.0,6.0,1.0
26.834063,43.144173,728.7706,0.11232602,21.0,51.0,6.0,1.0
26.837358,43.218452,729.00934,0.1146166,21.0,52.0,6.0,1.0
26.842064,43.28332,729.2272,0.117274955,21.0,53.0,6.0,1.0
26.846601,43.34877,729.4511,0.119892284,21.0,54.0,6.0,1.0
26.8523,43.40987,729.6887,0.12283754,21.0,55.0,6.0,1.0
26.855946,43.473618,729.9562,0.12508391,21.0,56.0,6.0,1.0
26.860378,43.52767,730.2087,0.12745526,21.0,57.0,6.0,1.0
26.863876,43.57727,730.43616,0.12943006,21.0,58.0,6.0,1.0
26.8666,43.622963,730.6413,0.1310741,21.0,59.0,6.0,1.0
26.870146,43.656986,730.8011,0.13283685,22.0,0.0,6.0,1.0
26.87342,43.683704,730.9649,0.13437274,22.0,1.0,6.0,1.0
26.876236,43.705208,731.1501,0.13566488,22.0,2.0,6.0,1.0
26.878473,43.72384,731.33044,0.13671234,22.0,3.0,6.0,1.0
26.881495,43.73517,731.47253,0.13792603,22.0,4.0,6.0,1.0
26.883974,43.748486,731.6208,0.13897985,22.0,5.0,6.0,1.0
26.803688,42.764828,725.74854,0.10102999,21.0,47.0,6.0,1.0
26.815966,42.84288,727.6236,0.10307975,21.0,48.0,6.0,1.0
26.823343,42.916264,728.00134,0.10512135,21.0,49.0,6.0,1.0
26.826845,42.986828,728.2347,0.10741335,21.0,50.0,6.0,1.0
26.830523,43.062943,728.4979,0.10985174,21.0,51.0,6.0,1.0
26.833672,43.141068,728.7545,0.11214655,21.0,52.0,6.0,1.0
26.837292,43.21143,728.9881,0.11448376,21.0,53.0,6.0,1.0
26.841124,43.27867,729.20654,0.116870925,21.0,54.0,6.0,1.0
26.84759,43.33404,729.4056,0.1200171,21.0,55.0,6.0,1.0
26.851479,43.401955,729.65607,0.122427106,21.0,56.0,6.0,1.0
26.85647,43.45813,729.89136,0.12504038,21.0,57.0,6.0,1.0
26.860308,43.513836,730.14966,0.1272245,21.0,58.0,6.0,1.0
26.863325,43.565002,730.38184,0.1290522,21.0,59.0,6.0,1.0
26.867165,43.603897,730.5644,0.13099024,22.0,0.0,6.0,1.0
26.870157,43.638283,730.73285,0.13255544,22.0,1.0,6.0,1.0
26.87323,43.66381,730.88995,0.13400222,22.0,2.0,6.0,1.0
26.87569,43.68614,731.0279,0.13518944,22.0,3.0,6.0,1.0
26.878954,43.699993,731.192,0.13652419,22.0,4.0,6.0,1.0
26.881641,43.715595,731.3596,0.13768397,22.0,5.0,6.0,1.0
26.882309,43.74191,731.561,0.1382973,22.0,6.0,6.0,1.0
26.80517,42.757393,725.7174,0.10120207,21.0,48.0,6.0,1.0
26.815784,42.839447,727.5693,0.10303876,21.0,49.0,6.0,1.0
26.823586,42.912743,727.99023,0.105150685,21.0,50.0,6.0,1.0
26.827168,42.981445,728.21967,0.10743961,21.0,51.0,6.0,1.0
26.830355,43.060997,728.4844,0.10976792,21.0,52.0,6.0,1.0
26.833796,43.134727,728.73474,0.11209178,21.0,53.0,6.0,1.0
26.83692,43.2066,728.96655,0.11428498,21.0,54.0,6.0,1.0
26.842398,43.264877,729.16614,0.117110975,21.0,55.0,6.0,1.0
26.847017,43.32595,729.3728,0.11969377,21.0,56.0,6.0,1.0
26.852251,43.38606,729.60187,0.122461155,21.0,57.0,6.0,1.0
26.85665,43.442703,729.8234,0.12487704,21.0,58.0,6.0,1.0
26.85997,43.49994,730.0864,0.12690055,21.0,59.0,6.0,1.0
26.864143,43.54414,730.29584,0.12903297,22.0,0.0,6.0,1.0
26.867397,43.58348,730.48755,0.13076401,22.0,1.0,6.0,1.0
26.870232,43.616432,730.65125,0.13225016,22.0,2.0,6.0,1.0
26.872955,43.642387,730.80493,0.13358252,22.0,3.0,6.0,1.0
26.876476,43.65992,730.9332,0.13506791,22.0,4.0,6.0,1.0
26.87939,43.67886,731.07043,0.13636138,22.0,5.0,6.0,1.0
26.880234,43.707745,731.29297,0.13707398,22.0,6.0,6.0,1.0
26.882479,43.727036,731.47705,0.13813344,22.0,7.0,6.0,1.0
26.800997,42.754642,725.2099,0.10068564,21.0,49.0,6.0,1.0
26.812962,42.83795,727.4441,0.10262154,21.0,50.0,6.0,1.0
26.822186,42.911892,727.97375,0.104756154,21.0,51.0,6.0,1.0
26.82565,42.983253,728.20624,0.10695541,21.0,52.0,6.0,1.0
26.829254,43.05771,728.4648,0.10934239,21.0,53.0,6.0,1.0
26.832293,43.13285,728.714,0.111551896,21.0,54.0,6.0,1.0
26.836367,43.199017,728.94324,0.11397511,21.0,55.0,6.0,1.0
26.839514,43.26518,729.1581,0.11609123,21.0,56.0,6.0,1.0
26.845577,43.31938,729.3482,0.11908057,21.0,57.0,6.0,1.0
26.850178,43.380543,729.5771,0.1216405,21.0,58.0,6.0,1.0
26.854168,43.438194,729.7971,0.12392828,21.0,59.0,6.0,1.0
26.858805,43.488163,730.0356,0.12630907,22.0,0.0,6.0,1.0
26.862457,43.532707,730.25323,0.1282576,22.0,1.0,6.0,1.0
26.865614,43.57053,730.4383,0.12993068,22.0,2.0,6.0,1.0
26.868172,43.60361,730.59766,0.13132316,22.0,3.0,6.0,1.0
26.87169,43.62661,730.7343,0.13289765,22.0,4.0,6.0,1.0
26.874895,43.648735,730.8777,0.1343414,22.0,5.0,6.0,1.0
26.875937,43.681274,731.04663,0.1351857,22.0,6.0,6.0,1.0
26.87841,43.702927,731.2504,0.13635984,22.0,7.0,6.0,1.0
26.880247,43.727673,731.46436,0.13735728,22.0,8.0,6.0,1.0
26.801899,42.74198,725.04626,0.10075784,21.0,50.0,6.0,1.0
26.81411,42.832188,727.4336,0.10275187,21.0,51.0,6.0,1.0
26.822445,42.91087,727.9672,0.10478878,21.0,52.0,6.0,1.0
26.826035,42.977516,728.19006,0.10699902,21.0,53.0,6.0,1.0
26.829117,43.053257,728.44336,0.109230645,21.0,54.0,6.0,1.0
26.833002,43.12238,728.68854,0.11163002,21.0,55.0,6.0,1.0
26.836147,43.19219,728.91626,0.11379699,21.0,56.0,6.0,1.0
26.840475,43.251045,729.11334,0.11621756,21.0,57.0,6.0,1.0
26.845848,43.30623,729.3045,0.11897584,21.0,58.0,6.0,1.0
26.850025,43.36567,729.52026,0.1213635,21.0,59.0,6.0,1.0
26.85526,43.41622,729.7191,0.12398568,22.0,0.0,6.0,1.0
26.85931,43.46545,729.94684,0.12614733,22.0,1.0,6.0,1.0
26.862782,43.50874,730.16003,0.12801173,22.0,2.0,6.0,1.0
26.865627,43.546734,730.3442,0.12957819,22.0,3.0,6.0,1.0
26.86913,43.576138,730.4935,0.13124917,22.0,4.0,6.0,1.0
26.872478,43.60302,730.65356,0.1328175,22.0,5.0,6.0,1.0
26.87374,43.63934,730.82666,0.13379517,22.0,6.0,6.0,1.0
26.876436,43.66485,730.97626,0.13511255,22.0,7.0,6.0,1.0
26.878475,43.69249,731.193,0.13622488,22.0,8.0,6.0,1.0
26.878546,43.73145,731.4662,0.13681732,22.0,9.0,6.0,1.0
26.80149,42.735546,724.8352,0.10070076,21.0,51.0,6.0,1.0
26.813267,42.833725,727.39124,0.102650754,21.0,52.0,6.0,1.0
26.822203,42.909172,727.9545,0.1047328,21.0,53.0,6.0,1.0
26.82545,42.97781,728.178,0.10681076,21.0,54.0,6.0,1.0
26.829481,43.04699,728.4261,0.10925817,21.0,55.0,6.0,1.0
26.832449,43.119717,728.66925,0.11140447,21.0,56.0,6.0,1.0
26.836222,43.185192,728.89343,0.113714665,21.0,57.0,6.0,1.0
26.84003,43.244667,729.0903,0.11596262,21.0,58.0,6.0,1.0
26.844893,43.299927,729.2776,0.11854235,21.0,59.0,6.0,1.0
26.850452,43.34994,729.46454,0.12127873,22.0,0.0,6.0,1.0
26.855057,43.40087,729.66895,0.12367741,22.0,1.0,6.0,1.0
26.859,43.447807,729.87683,0.12577076,22.0,2.0,6.0,1.0
26.862179,43.491043,730.0878,0.1275316,22.0,3.0,6.0,1.0
26.866022,43.525093,730.2608,0.12939207,22.0,4.0,6.0,1.0
26.869219,43.559135,730.429,0.13102348,22.0,5.0,6.0,1.0
26.870584,43.600132,730.61847,0.13211095,22.0,6.0,6.0,1.0
26.873545,43.628902,730.78625,0.13356835,22.0,7.0,6.0,1.0
26.87579,43.660194,730.95386,0.13481425,22.0,8.0,6.0,1.0
26.87602,43.702114,731.2199,0.13550907,22.0,9.0,6.0,1.0
26.87817,43.72979,731.46375,0.1366568,22.0,10.0,6.0,1.0
26.797815,42.735023,724.41693,0.100255124,21.0,52.0,6.0,1.0
26.810545,42.83005,727.1878,0.10225944,21.0,53.0,6.0,1.0
26.819004,42.909298,727.90466,0.104218915,21.0,54.0,6.0,1.0
26.824848,42.974102,728.1581,0.10655097,21.0,55.0,6.0,1.0
26.82797,43.045666,728.39984,0.10872947,21.0,56.0,6.0,1.0
26.831657,43.11368,728.64,0.11104398,21.0,57.0,6.0,1.0
26.835043,43.17889,728.8624,0.11321558,21.0,58.0,6.0,1.0
26.838104,43.24022,729.0645,0.115222074,21.0,59.0,6.0,1.0
26.843576,43.29018,729.2407,0.117925145,22.0,0.0,6.0,1.0
26.84859,43.338562,729.4222,0.12044198,22.0,1.0,6.0,1.0
26.853123,43.387974,729.621,0.12279175,22.0,2.0,6.0,1.0
26.856878,43.434093,729.8151,0.12481204,22.0,3.0,6.0,1.0
26.861177,43.473454,730.01556,0.1269106,22.0,4.0,6.0,1.0
26.864769,43.512424,730.2086,0.1287552,22.0,5.0,6.0,1.0
26.866299,43.558968,730.417,0.12998572,22.0,6.0,6.0,1.0
26.869041,43.594982,730.5887,0.13148858,22.0,7.0,6.0,1.0
26.871435,43.630543,730.7709,0.13285267,22.0,8.0,6.0,1.0
26.871857,43.67655,730.9724,0.1336845,22.0,9.0,6.0,1.0
26.874245,43.70674,731.2382,0.13495141,22.0,10.0,6.0,1.0
26.874695,43.74675,731.5235,0.13569301,22.0,11.0,6.0,1.0
26.799627,42.71233,724.11945,0.10041637,21.0,53.0,6.0,1.0
26.811245,42.816685,727.04144,0.10229572,21.0,54.0,6.0,1.0
26.821701,42.896305,727.9018,0.10451993,21.0,55.0,6.0,1.0
26.825302,42.963722,728.12976,0.10654492,21.0,56.0,6.0,1.0
26.828974,43.031105,728.36664,0.10884272,21.0,57.0,6.0,1.0
26.832241,43.099487,728.6033,0.111020416,21.0,58.0,6.0,1.0
26.83537,43.16536,728.82306,0.113117315,21.0,59.0,6.0,1.0
26.839287,43.22182,729.0166,0.11534682,22.0,0.0,6.0,1.0
26.844841,43.268063,729.18024,0.11802976,22.0,1.0,6.0,1.0
26.849823,43.31358,729.3494,0.120492674,22.0,2.0,6.0,1.0
26.854105,43.36164,729.53845,0.12273706,22.0,3.0,6.0,1.0
26.858961,43.40279,729.71027,0.12507617,22.0,4.0,6.0,1.0
26.862907,43.447697,729.9217,0.12713653,22.0,5.0,6.0,1.0
26.864681,43.499817,730.1577,0.12853472,22.0,6.0,6.0,1.0
26.867691,43.54073,730.3537,0.13020334,22.0,7.0,6.0,1.0
26.870058,43.582184,730.54944,0.13165127,22.0,8.0,6.0,1.0
26.87067,43.632023,730.76807,0.13260652,22.0,9.0,6.0,1.0
26.873243,43.666428,730.9554,0.13401148,22.0,10.0,6.0,1.0
26.873852,43.709263,731.25287,0.13484995,22.0,11.0,6.0,1.0
26.876266,43.743023,731.5233,0.13618627,22.0,12.0,6.0,1.0
26.803574,42.68641,723.98627,0.10082814,21.0,54.0,6.0,1.0
26.816563,42.79188,727.0935,0.10287206,21.0,55.0,6.0,1.0
26.824224,42.872887,727.88275,0.104745716,21.0,56.0,6.0,1.0
26.827688,42.93685,728.0989,0.1069189,21.0,57.0,6.0,1.0
26.830887,43.00709,728.3375,0.1091016,21.0,58.0,6.0,1.0
26.833908,43.077923,728.5737,0.11123767,21.0,59.0,6.0,1.0
26.837654,43.14142,728.79114,0.1135092,22.0,0.0,6.0,1.0
26.8431,43.192646,728.9644,0.11623091,22.0,1.0,6.0,1.0
26.848402,43.23852,729.124,0.1188204,22.0,2.0,6.0,1.0
26.853294,43.28367,729.2875,0.121249504,22.0,3.0,6.0,1.0
26.858618,43.32777,729.465,0.12380403,22.0,4.0,6.0,1.0
26.863014,43.374077,729.6508,0.12605926,22.0,5.0,6.0,1.0
26.86502,43.432262,729.8921,0.12763944,22.0,6.0,6.0,1.0
26.868227,43.478558,730.11304,0.12945601,22.0,7.0,6.0,1.0
26.870903,43.523853,730.3349,0.1310662,22.0,8.0,6.0,1.0
26.871677,43.57754,730.57245,0.13213564,22.0,9.0,6.0,1.0
26.874401,43.6153,730.77625,0.133643,22.0,10.0,6.0,1.0
26.875107,43.662086,730.98224,0.13458662,22.0,11.0,6.0,1.0
26.877632,43.698208,731.2706,0.13599575,22.0,12.0,6.0,1.0
26.880873,43.731533,731.57043,0.13760637,22.0,13.0,6.0,1.0
26.802105,42.67826,723.59717,0.10064718,21.0,55.0,6.0,1.0
26.813858,42.787193,726.8807,0.10247711,21.0,56.0,6.0,1.0
26.823637,42.868855,727.8667,0.10454473,21.0,57.0,6.0,1.0
26.82705,42.93352,728.0862,0.106647916,21.0,58.0,6.0,1.0
26.83006,43.003586,728.321,0.10876445,21.0,59.0,6.0,1.0
26.83373,43.070286,728.5552,0.111054815,22.0,0.0,6.0,1.0
26.83723,43.133194,728.77313,0.11322914,22.0,1.0,6.0,1.0
26.84227,43.185074,728.9496,0.11581106,22.0,2.0,6.0,1.0
26.847393,43.230984,729.1067,0.11833852,22.0,3.0,6.0,1.0
26.853462,43.27242,729.26245,0.1211287,22.0,4.0,6.0,1.0
26.858526,43.32116,729.4532,0.12366307,22.0,5.0,6.0,1.0
26.861103,43.380386,729.6713,0.12547323,22.0,6.0,6.0,1.0
26.864717,43.432255,729.90485,0.12752244,22.0,7.0,6.0,1.0
26.867512,43.48374,730.14435,0.1292722,22.0,8.0,6.0,1.0
26.868385,43.542828,730.39813,0.13045976,22.0,9.0,6.0,1.0
26.87115,43.58554,730.6133,0.13206102,22.0,10.0,6.0,1.0
26.872074,43.635334,730.83405,0.13312587,22.0,11.0,6.0,1.0
26.874788,43.674683,731.0698,0.13465664,22.0,12.0,6.0,1.0
26.878218,43.71016,731.3874,0.13636601,22.0,13.0,6.0,1.0
26.883486,43.736294,731.62964,0.13859423,22.0,14.0,6.0,1.0
26.802084,42.661343,723.2309,0.10059965,21.0,56.0,6.0,1.0
26.815592,42.77846,726.8536,0.10267639,21.0,57.0,6.0,1.0
26.82449,42.862144,727.85406,0.1046673,21.0,58.0,6.0,1.0
26.827406,42.927807,728.0704,0.10668138,21.0,59.0,6.0,1.0
26.830975,42.993237,728.2994,0.108913824,22.0,0.0,6.0,1.0
26.834387,43.058987,728.5305,0.11109951,22.0,1.0,6.0,1.0
26.837776,43.120827,728.74554,0.1132189,22.0,2.0,6.0,1.0
26.843075,43.171112,728.91425,0.11587721,22.0,3.0,6.0,1.0
26.849285,43.212543,729.0608,0.11872115,22.0,4.0,6.0,1.0
26.855171,43.257824,729.22723,0.121507116,22.0,5.0,6.0,1.0
26.858355,43.31751,729.44,0.123545915,22.0,6.0,6.0,1.0
26.862528,43.370506,729.6472,0.12582505,22.0,7.0,6.0,1.0
26.865667,43.427925,729.8965,0.12779176,22.0,8.0,6.0,1.0
26.86678,43.4925,730.1771,0.12914346,22.0,9.0,6.0,1.0
26.869503,43.54166,730.40656,0.13083361,22.0,10.0,6.0,1.0
26.87065,43.59532,730.6477,0.13203152,22.0,11.0,6.0,1.0
26.873579,43.638298,730.865,0.13369565,22.0,12.0,6.0,1.0
26.877205,43.67727,731.1452,0.13553075,22.0,13.0,6.0,1.0
26.882666,43.705814,731.4082,0.1378615,22.0,14.0,6.0,1.0
26.888414,43.73107,731.6536,0.14024457,22.0,15.0,6.0,1.0
26.80195,42.65756,723.08655,0.10059105,21.0,57.0,6.0,1.0
26.81534,42.778366,726.8213,0.102648556,21.0,58.0,6.0,1.0
26.824137,42.863724,727.8507,0.10457533,21.0,59.0,6.0,1.0
26.827747,42.924778,728.06335,0.106751844,22.0,0.0,6.0,1.0
26.83101,42.989178,728.29034,0.10886158,22.0,1.0,6.0,1.0
26.834425,43.05385,728.5195,0.11102944,22.0,2.0,6.0,1.0
26.837688,43.1154,728.7321,0.11310212,22.0,3.0,6.0,1.0
26.844149,43.162315,728.89636,0.1161188,22.0,4.0,6.0,1.0
26.850183,43.207542,729.053,0.118959755,22.0,5.0,6.0,1.0
26.854156,43.264225,729.24335,0.12124543,22.0,6.0,6.0,1.0
26.858997,43.31861,729.45074,0.12378722,22.0,7.0,6.0,1.0
26.862703,43.377327,729.6761,0.12598774,22.0,8.0,6.0,1.0
26.864141,43.4476,729.9716,0.12754427,22.0,9.0,6.0,1.0
26.867178,43.501663,730.22546,0.12941596,22.0,10.0,6.0,1.0
26.868357,43.560852,730.4809,0.13071391,22.0,11.0,6.0,1.0
26.871332,43.60854,730.70984,0.13246888,22.0,12.0,6.0,1.0
26.875187,43.65111,730.9479,0.1344436,22.0,13.0,6.0,1.0
26.88086,43.68228,731.2151,0.13688889,22.0,14.0,6.0,1.0
26.886791,43.709637,731.47845,0.1393655,22.0,15.0,6.0,1.0
26.892792,43.731983,731.7266,0.14178696,22.0,16.0,6.0,1.0
26.802263,42.652657,722.98065,0.100628346,21.0,58.0,6.0,1.0
26.815176,42.77658,726.7664,0.10262664,21.0,59.0,6.0,1.0
26.82479,42.858994,727.839,0.10472527,22.0,0.0,6.0,1.0
26.828032,42.919403,728.0518,0.10676321,22.0,1.0,6.0,1.0
26.831266,42.98239,728.275,0.108840875,22.0,2.0,6.0,1.0
26.834583,43.04685,728.5018,0.11097287,22.0,3.0,6.0,1.0
26.839102,43.10497,728.7074,0.113440014,22.0,4.0,6.0,1.0
26.845467,43.155373,728.8828,0.11647674,22.0,5.0,6.0,1.0
26.849623,43.211697,729.0618,0.11882608,22.0,6.0,6.0,1.0
26.855343,43.26234,729.2438,0.12163581,22.0,7.0,6.0,1.0
26.85969,43.32229,729.46857,0.124087155,22.0,8.0,6.0,1.0
26.861647,43.394707,729.7296,0.12587869,22.0,9.0,6.0,1.0
26.865025,43.45449,730.011,0.12795568,22.0,10.0,6.0,1.0
26.866476,43.51873,730.29144,0.12942328,22.0,11.0,6.0,1.0
26.869383,43.572723,730.53156,0.13125631,22.0,12.0,6.0,1.0
26.873495,43.618965,730.78906,0.13337521,22.0,13.0,6.0,1.0
26.879398,43.65396,731.00275,0.13596518,22.0,14.0,6.0,1.0
26.885534,43.68397,731.2779,0.1385529,22.0,15.0,6.0,1.0
26.891703,43.70853,731.545,0.14106502,22.0,16.0,6.0,1.0
26.894535,43.745872,731.86334,0.1425939,22.0,17.0,6.0,1.0
26.802845,42.652275,723.0102,0.100708164,21.0,59.0,6.0,1.0
26.817215,42.776386,726.8659,0.102911234,22.0,0.0,6.0,1.0
26.825453,42.855366,727.83636,0.104892634,22.0,1.0,6.0,1.0
26.828697,42.915337,728.04956,0.10692329,22.0,2.0,6.0,1.0
26.831797,42.978264,728.27026,0.10895419,22.0,3.0,6.0,1.0
26.83583,43.041718,728.5009,0.11131523,22.0,4.0,6.0,1.0
26.84128,43.1005,728.7041,0.11414226,22.0,5.0,6.0,1.0
26.845705,43.16217,728.902,0.11666795,22.0,6.0,6.0,1.0
26.851694,43.212578,729.0741,0.11957412,22.0,7.0,6.0,1.0
26.856884,43.26905,729.2743,0.12228347,22.0,8.0,6.0,1.0
26.85941,43.34274,729.535,0.124301024,22.0,9.0,6.0,1.0
26.863302,43.405865,729.79016,0.12662764,22.0,10.0,6.0,1.0
26.865057,43.475697,730.0986,0.12828337,22.0,11.0,6.0,1.0
26.86825,43.534554,730.3629,0.13028924,22.0,12.0,6.0,1.0
26.87242,43.586292,730.6354,0.1325154,22.0,13.0,6.0,1.0
26.878574,43.62473,730.8681,0.13524367,22.0,14.0,6.0,1.0
26.884892,43.658497,731.08826,0.13795803,22.0,15.0,6.0,1.0
26.891214,43.685555,731.37634,0.14055954,22.0,16.0,6.0,1.0
26.89419,43.724792,731.71075,0.14216614,22.0,17.0,6.0,1.0
26.896404,43.764164,732.01556,0.1435144,22.0,18.0,6.0,1.0
26.803852,42.655186,723.1215,0.100859866,22.0,0.0,6.0,1.0
26.815773,42.764427,726.59216,0.10266511,22.0,1.0,6.0,1.0
26.824816,42.844772,727.7955,0.104514785,22.0,2.0,6.0,1.0
26.827805,42.901226,727.9957,0.106403425,22.0,3.0,6.0,1.0
26.831184,42.954346,728.1891,0.10837468,22.0,4.0,6.0,1.0
26.834871,43.018635,728.42,0.110630386,22.0,5.0,6.0,1.0
26.837355,43.086628,728.64087,0.11254051,22.0,6.0,6.0,1.0
26.842888,43.13979,728.82007,0.11532547,22.0,7.0,6.0,1.0
26.847853,43.19186,728.9929,0.117893256,22.0,8.0,6.0,1.0
26.850918,43.254395,729.191,0.11995085,22.0,9.0,6.0,1.0
26.855577,43.310047,729.3972,0.12245178,22.0,10.0,6.0,1.0
26.857647,43.38021,729.65076,0.12424972,22.0,11.0,6.0,1.0
26.861147,43.44476,729.931,0.12645091,22.0,12.0,6.0,1.0
26.8652,43.505806,730.22284,0.12878399,22.0,13.0,6.0,1.0
26.87112,43.55469,730.4613,0.13160571,22.0,14.0,6.0,1.0
26.878128,43.59319,730.7086,0.13463113,22.0,15.0,6.0,1.0
26.885141,43.62546,730.9391,0.13755883,22.0,16.0,6.0,1.0
26.888437,43.67082,731.23364,0.13937454,22.0,17.0,6.0,1.0
26.890917,43.715183,731.58246,0.14088693,22.0,18.0,6.0,1.0
26.89347,43.755123,731.9038,0.14235958,22.0,19.0,6.0,1.0
26.804564,42.653603,723.1333,0.10095388,22.0,1.0,6.0,1.0
26.816572,42.763103,726.6109,0.10276771,22.0,2.0,6.0,1.0
26.825138,42.841793,727.7863,0.10457889,22.0,3.0,6.0,1.0
26.828693,42.895782,727.9887,0.10662019,22.0,4.0,6.0,1.0
26.83192,42.951824,728.1871,0.10858626,22.0,5.0,6.0,1.0
26.834536,43.0236,728.42395,0.11059925,22.0,6.0,6.0,1.0
26.838154,43.08544,728.63544,0.1128091,22.0,7.0,6.0,1.0
26.84329,43.140663,728.8203,0.11548422,22.0,8.0,6.0,1.0
26.846285,43.203564,729.0132,0.11752571,22.0,9.0,6.0,1.0
26.85136,43.254528,729.19116,0.12011119,22.0,10.0,6.0,1.0
26.854017,43.32009,729.416,0.122059025,22.0,11.0,6.0,1.0
26.857979,43.383965,729.65674,0.12443043,22.0,12.0,6.0,1.0
26.862339,43.44994,729.9584,0.12695009,22.0,13.0,6.0,1.0
26.868343,43.504723,730.2131,0.1298942,22.0,14.0,6.0,1.0
26.875404,43.548824,730.47406,0.13302672,22.0,15.0,6.0,1.0
26.882757,43.584423,730.7257,0.13612112,22.0,16.0,6.0,1.0
26.886244,43.633667,730.9906,0.13806508,22.0,17.0,6.0,1.0
26.888876,43.68164,731.3037,0.13968949,22.0,18.0,6.0,1.0
26.891592,43.7242,731.6489,0.14125651,22.0,19.0,6.0,1.0
26.897243,43.750263,731.8937,0.14361852,22.0,20.0,6.0,1.0
26.809399,42.648598,723.59045,0.10149452,22.0,2.0,6.0,1.0
26.820488,42.751797,726.79004,0.103190705,22.0,3.0,6.0,1.0
26.827738,42.821922,727.78986,0.105119765,22.0,4.0,6.0,1.0
26.831074,42.878677,727.9848,0.107144356,22.0,5.0,6.0,1.0
26.83336,42.943977,728.18884,0.10894597,22.0,6.0,6.0,1.0
26.83678,43.011124,728.42145,0.111159936,22.0,7.0,6.0,1.0
26.84167,43.070282,728.61597,0.11381087,22.0,8.0,6.0,1.0
26.844595,43.137264,728.8216,0.11588997,22.0,9.0,6.0,1.0
26.849642,43.188652,728.9939,0.11847551,22.0,10.0,6.0,1.0
26.852676,43.249393,729.18756,0.120494,22.0,11.0,6.0,1.0
26.857172,43.309235,729.4012,0.1230047,22.0,12.0,6.0,1.0
26.86192,43.375423,729.66174,0.12568408,22.0,13.0,6.0,1.0
26.868176,43.435394,729.9265,0.128799,22.0,14.0,6.0,1.0
26.87544,43.484417,730.21094,0.13207662,22.0,15.0,6.0,1.0
26.88304,43.52416,730.4856,0.13531792,22.0,16.0,6.0,1.0
26.886662,43.57738,730.77106,0.13736643,22.0,17.0,6.0,1.0
26.889381,43.62976,731.0289,0.13909474,22.0,18.0,6.0,1.0
26.89219,43.676064,731.34814,0.14075442,22.0,19.0,6.0,1.0
26.898,43.704884,731.61554,0.14321208,22.0,20.0,6.0,1.0
26.902739,43.73496,731.888,0.14530808,22.0,21.0,6.0,1.0
26.812344,42.649223,723.927,0.1018408,22.0,3.0,6.0,1.0
26.824444,42.750465,727.04175,0.10369374,22.0,4.0,6.0,1.0
26.829466,42.816467,727.81134,0.10560189,22.0,5.0,6.0,1.0
26.831867,42.880974,728.0047,0.107444555,22.0,6.0,6.0,1.0
26.835037,42.941082,728.2021,0.1094677,22.0,7.0,6.0,1.0
26.839111,43.00709,728.42053,0.111923,22.0,8.0,6.0,1.0
26.841944,43.0769,728.6356,0.11401117,22.0,9.0,6.0,1.0
26.846899,43.131775,728.8197,0.116616696,22.0,10.0,6.0,1.0
26.849928,43.192036,729.00476,0.118629135,22.0,11.0,6.0,1.0
26.854887,43.24678,729.1879,0.12123751,22.0,12.0,6.0,1.0
26.860235,43.30849,729.4205,0.124072716,22.0,13.0,6.0,1.0
26.86693,43.369034,729.657,0.12736595,22.0,14.0,6.0,1.0
26.874268,43.424126,729.93567,0.13077293,22.0,15.0,6.0,1.0
26.88216,43.467945,730.23474,0.1341756,22.0,16.0,6.0,1.0
26.885944,43.52518,730.5422,0.13633852,22.0,17.0,6.0,1.0
26.888794,43.581177,730.8191,0.13816513,22.0,18.0,6.0,1.0
26.891712,43.631695,731.0741,0.13993387,22.0,19.0,6.0,1.0
26.897715,43.663635,731.33093,0.14250739,22.0,20.0,6.0,1.0
26.902613,43.696266,731.62573,0.1446968,22.0,21.0,6.0,1.0
26.906193,43.731686,731.92596,0.14646488,22.0,22.0,6.0,1.0
26.814314,42.64657,724.0484,0.10207486,22.0,4.0,6.0,1.0
26.825954,42.750736,727.1364,0.10391839,22.0,5.0,6.0,1.0
26.82925,42.820885,727.81335,0.10560459,22.0,6.0,6.0,1.0
26.832432,42.87907,728.00714,0.10760342,22.0,7.0,6.0,1.0
26.835283,42.94069,728.2006,0.1095466,22.0,8.0,6.0,1.0
26.837393,43.017277,728.4363,0.11147749,22.0,9.0,6.0,1.0
26.842405,43.074375,728.6293,0.11413678,22.0,10.0,6.0,1.0
26.845282,43.138092,728.826,0.1161466,22.0,11.0,6.0,1.0
26.850243,43.192085,728.99976,0.118746765,22.0,12.0,6.0,1.0
26.85628,43.246742,729.19293,0.121730804,22.0,13.0,6.0,1.0
26.86372,43.303272,729.40485,0.12523767,22.0,14.0,6.0,1.0
26.870998,43.362423,729.6451,0.12871253,22.0,15.0,6.0,1.0
26.879356,43.410595,729.9392,0.13235407,22.0,16.0,6.0,1.0
26.883373,43.47236,730.27313,0.13466312,22.0,17.0,6.0,1.0
26.886414,43.532505,730.5733,0.13661565,22.0,18.0,6.0,1.0
26.889523,43.586803,730.8495,0.13850537,22.0,19.0,6.0,1.0
26.895802,43.622513,731.0712,0.14123641,22.0,20.0,6.0,1.0
26.900925,43.65874,731.32794,0.14356366,22.0,21.0,6.0,1.0
26.904697,43.69693,731.6534,0.1454379,22.0,22.0,6.0,1.0
26.910088,43.721714,731.9039,0.14768326,22.0,23.0,6.0,1.0
26.812885,42.64829,723.8896,0.10192575,22.0,5.0,6.0,1.0
26.82261,42.75558,726.94904,0.103497185,22.0,6.0,6.0,1.0
26.828215,42.82378,727.7994,0.10530974,22.0,7.0,6.0,1.0
26.830988,42.88219,727.98834,0.10717463,22.0,8.0,6.0,1.0
26.832663,42.951256,728.19824,0.10882578,22.0,9.0,6.0,1.0
26.83573,43.01796,728.42896,0.110910274,22.0,10.0,6.0,1.0
26.837606,43.086983,728.6441,0.11263379,22.0,11.0,6.0,1.0
26.842468,43.144543,728.82837,0.11525355,22.0,12.0,6.0,1.0
26.84848,43.198765,729.01263,0.1182251,22.0,13.0,6.0,1.0
26.856815,43.249294,729.1912,0.12196916,22.0,14.0,6.0,1.0
26.864937,43.30451,729.40125,0.1256974,22.0,15.0,6.0,1.0
26.872969,43.359074,729.65234,0.12935479,22.0,16.0,6.0,1.0
26.877398,43.42565,729.97876,0.13189179,22.0,17.0,6.0,1.0
26.880726,43.49041,730.3056,0.13401195,22.0,18.0,6.0,1.0
26.884127,43.54888,730.6062,0.1360643,22.0,19.0,6.0,1.0
26.890835,43.587982,730.84973,0.13899472,22.0,20.0,6.0,1.0
26.896313,43.627876,731.08673,0.14150387,22.0,21.0,6.0,1.0
26.900372,43.669758,731.37823,0.14353795,22.0,22.0,6.0,1.0
26.906113,43.696987,731.65375,0.14594062,22.0,23.0,6.0,1.0
26.912214,43.716778,731.88934,0.14835915,22.0,24.0,6.0,1.0
26.813211,42.641422,723.78845,0.10193945,22.0,6.0,6.0,1.0
26.824343,42.745956,726.94476,0.10366624,22.0,7.0,6.0,1.0
26.828913,42.815178,727.79175,0.10540157,22.0,8.0,6.0,1.0
26.830713,42.88198,727.979,0.1070828,22.0,9.0,6.0,1.0
26.833456,42.940628,728.17676,0.10892807,22.0,10.0,6.0,1.0
26.835339,43.013367,728.4073,0.11070823,22.0,11.0,6.0,1.0
26.838778,43.07713,728.61304,0.112901,22.0,12.0,6.0,1.0
26.84482,43.13475,728.80975,0.11593434,22.0,13.0,6.0,1.0
26.853249,43.184914,728.98016,0.119708456,22.0,14.0,6.0,1.0
26.862074,43.23414,729.15594,0.12360639,22.0,15.0,6.0,1.0
26.870512,43.28558,729.36035,0.1273848,22.0,16.0,6.0,1.0
26.875393,43.35138,729.6598,0.13008259,22.0,17.0,6.0,1.0
26.87897,43.421295,729.9768,0.13237976,22.0,18.0,6.0,1.0
26.88256,43.484753,730.3054,0.13456908,22.0,19.0,6.0,1.0
26.889593,43.528084,730.5742,0.13767385,22.0,20.0,6.0,1.0
26.895336,43.572018,730.8347,0.14033458,22.0,21.0,6.0,1.0
26.899586,43.618473,731.08856,0.14250854,22.0,22.0,6.0,1.0
26.905563,43.64984,731.31415,0.14506248,22.0,23.0,6.0,1.0
26.91192,43.672512,731.57745,0.14761037,22.0,24.0,6.0,1.0
26.913486,43.718822,731.9112,0.1488377,22.0,25.0,6.0,1.0
26.815691,42.634075,723.9104,0.10220399,22.0,7.0,6.0,1.0
26.826176,42.74332,727.0622,0.10393736,22.0,8.0,6.0,1.0
26.829086,42.819237,727.80286,0.1055257,22.0,9.0,6.0,1.0
26.831877,42.876472,727.98926,0.10737846,22.0,10.0,6.0,1.0
26.833536,42.941196,728.1778,0.108965345,22.0,11.0,6.0,1.0
26.836409,43.010403,728.4076,0.11102662,22.0,12.0,6.0,1.0
26.842073,43.071568,728.61334,0.11398074,22.0,13.0,6.0,1.0
26.850391,43.12528,728.79565,0.117768966,22.0,14.0,6.0,1.0
26.859539,43.174046,728.9647,0.12177629,22.0,15.0,6.0,1.0
26.868584,43.220207,729.1391,0.12569895,22.0,16.0,6.0,1.0
26.873795,43.28155,729.39215,0.12846819,22.0,17.0,6.0,1.0
26.87771,43.351505,729.69006,0.13089442,22.0,18.0,6.0,1.0
26.881523,43.419605,730.008,0.1332437,22.0,19.0,6.0,1.0
26.888847,43.46709,730.3015,0.1365095,22.0,20.0,6.0,1.0
26.894829,43.51503,730.5852,0.13931108,22.0,21.0,6.0,1.0
26.899261,43.56539,730.86066,0.1416049,22.0,22.0,6.0,1.0
26.905462,43.600334,731.08984,0.14429097,22.0,23.0,6.0,1.0
26.912025,43.62692,731.29126,0.1469771,22.0,24.0,6.0,1.0
26.91367,43.676685,731.6277,0.14828405,22.0,25.0,6.0,1.0
26.915989,43.717045,731.93616,0.14968556,22.0,26.0,6.0,1.0
26.817804,42.639484,724.2545,0.10246892,22.0,8.0,6.0,1.0
26.826662,42.75743,727.2696,0.10414035,22.0,9.0,6.0,1.0
26.830158,42.819546,727.8243,0.10588561,22.0,10.0,6.0,1.0
26.831919,42.883236,728.00256,0.10750328,22.0,11.0,6.0,1.0
26.83458,42.944187,728.19183,0.10937009,22.0,12.0,6.0,1.0
26.839315,43.012714,728.425,0.11209249,22.0,13.0,6.0,1.0
26.847471,43.068943,728.6159,0.11586107,22.0,14.0,6.0,1.0
26.85678,43.120342,728.7948,0.1199649,22.0,15.0,6.0,1.0
26.866158,43.165394,728.9606,0.123991914,22.0,16.0,6.0,1.0
26.871492,43.223022,729.17035,0.12676737,22.0,17.0,6.0,1.0
26.875937,43.287426,729.4358,0.1293089,22.0,18.0,6.0,1.0
26.880072,43.356014,729.7355,0.13178745,22.0,19.0,6.0,1.0
26.887743,43.40743,730.02167,0.1352454,22.0,20.0,6.0,1.0
26.893972,43.459255,730.32874,0.13818817,22.0,21.0,6.0,1.0
26.89859,43.513493,730.62646,0.14060323,22.0,22.0,6.0,1.0
26.905035,43.551834,730.876,0.14342287,22.0,23.0,6.0,1.0
26.91184,43.581455,731.0959,0.14623751,22.0,24.0,6.0,1.0
26.913546,43.63578,731.34143,0.1476445,22.0,25.0,6.0,1.0
26.915966,43.678986,731.6711,0.14912303,22.0,26.0,6.0,1.0
26.919037,43.716393,731.97876,0.15074115,22.0,27.0,6.0,1.0
26.815956,42.656357,724.3818,0.10231615,22.0,9.0,6.0,1.0
26.826284,42.76001,727.25507,0.10407242,22.0,10.0,6.0,1.0
26.828756,42.82717,727.8113,0.1055469,22.0,11.0,6.0,1.0
26.83134,42.885567,727.99274,0.10735232,22.0,12.0,6.0,1.0
26.834719,42.94983,728.2087,0.10950706,22.0,13.0,6.0,1.0
26.841822,43.013657,728.42456,0.11300554,22.0,14.0,6.0,1.0
26.850851,43.06803,728.61346,0.11705492,22.0,15.0,6.0,1.0
26.860594,43.115456,728.78925,0.121246204,22.0,16.0,6.0,1.0
26.86605,43.17209,728.97906,0.1240589,22.0,17.0,6.0,1.0
26.870386,43.233955,729.18506,0.12655388,22.0,18.0,6.0,1.0
26.875128,43.29749,729.4555,0.12918225,22.0,19.0,6.0,1.0
26.883387,43.349636,729.73785,0.13286243,22.0,20.0,6.0,1.0
26.890072,43.40569,730.0307,0.13604216,22.0,21.0,6.0,1.0
26.895002,43.464264,730.3549,0.13862805,22.0,22.0,6.0,1.0
26.901842,43.50633,730.6288,0.14163889,22.0,23.0,6.0,1.0
26.909048,43.53926,730.8711,0.14464039,22.0,24.0,6.0,1.0
26.910929,43.597534,731.1379,0.14616627,22.0,25.0,6.0,1.0
26.913517,43.645245,731.382,0.14778158,22.0,26.0,6.0,1.0
26.916805,43.68558,731.717,0.14951712,22.0,27.0,6.0,1.0
26.919197,43.726612,732.03937,0.15095079,22.0,28.0,6.0,1.0
26.819918,42.657097,724.8845,0.10276444,22.0,10.0,6.0,1.0
26.826908,42.751286,727.2476,0.10413865,22.0,11.0,6.0,1.0
26.83023,42.813374,727.8123,0.105809115,22.0,12.0,6.0,1.0
26.833643,42.876125,728.02075,0.10795984,22.0,13.0,6.0,1.0
26.840332,42.934307,728.2034,0.11123097,22.0,14.0,6.0,1.0
26.849403,42.993195,728.39984,0.115370415,22.0,15.0,6.0,1.0
26.85926,43.043022,728.5808,0.11964181,22.0,16.0,6.0,1.0
26.864721,43.10294,728.78156,0.12250555,22.0,17.0,6.0,1.0
26.869202,43.162754,728.9715,0.12502563,22.0,18.0,6.0,1.0
26.87441,43.21974,729.1992,0.12773603,22.0,19.0,6.0,1.0
26.883307,43.268147,729.45917,0.13159353,22.0,20.0,6.0,1.0
26.89038,43.325283,729.74994,0.13493069,22.0,21.0,6.0,1.0
26.895578,43.388943,730.0514,0.13770507,22.0,22.0,6.0,1.0
26.902668,43.435658,730.3514,0.14087042,22.0,23.0,6.0,1.0
26.910126,43.472855,730.61774,0.14402118,22.0,24.0,6.0,1.0
26.912083,43.53567,730.90674,0.14564082,22.0,25.0,6.0,1.0
26.914766,43.58755,731.15906,0.14735064,22.0,26.0,6.0,1.0
26.918129,43.6329,731.40094,0.14919947,22.0,27.0,6.0,1.0
26.920597,43.677383,731.7505,0.15070935,22.0,28.0,6.0,1.0
26.925407,43.703785,732.00964,0.15277398,22.0,29.0,6.0,1.0
26.81952,42.65359,724.78284,0.10270178,22.0,11.0,6.0,1.0
26.827768,42.74506,727.26276,0.104305945,22.0,12.0,6.0,1.0
26.831905,42.81144,727.8415,0.10633305,22.0,13.0,6.0,1.0
26.837738,42.869823,728.0313,0.109290086,22.0,14.0,6.0,1.0
26.846405,42.92383,728.2104,0.113207854,22.0,15.0,6.0,1.0
26.856377,42.978134,728.40485,0.11758928,22.0,16.0,6.0,1.0
26.862041,43.0389,728.5858,0.120559566,22.0,17.0,6.0,1.0
26.866528,43.101494,728.78534,0.123123445,22.0,18.0,6.0,1.0
26.871553,43.15798,728.9824,0.12577581,22.0,19.0,6.0,1.0
26.881166,43.20041,729.2125,0.12980577,22.0,20.0,6.0,1.0
26.888924,43.252556,729.4756,0.13331996,22.0,21.0,6.0,1.0
26.894506,43.317127,729.77765,0.13624562,22.0,22.0,6.0,1.0
26.90199,43.368435,730.05896,0.13963479,22.0,23.0,6.0,1.0
26.909782,43.4099,730.3465,0.14296596,22.0,24.0,6.0,1.0
26.91186,43.47746,730.6599,0.14469545,22.0,25.0,6.0,1.0
26.914684,43.53348,730.9341,0.1465148,22.0,26.0,6.0,1.0
26.918201,43.582783,731.1906,0.14847621,22.0,27.0,6.0,1.0
26.920761,43.63216,731.4496,0.15010297,22.0,28.0,6.0,1.0
26.92575,43.661514,731.73474,0.15227209,22.0,29.0,6.0,1.0
26.927807,43.703903,732.0556,0.15361072,22.0,30.0,6.0,1.0
26.820362,42.63681,724.49475,0.10275459,22.0,12.0,6.0,1.0
26.829988,42.74523,727.5071,0.10481573,22.0,13.0,6.0,1.0
26.835411,42.802372,727.8463,0.107401356,22.0,14.0,6.0,1.0
26.843884,42.852837,728.01984,0.11119105,22.0,15.0,6.0,1.0
26.853418,42.90328,728.2015,0.11535448,22.0,16.0,6.0,1.0
26.859074,42.969147,728.40375,0.118394844,22.0,17.0,6.0,1.0
26.863731,43.032413,728.58014,0.12105189,22.0,18.0,6.0,1.0
26.868526,43.09336,728.772,0.123703286,22.0,19.0,6.0,1.0
26.878437,43.13364,728.9831,0.12781285,22.0,20.0,6.0,1.0
26.886887,43.179573,729.2145,0.13148785,22.0,21.0,6.0,1.0
26.89318,43.23811,729.48254,0.13458633,22.0,22.0,6.0,1.0
26.901175,43.290257,729.7701,0.1381676,22.0,23.0,6.0,1.0
26.909409,43.336536,730.0478,0.14173849,22.0,24.0,6.0,1.0
26.911648,43.409573,730.36945,0.14361271,22.0,25.0,6.0,1.0
26.914627,43.470497,730.66974,0.14555733,22.0,26.0,6.0,1.0
26.918327,43.524345,730.9507,0.14764792,22.0,27.0,6.0,1.0
26.92102,43.57825,731.21564,0.14938946,22.0,28.0,6.0,1.0
26.926191,43.61225,731.42816,0.15170039,22.0,29.0,6.0,1.0
26.928349,43.658363,731.76294,0.15312971,22.0,30.0,6.0,1.0
26.931253,43.69272,732.0506,0.15464376,22.0,31.0,6.0,1.0
26.821993,42.652176,725.00287,0.10299513,22.0,13.0,6.0,1.0
26.831598,42.747894,727.6047,0.105300896,22.0,14.0,6.0,1.0
26.839003,42.796288,727.8414,0.1085785,22.0,15.0,6.0,1.0
26.847956,42.842583,728.0134,0.11246715,22.0,16.0,6.0,1.0
26.853333,42.904305,728.20404,0.11534033,22.0,17.0,6.0,1.0
26.857975,42.97195,728.40045,0.11805402,22.0,18.0,6.0,1.0
26.862947,43.033455,728.57605,0.12079424,22.0,19.0,6.0,1.0
26.872292,43.081448,728.7646,0.12484783,22.0,20.0,6.0,1.0
26.881151,43.124836,728.9812,0.12863286,22.0,21.0,6.0,1.0
26.88816,43.176968,729.2171,0.13189633,22.0,22.0,6.0,1.0
26.897085,43.223145,729.47473,0.13572735,22.0,23.0,6.0,1.0
26.906036,43.26875,729.7546,0.13954118,22.0,24.0,6.0,1.0
26.908567,43.347458,730.0668,0.14161646,22.0,25.0,6.0,1.0
26.911833,43.41349,730.3791,0.14374135,22.0,26.0,6.0,1.0
26.915821,43.47226,730.68854,0.14600353,22.0,27.0,6.0,1.0
26.918758,43.530815,730.97943,0.14789687,22.0,28.0,6.0,1.0
26.924265,43.568584,731.2149,0.15037978,22.0,29.0,6.0,1.0
26.926592,43.619873,731.4597,0.15195705,22.0,30.0,6.0,1.0
26.929712,43.65741,731.7764,0.15359169,22.0,31.0,6.0,1.0
26.93436,43.681107,732.024,0.15555756,22.0,32.0,6.0,1.0
26.82609,42.665222,725.6817,0.103753336,22.0,14.0,6.0,1.0
26.836231,42.740944,727.68304,0.106721975,22.0,15.0,6.0,1.0
26.844906,42.78006,727.834,0.11040276,22.0,16.0,6.0,1.0
26.84978,42.837543,728.0143,0.113027744,22.0,17.0,6.0,1.0
26.85404,42.901123,728.19824,0.11554017,22.0,18.0,6.0,1.0
26.858965,42.967247,728.3947,0.11832863,22.0,19.0,6.0,1.0
26.867933,43.01986,728.56537,0.122341044,22.0,20.0,6.0,1.0
26.8771,43.06499,728.7753,0.12627234,22.0,21.0,6.0,1.0
26.88446,43.114597,728.9872,0.12963383,22.0,22.0,6.0,1.0
26.894125,43.15528,729.21857,0.13365054,22.0,23.0,6.0,1.0
26.903965,43.195293,729.4702,0.1377054,22.0,24.0,6.0,1.0
26.906916,43.27293,729.7757,0.13991527,22.0,25.0,6.0,1.0
26.910471,43.344368,730.07776,0.14223629,22.0,26.0,6.0,1.0
26.914747,43.40838,730.39795,0.14468259,22.0,27.0,6.0,1.0
26.91788,43.472202,730.7174,0.14672062,22.0,28.0,6.0,1.0
26.923687,43.51427,730.9782,0.14937025,22.0,29.0,6.0,1.0
26.926176,43.570023,731.24615,0.1510693,22.0,30.0,6.0,1.0
26.929445,43.61258,731.47186,0.15284283,22.0,31.0,6.0,1.0
26.934313,43.639423,731.74115,0.15492985,22.0,32.0,6.0,1.0
26.936146,43.679302,732.05493,0.15614888,22.0,33.0,6.0,1.0
26.829842,42.681,726.42737,0.10466266,22.0,15.0,6.0,1.0
26.841476,42.727978,727.6795,0.1083668,22.0,16.0,6.0,1.0
26.845825,42.778526,727.8386,0.11070069,22.0,17.0,6.0,1.0
26.849598,42.837017,728.0095,0.11295787,22.0,18.0,6.0,1.0
26.854156,42.898563,728.19214,0.115541495,22.0,19.0,6.0,1.0
26.863277,42.95574,728.3841,0.11967198,22.0,20.0,6.0,1.0
26.871847,43.00639,728.57837,0.12349525,22.0,21.0,6.0,1.0
26.879425,43.057972,728.7861,0.12697363,22.0,22.0,6.0,1.0
26.889633,43.095966,728.99347,0.13115498,22.0,23.0,6.0,1.0
26.900312,43.130444,729.2165,0.13543124,22.0,24.0,6.0,1.0
26.903927,43.20224,729.48694,0.13780198,22.0,25.0,6.0,1.0
26.907959,43.272713,729.78455,0.14027974,22.0,26.0,6.0,1.0
26.912615,43.342266,730.0977,0.14295383,22.0,27.0,6.0,1.0
26.91603,43.4116,730.4289,0.14517857,22.0,28.0,6.0,1.0
26.922209,43.45828,730.71796,0.14802442,22.0,29.0,6.0,1.0
26.924902,43.519043,731.0127,0.14986669,22.0,30.0,6.0,1.0
26.928402,43.565777,731.26166,0.1517811,22.0,31.0,6.0,1.0
26.933523,43.59703,731.46783,0.15403125,22.0,32.0,6.0,1.0
26.9355,43.640724,731.78143,0.15535791,22.0,33.0,6.0,1.0
26.935661,43.690884,732.1077,0.15615554,22.0,34.0,6.0,1.0
26.835745,42.690582,727.11664,0.10626519,22.0,16.0,6.0,1.0
26.84212,42.731045,727.6949,0.1086399,22.0,17.0,6.0,1.0
26.845427,42.78247,727.845,0.11062384,22.0,18.0,6.0,1.0
26.8495,42.838905,728.01465,0.11295283,22.0,19.0,6.0,1.0
26.858438,42.890533,728.18915,0.11693031,22.0,20.0,6.0,1.0
26.866455,42.95023,728.38556,0.12070821,22.0,21.0,6.0,1.0
26.874012,43.00376,728.5978,0.12421052,22.0,22.0,6.0,1.0
26.8845,43.043854,728.81433,0.12852207,22.0,23.0,6.0,1.0
26.8957,43.076145,729.0235,0.13295561,22.0,24.0,6.0,1.0
26.89998,43.142303,729.2445,0.13550203,22.0,25.0,6.0,1.0
26.904701,43.207375,729.5107,0.13815399,22.0,26.0,6.0,1.0
26.909874,43.276615,729.8239,0.14100683,22.0,27.0,6.0,1.0
26.913635,43.351456,730.14404,0.14344943,22.0,28.0,6.0,1.0
26.920235,43.402782,730.4506,0.1465139,22.0,29.0,6.0,1.0
26.923159,43.468555,730.7729,0.14850965,22.0,30.0,6.0,1.0
26.92691,43.519653,731.04645,0.15057464,22.0,31.0,6.0,1.0
26.932335,43.554527,731.2743,0.1529833,22.0,32.0,6.0,1.0
26.934452,43.60303,731.51166,0.15444112,22.0,33.0,6.0,1.0
26.934706,43.656708,731.8592,0.15532215,22.0,34.0,6.0,1.0
26.938362,43.682976,732.0972,0.15698245,22.0,35.0,6.0,1.0
26.836609,42.69731,727.28534,0.106513076,22.0,17.0,6.0,1.0
26.84163,42.734024,727.69714,0.1085169,22.0,18.0,6.0,1.0
26.845272,42.78335,727.8459,0.110583365,22.0,19.0,6.0,1.0
26.853813,42.828823,728.00366,0.11432187,22.0,20.0,6.0,1.0
26.861635,42.88354,728.18555,0.11795014,22.0,21.0,6.0,1.0
26.86853,42.94654,728.3993,0.121376425,22.0,22.0,6.0,1.0
26.879185,42.987995,728.62244,0.12576616,22.0,23.0,6.0,1.0
26.890724,43.02211,728.84106,0.13034752,22.0,24.0,6.0,1.0
26.895245,43.08613,729.03625,0.13295934,22.0,25.0,6.0,1.0
26.90066,43.145523,729.2588,0.13579214,22.0,26.0,6.0,1.0
26.906626,43.208874,729.53906,0.13884988,22.0,27.0,6.0,1.0
26.910854,43.284367,729.8632,0.14146748,22.0,28.0,6.0,1.0
26.917973,43.34073,730.1624,0.14480124,22.0,29.0,6.0,1.0
26.92118,43.41204,730.49963,0.14698304,22.0,30.0,6.0,1.0
26.92522,43.467953,730.8012,0.14921825,22.0,31.0,6.0,1.0
26.930996,43.5069,731.05414,0.15180807,22.0,32.0,6.0,1.0
26.9333,43.559772,731.3149,0.15339413,22.0,33.0,6.0,1.0
26.933624,43.618713,731.578,0.15439054,22.0,34.0,6.0,1.0
26.937502,43.647858,731.8422,0.15616849,22.0,35.0,6.0,1.0
26.938995,43.68578,732.1191,0.15724736,22.0,36.0,6.0,1.0
26.831348,42.715508,727.14185,0.10512837,22.0,18.0,6.0,1.0
26.837164,42.750633,727.7169,0.107203506,22.0,19.0,6.0,1.0
26.84505,42.78776,727.8536,0.11057739,22.0,20.0,6.0,1.0
26.852499,42.83487,728.0152,0.11395112,22.0,21.0,6.0,1.0
26.858938,42.89464,728.2043,0.1171715,22.0,22.0,6.0,1.0
26.868666,42.947994,728.4098,0.12144309,22.0,23.0,6.0,1.0
26.880636,42.98276,728.6356,0.12618493,22.0,24.0,6.0,1.0
26.885271,43.04982,728.83923,0.12888627,22.0,25.0,6.0,1.0
26.891146,43.106415,729.0356,0.13185142,22.0,26.0,6.0,1.0
26.897945,43.165066,729.29254,0.13514094,22.0,27.0,6.0,1.0
26.90297,43.237526,729.5984,0.13800333,22.0,28.0,6.0,1.0
26.910881,43.29494,729.9078,0.1416325,22.0,29.0,6.0,1.0
26.914597,43.371796,730.23584,0.1440894,22.0,30.0,6.0,1.0
26.919117,43.432472,730.5666,0.1465613,22.0,31.0,6.0,1.0
26.925457,43.475307,730.8456,0.1494039,22.0,32.0,6.0,1.0
26.92812,43.53239,731.13055,0.15117805,22.0,33.0,6.0,1.0
26.928679,43.59572,731.39215,0.15232278,22.0,34.0,6.0,1.0
26.932924,43.628105,731.6306,0.15428342,22.0,35.0,6.0,1.0
26.934683,43.668766,731.9312,0.15549393,22.0,36.0,6.0,1.0
26.937263,43.69443,732.1465,0.15677088,22.0,37.0,6.0,1.0
26.829927,42.72129,727.0914,0.104791656,22.0,19.0,6.0,1.0
26.839247,42.75281,727.71906,0.10798345,22.0,20.0,6.0,1.0
26.846167,42.793007,727.8607,0.11106314,22.0,21.0,6.0,1.0
26.852285,42.845886,728.03156,0.114058346,22.0,22.0,6.0,1.0
26.861595,42.896107,728.21234,0.11813982,22.0,23.0,6.0,1.0
26.873108,42.939297,728.4363,0.1228619,22.0,24.0,6.0,1.0
26.877626,43.00824,728.6443,0.12555185,22.0,25.0,6.0,1.0
26.88358,43.067047,728.8472,0.12857899,22.0,26.0,6.0,1.0
26.890942,43.12066,729.06274,0.13201015,22.0,27.0,6.0,1.0
26.896807,43.185566,729.3308,0.13506718,22.0,28.0,6.0,1.0
26.905605,43.23991,729.62823,0.13896906,22.0,29.0,6.0,1.0
26.909819,43.3188,729.96344,0.1416338,22.0,30.0,6.0,1.0
26.91484,43.38454,730.2799,0.14437252,22.0,31.0,6.0,1.0
26.921705,43.431694,730.5897,0.14745905,22.0,32.0,6.0,1.0
26.924679,43.493565,730.9033,0.14940988,22.0,33.0,6.0,1.0
26.925417,43.56168,731.1902,0.15068692,22.0,34.0,6.0,1.0
26.93,43.59784,731.4048,0.15282556,22.0,35.0,6.0,1.0
26.931969,43.64236,731.6796,0.15417081,22.0,36.0,6.0,1.0
26.934795,43.670418,731.9169,0.15556772,22.0,37.0,6.0,1.0
26.936678,43.692917,732.0942,0.1565571,22.0,38.0,6.0,1.0
26.833965,42.718647,727.3316,0.10590717,22.0,20.0,6.0,1.0
26.843018,42.744617,727.7158,0.109185636,22.0,21.0,6.0,1.0
26.848778,42.791122,727.8676,0.11195641,22.0,22.0,6.0,1.0
26.857843,42.83417,728.02844,0.115837,22.0,23.0,6.0,1.0
26.868767,42.876637,728.2273,0.120348886,22.0,24.0,6.0,1.0
26.873116,42.951366,728.4567,0.12306375,22.0,25.0,6.0,1.0
26.878935,43.011646,728.66254,0.12606713,22.0,26.0,6.0,1.0
26.886438,43.067505,728.87964,0.1295886,22.0,27.0,6.0,1.0
26.892776,43.127155,729.0992,0.1327566,22.0,28.0,6.0,1.0
26.90254,43.17383,729.3605,0.13689446,22.0,29.0,6.0,1.0
26.907335,43.250443,729.6815,0.13973756,22.0,30.0,6.0,1.0
26.912819,43.318787,730.00244,0.14268106,22.0,31.0,6.0,1.0
26.920202,43.370895,730.30005,0.14603822,22.0,32.0,6.0,1.0
26.923416,43.438263,730.645,0.14815122,22.0,33.0,6.0,1.0
26.924273,43.511787,730.9593,0.14954884,22.0,34.0,6.0,1.0
26.929144,43.551987,731.19763,0.15184547,22.0,35.0,6.0,1.0
26.931252,43.60134,731.43024,0.153318,22.0,36.0,6.0,1.0
26.93425,43.633007,731.6461,0.15483226,22.0,37.0,6.0,1.0
26.936272,43.658108,731.8454,0.15590674,22.0,38.0,6.0,1.0
26.937225,43.6648,731.8843,0.15634635,22.0,39.0,6.0,1.0
26.838837,42.71346,727.54865,0.10730063,22.0,21.0,6.0,1.0
26.846155,42.74214,727.72736,0.11025293,22.0,22.0,6.0,1.0
26.85526,42.77884,727.8705,0.11405099,22.0,23.0,6.0,1.0
26.865648,42.81524,728.0361,0.118283786,22.0,24.0,6.0,1.0
26.86966,42.88942,728.2625,0.12086936,22.0,25.0,6.0,1.0
26.875362,42.954678,728.4874,0.12390447,22.0,26.0,6.0,1.0
26.882822,43.012196,728.70886,0.12743646,22.0,27.0,6.0,1.0
26.889261,43.073635,728.92566,0.1306754,22.0,28.0,6.0,1.0
26.89963,43.11559,729.1498,0.13497218,22.0,29.0,6.0,1.0
26.905203,43.184895,729.4264,0.1379977,22.0,30.0,6.0,1.0
26.911255,43.251446,729.73804,0.14111982,22.0,31.0,6.0,1.0
26.919144,43.30638,730.04706,0.14469784,22.0,32.0,6.0,1.0
26.922651,43.379246,730.3773,0.14701194,22.0,33.0,6.0,1.0
26.923616,43.458282,730.7197,0.14852639,22.0,34.0,6.0,1.0
26.928757,43.50268,730.9827,0.15097827,22.0,35.0,6.0,1.0
26.931013,43.55633,731.2378,0.15256432,22.0,36.0,6.0,1.0
26.934164,43.59191,731.4298,0.15419489,22.0,37.0,6.0,1.0
26.936293,43.620575,731.58746,0.15536596,22.0,38.0,6.0,1.0
26.937338,43.62916,731.64105,0.15586458,22.0,39.0,6.0,1.0
26.938213,43.613194,731.55853,0.15593538,22.0,40.0,6.0,1.0
26.842089,42.71214,727.62787,0.108341694,22.0,22.0,6.0,1.0
26.852692,42.729088,727.7286,0.11235474,22.0,23.0,6.0,1.0
26.862934,42.760494,727.8687,0.11646632,22.0,24.0,6.0,1.0
26.86646,42.82761,728.0693,0.118769586,22.0,25.0,6.0,1.0
26.871872,42.892815,728.29346,0.12170041,22.0,26.0,6.0,1.0
26.8793,42.955086,728.5339,0.12528938,22.0,27.0,6.0,1.0
26.885664,43.018578,728.7555,0.12853391,22.0,28.0,6.0,1.0
26.8963,43.061226,728.9821,0.13293633,22.0,29.0,6.0,1.0
26.90245,43.125393,729.2068,0.1361165,22.0,30.0,6.0,1.0
26.909311,43.185215,729.48016,0.1394376,22.0,31.0,6.0,1.0
26.91787,43.238743,729.78516,0.14323278,22.0,32.0,6.0,1.0
26.921701,43.315678,730.1188,0.1457276,22.0,33.0,6.0,1.0
26.922834,43.400528,730.4567,0.14740042,22.0,34.0,6.0,1.0
26.928274,43.449482,730.747,0.15002106,22.0,35.0,6.0,1.0
26.93069,43.507805,731.0269,0.1517315,22.0,36.0,6.0,1.0
26.93403,43.54716,731.23975,0.15348172,22.0,37.0,6.0,1.0
26.936293,43.579247,731.40247,0.15475081,22.0,38.0,6.0,1.0
26.93743,43.59035,731.4529,0.15532042,22.0,39.0,6.0,1.0
26.938393,43.57568,731.40515,0.15543802,22.0,40.0,6.0,1.0
26.940666,43.61073,731.59973,0.15674433,22.0,41.0,6.0,1.0
26.850786,42.68778,727.62177,0.11101878,22.0,23.0,6.0,1.0
26.862982,42.69618,727.7259,0.11544849,22.0,24.0,6.0,1.0
26.866348,42.757553,727.90643,0.11761016,22.0,25.0,6.0,1.0
26.87135,42.81583,728.1086,0.12028388,22.0,26.0,6.0,1.0
26.878546,42.879166,728.3519,0.12380672,22.0,27.0,6.0,1.0
26.88481,42.947765,728.5912,0.12709263,22.0,28.0,6.0,1.0
26.89553,42.992863,728.8253,0.13156359,22.0,29.0,6.0,1.0
26.901733,43.05761,729.04553,0.13477415,22.0,30.0,6.0,1.0
26.909197,43.11346,729.2742,0.13827513,22.0,31.0,6.0,1.0
26.918633,43.161285,729.5362,0.14231692,22.0,32.0,6.0,1.0
26.922852,43.237835,729.8657,0.14494573,22.0,33.0,6.0,1.0
26.924118,43.32858,730.19995,0.14676376,22.0,34.0,6.0,1.0
26.929794,43.382698,730.49677,0.14955194,22.0,35.0,6.0,1.0
26.932304,43.446194,730.8024,0.15136999,22.0,36.0,6.0,1.0
26.93569,43.49016,731.038,0.15320975,22.0,37.0,6.0,1.0
26.937773,43.52714,731.22314,0.15451027,22.0,38.0,6.0,1.0
26.938725,43.542084,731.2904,0.15509534,22.0,39.0,6.0,1.0
26.939049,43.532516,731.2639,0.15512645,22.0,40.0,6.0,1.0
26.94111,43.571613,731.47156,0.15642329,22.0,41.0,6.0,1.0
26.941998,43.613808,731.6704,0.15726909,22.0,42.0,6.0,1.0
26.86024,42.658226,727.609,0.1138795,22.0,24.0,6.0,1.0
26.865658,42.693806,727.7535,0.11634491,22.0,25.0,6.0,1.0
26.870436,42.74433,727.92834,0.11882403,22.0,26.0,6.0,1.0
26.877317,42.802013,728.15625,0.12214368,22.0,27.0,6.0,1.0
26.883324,42.872593,728.40173,0.12536706,22.0,28.0,6.0,1.0
26.894125,42.921738,728.6519,0.12992536,22.0,29.0,6.0,1.0
26.900278,42.98968,728.87976,0.13316879,22.0,30.0,6.0,1.0
26.907913,43.04431,729.0979,0.13671486,22.0,31.0,6.0,1.0
26.917616,43.09086,729.34235,0.14087029,22.0,32.0,6.0,1.0
26.921854,43.165417,729.62573,0.14360373,22.0,33.0,6.0,1.0
26.924437,43.252136,729.93994,0.14573,22.0,34.0,6.0,1.0
26.929037,43.318146,730.2617,0.14845201,22.0,35.0,6.0,1.0
26.931934,43.386497,730.56775,0.15045829,22.0,36.0,6.0,1.0
26.934994,43.43755,730.8361,0.15232149,22.0,37.0,6.0,1.0
26.937195,43.478878,731.0414,0.15371913,22.0,38.0,6.0,1.0
26.938232,43.49718,731.12335,0.15437782,22.0,39.0,6.0,1.0
26.938623,43.49023,731.1081,0.15446664,22.0,40.0,6.0,1.0
26.940742,43.532444,731.3298,0.15582,22.0,41.0,6.0,1.0
26.941652,43.577724,731.515,0.15671366,22.0,42.0,6.0,1.0
26.942745,43.612232,731.69946,0.15755655,22.0,43.0,6.0,1.0
26.860859,42.66736,727.6329,0.11424565,22.0,25.0,6.0,1.0
26.868044,42.692875,727.7769,0.11716627,22.0,26.0,6.0,1.0
26.874807,42.741627,727.97424,0.12030877,22.0,27.0,6.0,1.0
26.880558,42.80823,728.2099,0.123376496,22.0,28.0,6.0,1.0
26.89134,42.858772,728.46814,0.12794587,22.0,29.0,6.0,1.0
26.89743,42.93066,728.70966,0.13122614,22.0,30.0,6.0,1.0
26.905134,42.987698,728.93536,0.1348338,22.0,31.0,6.0,1.0
26.915154,43.031464,729.16376,0.13905329,22.0,32.0,6.0,1.0
26.919628,43.103443,729.4258,0.14188235,22.0,33.0,6.0,1.0
26.92251,43.1884,729.7002,0.14416666,22.0,34.0,6.0,1.0
26.927353,43.255753,730.0282,0.14701255,22.0,35.0,6.0,1.0
26.93041,43.330353,730.3309,0.14918356,22.0,36.0,6.0,1.0
26.933655,43.38664,730.61066,0.15119565,22.0,37.0,6.0,1.0
26.936031,43.432465,730.8393,0.15271363,22.0,38.0,6.0,1.0
26.937202,43.45436,730.93896,0.15346676,22.0,39.0,6.0,1.0
26.9377,43.450203,730.9376,0.15363166,22.0,40.0,6.0,1.0
26.9399,43.495228,731.1739,0.15504813,22.0,41.0,6.0,1.0
26.940859,43.54315,731.3712,0.15598956,22.0,42.0,6.0,1.0
26.942001,43.580254,731.5363,0.1568869,22.0,43.0,6.0,1.0
26.943245,43.61129,731.7186,0.1577509,22.0,44.0,6.0,1.0
26.862745,42.669987,727.65753,0.11495045,22.0,26.0,6.0,1.0
26.872303,42.695118,727.8319,0.11869213,22.0,27.0,6.0,1.0
26.878008,42.751675,728.03577,0.121588,22.0,28.0,6.0,1.0
26.888762,42.799576,728.29034,0.12610349,22.0,29.0,6.0,1.0
26.894743,42.875046,728.5459,0.12939683,22.0,30.0,6.0,1.0
26.902426,42.934258,728.7789,0.13302979,22.0,31.0,6.0,1.0
26.912733,42.980015,729.01324,0.13736518,22.0,32.0,6.0,1.0
26.917345,43.049534,729.2607,0.14021468,22.0,33.0,6.0,1.0
26.920456,43.12991,729.49194,0.14258723,22.0,34.0,6.0,1.0
26.925621,43.198177,729.8104,0.14560692,22.0,35.0,6.0,1.0
26.92887,43.27453,730.1198,0.14788319,22.0,36.0,6.0,1.0
26.932283,43.336212,730.3961,0.15005235,22.0,37.0,6.0,1.0
26.934814,43.386753,730.63477,0.15169875,22.0,38.0,6.0,1.0
26.936125,43.412415,730.7534,0.15255086,22.0,39.0,6.0,1.0
26.93674,43.41126,730.76746,0.152797,22.0,40.0,6.0,1.0
26.93902,43.45898,731.0182,0.15427394,22.0,41.0,6.0,1.0
26.940025,43.50947,731.2276,0.1552611,22.0,42.0,6.0,1.0
26.941225,43.548786,731.4034,0.15620597,22.0,43.0,6.0,1.0
26.942526,43.582237,731.5626,0.15712579,22.0,44.0,6.0,1.0
26.94484,43.604332,731.7244,0.1583469,22.0,45.0,6.0,1.0
26.863327,42.689247,727.7009,0.11546767,22.0,27.0,6.0,1.0
26.872318,42.721294,727.88727,0.11912129,22.0,28.0,6.0,1.0
26.883247,42.755913,728.1064,0.12348771,22.0,29.0,6.0,1.0
26.889149,42.830086,728.3609,0.12673113,22.0,30.0,6.0,1.0
26.896963,42.892998,728.61237,0.13046248,22.0,31.0,6.0,1.0
26.907616,42.939297,728.8534,0.13492557,22.0,32.0,6.0,1.0
26.913733,43.004025,729.07806,0.13810201,22.0,33.0,6.0,1.0
26.917028,43.083252,729.3026,0.14053665,22.0,34.0,6.0,1.0
26.922644,43.14667,729.58496,0.14373264,22.0,35.0,6.0,1.0
26.92621,43.224472,729.89374,0.14617845,22.0,36.0,6.0,1.0
26.92992,43.288403,730.18317,0.14850006,22.0,37.0,6.0,1.0
26.932669,43.343826,730.42126,0.1503156,22.0,38.0,6.0,1.0
26.934168,43.373474,730.5491,0.15130188,22.0,39.0,6.0,1.0
26.934967,43.37538,730.58105,0.15165661,22.0,40.0,6.0,1.0
26.937397,43.425613,730.84784,0.15322109,22.0,41.0,6.0,1.0
26.938498,43.47855,731.0706,0.15427434,22.0,42.0,6.0,1.0
26.939798,43.520008,731.25824,0.15528356,22.0,43.0,6.0,1.0
26.9412,43.555466,731.42865,0.15626757,22.0,44.0,6.0,1.0
26.943636,43.579487,731.5849,0.15756492,22.0,45.0,6.0,1.0
26.944664,43.61522,731.7926,0.15838872,22.0,46.0,6.0,1.0
26.865816,42.699528,727.75275,0.11650452,22.0,28.0,6.0,1.0
26.879793,42.709766,727.9477,0.12155048,22.0,29.0,6.0,1.0
26.885746,42.77283,728.1741,0.12463393,22.0,30.0,6.0,1.0
26.89338,42.83402,728.42096,0.12827322,22.0,31.0,6.0,1.0
26.904135,42.884644,728.68146,0.13283463,22.0,32.0,6.0,1.0
26.910265,42.951534,728.91266,0.13604952,22.0,33.0,6.0,1.0
26.913706,43.02943,729.125,0.13850798,22.0,34.0,6.0,1.0
26.919981,43.090603,729.399,0.14188533,22.0,35.0,6.0,1.0
26.92394,43.163376,729.64996,0.1445043,22.0,36.0,6.0,1.0
26.927929,43.230083,729.9514,0.14698128,22.0,37.0,6.0,1.0
26.930912,43.288338,730.20264,0.1489304,22.0,38.0,6.0,1.0
26.932604,43.323063,730.34656,0.15006089,22.0,39.0,6.0,1.0
26.933573,43.32915,730.39594,0.15053652,22.0,40.0,6.0,1.0
26.93607,43.382904,730.65063,0.15219258,22.0,41.0,6.0,1.0
26.937239,43.438866,730.88885,0.15330562,22.0,42.0,6.0,1.0
26.938622,43.482967,731.0903,0.15437654,22.0,43.0,6.0,1.0
26.940115,43.52092,731.27374,0.15542512,22.0,44.0,6.0,1.0
26.94268,43.54713,731.44257,0.15679944,22.0,45.0,6.0,1.0
26.943773,43.58577,731.61285,0.1576911,22.0,46.0,6.0,1.0
26.944777,43.619778,731.82513,0.15848571,22.0,47.0,6.0,1.0
26.871698,42.69682,727.81195,0.1185202,22.0,29.0,6.0,1.0
26.880827,42.732117,728.00696,0.12227338,22.0,30.0,6.0,1.0
26.88875,42.78399,728.2372,0.12586245,22.0,31.0,6.0,1.0
26.899555,42.833157,728.4973,0.13041621,22.0,32.0,6.0,1.0
26.905754,42.90386,728.7446,0.13370982,22.0,33.0,6.0,1.0
26.90917,42.984398,728.9636,0.1362022,22.0,34.0,6.0,1.0
26.916739,43.038944,729.2083,0.13984369,22.0,35.0,6.0,1.0
26.920961,43.111786,729.4614,0.14258292,22.0,36.0,6.0,1.0
26.925396,43.174885,729.7158,0.14526601,22.0,37.0,6.0,1.0
26.928658,43.237038,729.98627,0.14737959,22.0,38.0,6.0,1.0
26.930588,43.274963,730.14526,0.14864984,22.0,39.0,6.0,1.0
26.931776,43.28545,730.21545,0.14926684,22.0,40.0,6.0,1.0
26.934391,43.341408,730.463,0.15101518,22.0,41.0,6.0,1.0
26.93564,43.400604,730.7018,0.15220913,22.0,42.0,6.0,1.0
26.93713,43.447365,730.9179,0.1533529,22.0,43.0,6.0,1.0
26.93874,43.487812,731.1151,0.15447493,22.0,44.0,6.0,1.0
26.941446,43.51623,731.297,0.15593351,22.0,45.0,6.0,1.0
26.942633,43.557228,731.47925,0.15688965,22.0,46.0,6.0,1.0
26.943705,43.59402,731.63995,0.1577542,22.0,47.0,6.0,1.0
26.944752,43.624588,731.85895,0.15852459,22.0,48.0,6.0,1.0
26.873129,42.721146,727.87854,0.11941506,22.0,30.0,6.0,1.0
26.884403,42.743458,728.07465,0.12370491,22.0,31.0,6.0,1.0
26.89567,42.785915,728.3274,0.1283116,22.0,32.0,6.0,1.0
26.901836,42.85809,728.5834,0.13161282,22.0,33.0,6.0,1.0
26.905155,42.94077,728.8085,0.13410287,22.0,34.0,6.0,1.0
26.913834,42.993553,729.0455,0.13801953,22.0,35.0,6.0,1.0
26.91816,43.064392,729.28827,0.1407879,22.0,36.0,6.0,1.0
26.922878,43.126495,729.54004,0.14359105,22.0,37.0,6.0,1.0
26.926525,43.186924,729.77374,0.14589836,22.0,38.0,6.0,1.0
26.928696,43.22976,729.9558,0.14732519,22.0,39.0,6.0,1.0
26.930098,43.244507,730.0462,0.14808,22.0,40.0,6.0,1.0
26.932837,43.29974,730.292,0.14987549,22.0,41.0,6.0,1.0
26.934118,43.362297,730.5124,0.15115154,22.0,42.0,6.0,1.0
26.935707,43.411663,730.7429,0.15236257,22.0,43.0,6.0,1.0
26.937422,43.45457,730.954,0.15355384,22.0,44.0,6.0,1.0
26.94027,43.485172,731.14935,0.15509419,22.0,45.0,6.0,1.0
26.941545,43.528538,731.34375,0.15611288,22.0,46.0,6.0,1.0
26.942698,43.56745,731.51526,0.15703437,22.0,47.0,6.0,1.0
26.943804,43.600693,731.67206,0.15787059,22.0,48.0,6.0,1.0
26.945835,43.622578,731.8865,0.15895474,22.0,49.0,6.0,1.0
26.869413,42.76333,727.9213,0.11880047,22.0,31.0,6.0,1.0
26.885326,42.76453,728.138,0.12436291,22.0,32.0,6.0,1.0
26.891918,42.82824,728.38245,0.12767643,22.0,33.0,6.0,1.0
26.895033,42.914326,728.6198,0.1301434,22.0,34.0,6.0,1.0
26.904795,42.964348,728.8564,0.13435675,22.0,35.0,6.0,1.0
26.91082,43.03063,729.0801,0.13752799,22.0,36.0,6.0,1.0
26.91754,43.085785,729.30804,0.14080764,22.0,37.0,6.0,1.0
26.921722,43.143898,729.5362,0.14333321,22.0,38.0,6.0,1.0
26.92443,43.187653,729.71344,0.1450253,22.0,39.0,6.0,1.0
26.92628,43.206722,729.83044,0.14601739,22.0,40.0,6.0,1.0
26.929365,43.263348,730.0895,0.14797749,22.0,41.0,6.0,1.0
26.930902,43.326668,730.31696,0.14937185,22.0,42.0,6.0,1.0
26.932688,43.37901,730.5375,0.15072447,22.0,43.0,6.0,1.0
26.934628,43.424427,730.7655,0.15203783,22.0,44.0,6.0,1.0
26.937727,43.45724,730.977,0.1537078,22.0,45.0,6.0,1.0
26.939177,43.503048,731.1859,0.15482615,22.0,46.0,6.0,1.0
26.940481,43.54416,731.3702,0.15583575,22.0,47.0,6.0,1.0
26.941723,43.579395,731.53235,0.15675217,22.0,48.0,6.0,1.0
26.943897,43.603462,731.7082,0.15792938,22.0,49.0,6.0,1.0
26.944374,43.640594,731.9463,0.15854114,22.0,50.0,6.0,1.0
26.871271,42.77674,727.97,0.11966743,22.0,32.0,6.0,1.0
26.881413,42.806343,728.1796,0.123671,22.0,33.0,6.0,1.0
26.884602,42.885128,728.40265,0.12604688,22.0,34.0,6.0,1.0
26.8947,42.935535,728.6502,0.13037737,22.0,35.0,6.0,1.0
26.900984,43.00307,728.8814,0.13365947,22.0,36.0,6.0,1.0
26.90886,43.05418,729.097,0.13723075,22.0,37.0,6.0,1.0
26.915207,43.106014,729.30286,0.14027764,22.0,38.0,6.0,1.0
26.919455,43.145477,729.4606,0.14241305,22.0,39.0,6.0,1.0
26.921938,43.163853,729.575,0.14368938,22.0,40.0,6.0,1.0
26.925472,43.221004,729.846,0.1458484,22.0,41.0,6.0,1.0
26.927265,43.28366,730.0758,0.14734682,22.0,42.0,6.0,1.0
26.929304,43.3385,730.2979,0.14884716,22.0,43.0,6.0,1.0
26.931469,43.38705,730.5252,0.15030764,22.0,44.0,6.0,1.0
26.934872,43.4224,730.75745,0.15212849,22.0,45.0,6.0,1.0
26.936523,43.471123,730.9849,0.15336241,22.0,46.0,6.0,1.0
26.938007,43.514877,731.1855,0.15447527,22.0,47.0,6.0,1.0
26.939411,43.552456,731.36224,0.15548523,22.0,48.0,6.0,1.0
26.941772,43.578762,731.5302,0.15676786,22.0,49.0,6.0,1.0
26.942348,43.618694,731.7297,0.1574611,22.0,50.0,6.0,1.0
26.94349,43.64749,731.94556,0.15825468,22.0,51.0,6.0,1.0
26.871435,42.800232,728.02606,0.120101474,22.0,33.0,6.0,1.0
26.877728,42.849552,728.21906,0.12308817,22.0,34.0,6.0,1.0
26.888176,42.89368,728.4593,0.1274379,22.0,35.0,6.0,1.0
26.89452,42.962437,728.69836,0.13075547,22.0,36.0,6.0,1.0
26.902641,43.015083,728.9218,0.13443701,22.0,37.0,6.0,1.0
26.9094,43.06595,729.12305,0.13761497,22.0,38.0,6.0,1.0
26.914371,43.10637,729.2843,0.1399988,22.0,39.0,6.0,1.0
26.918535,43.124157,729.3967,0.14174356,22.0,40.0,6.0,1.0
26.922478,43.173595,729.6176,0.14403291,22.0,41.0,6.0,1.0
26.924444,43.23906,729.8611,0.14563745,22.0,42.0,6.0,1.0
26.92667,43.29278,730.08105,0.1472084,22.0,43.0,6.0,1.0
26.929043,43.344593,730.307,0.14881001,22.0,44.0,6.0,1.0
26.932674,43.38294,730.5424,0.15077479,22.0,45.0,6.0,1.0
26.934492,43.434776,730.7884,0.15211028,22.0,46.0,6.0,1.0
26.936127,43.481342,731.00525,0.15331478,22.0,47.0,6.0,1.0
26.937668,43.521427,731.1965,0.15440856,22.0,48.0,6.0,1.0
26.940191,43.549927,731.3784,0.15578322,22.0,49.0,6.0,1.0
26.94085,43.592773,731.5412,0.15655087,22.0,50.0,6.0,1.0
26.942032,43.62404,731.74384,0.15740412,22.0,51.0,6.0,1.0
26.942207,43.65971,731.986,0.15798852,22.0,52.0,6.0,1.0
26.867296,42.850536,728.0764,0.11947183,22.0,34.0,6.0,1.0
26.881514,42.854744,728.27875,0.12449253,22.0,35.0,6.0,1.0
26.888065,42.917767,728.51544,0.12778409,22.0,36.0,6.0,1.0
26.89634,42.969585,728.7412,0.1315039,22.0,37.0,6.0,1.0
26.903414,43.023014,728.95355,0.13483258,22.0,38.0,6.0,1.0
26.908894,43.064545,729.11707,0.13741395,22.0,39.0,6.0,1.0
26.913784,43.084404,729.23676,0.13943407,22.0,40.0,6.0,1.0
26.919268,43.130787,729.4404,0.14212336,22.0,41.0,6.0,1.0
26.921597,43.19268,729.6518,0.14387879,22.0,42.0,6.0,1.0
26.924091,43.250244,729.8907,0.1456092,22.0,43.0,6.0,1.0
26.926706,43.303078,730.1225,0.14732975,22.0,44.0,6.0,1.0
26.93061,43.34514,730.36145,0.14946817,22.0,45.0,6.0,1.0
26.932598,43.40056,730.6142,0.15092462,22.0,46.0,6.0,1.0
26.93439,43.450066,730.847,0.1522283,22.0,47.0,6.0,1.0
26.936071,43.492676,731.0519,0.15340865,22.0,48.0,6.0,1.0
26.93874,43.52341,731.2464,0.15486847,22.0,49.0,6.0,1.0
26.939497,43.568317,731.41943,0.15570042,22.0,50.0,6.0,1.0
26.940634,43.60253,731.5769,0.15660113,22.0,51.0,6.0,1.0
26.940886,43.6398,731.82733,0.15723665,22.0,52.0,6.0,1.0
26.942818,43.66318,732.0332,0.1582473,22.0,53.0,6.0,1.0
26.86754,42.856564,728.085,0.119660005,22.0,35.0,6.0,1.0
26.876476,42.88228,728.26465,0.12318657,22.0,36.0,6.0,1.0
26.884941,42.92793,728.48663,0.12686671,22.0,37.0,6.0,1.0
26.892298,42.981148,728.7054,0.13028707,22.0,38.0,6.0,1.0
26.89845,43.025784,728.8866,0.13315284,22.0,39.0,6.0,1.0
26.904314,43.047783,729.0213,0.13554731,22.0,40.0,6.0,1.0
26.910843,43.088825,729.20667,0.13847925,22.0,41.0,6.0,1.0
26.913857,43.14838,729.3926,0.14048225,22.0,42.0,6.0,1.0
26.917234,43.199417,729.599,0.14244662,22.0,43.0,6.0,1.0
26.92057,43.253147,729.84106,0.14441739,22.0,44.0,6.0,1.0
26.92639,43.2897,730.06824,0.147048,22.0,45.0,6.0,1.0
26.928661,43.350197,730.31396,0.14871353,22.0,46.0,6.0,1.0
26.930458,43.40516,730.56775,0.15013751,22.0,47.0,6.0,1.0
26.932098,43.452736,730.80206,0.15141068,22.0,48.0,6.0,1.0
26.935658,43.48415,731.0083,0.15314052,22.0,49.0,6.0,1.0
26.935873,43.53556,731.2142,0.15395336,22.0,50.0,6.0,1.0
26.937153,43.57294,731.38947,0.15495537,22.0,51.0,6.0,1.0
26.937534,43.61409,731.56323,0.15570386,22.0,52.0,6.0,1.0
26.939684,43.639656,731.78925,0.15682136,22.0,53.0,6.0,1.0
26.94014,43.67279,732.02936,0.15746355,22.0,54.0,6.0,1.0
26.87201,42.84755,728.12274,0.1210742,22.0,36.0,6.0,1.0
26.882359,42.859837,728.29266,0.124876685,22.0,37.0,6.0,1.0
26.889616,42.908833,728.5078,0.12818904,22.0,38.0,6.0,1.0
26.89576,42.95668,728.6995,0.13109927,22.0,39.0,6.0,1.0
26.901823,42.984478,728.8511,0.13365665,22.0,40.0,6.0,1.0
26.908422,43.027546,729.04034,0.13664635,22.0,41.0,6.0,1.0
26.911528,43.08658,729.21594,0.13867736,22.0,42.0,6.0,1.0
26.915438,43.137413,729.394,0.14085232,22.0,43.0,6.0,1.0
26.919456,43.18606,729.59717,0.14300789,22.0,44.0,6.0,1.0
26.924757,43.229527,729.8543,0.14564033,22.0,45.0,6.0,1.0
26.927176,43.2922,730.10724,0.14739701,22.0,46.0,6.0,1.0
26.929338,43.351036,730.34265,0.1489999,22.0,47.0,6.0,1.0
26.931416,43.40143,730.5848,0.15043338,22.0,48.0,6.0,1.0
26.934544,43.438988,730.8212,0.1521587,22.0,49.0,6.0,1.0
26.935585,43.4907,731.02905,0.15318312,22.0,50.0,6.0,1.0
26.936985,43.53093,731.21875,0.15426718,22.0,51.0,6.0,1.0
26.937435,43.574963,731.4062,0.15508193,22.0,52.0,6.0,1.0
26.939655,43.603844,731.56415,0.15628237,22.0,53.0,6.0,1.0
26.940174,43.639236,731.81287,0.15697928,22.0,54.0,6.0,1.0
26.940884,43.669525,732.0408,0.15766719,22.0,55.0,6.0,1.0
26.877487,42.82703,728.14813,0.1226564,22.0,37.0,6.0,1.0
26.886385,42.842953,728.309,0.12600993,22.0,38.0,6.0,1.0
26.892447,42.887444,728.49786,0.12883292,22.0,39.0,6.0,1.0
26.898647,42.920273,728.66785,0.13151367,22.0,40.0,6.0,1.0
26.905218,42.964993,728.86224,0.13451889,22.0,41.0,6.0,1.0
26.90834,43.026234,729.04034,0.13659258,22.0,42.0,6.0,1.0
26.912418,43.076756,729.2101,0.13882577,22.0,43.0,6.0,1.0
26.91699,43.12517,729.39215,0.14119315,22.0,44.0,6.0,1.0
26.922596,43.166233,729.618,0.14397095,22.0,45.0,6.0,1.0
26.925209,43.23125,729.87897,0.14584255,22.0,46.0,6.0,1.0
26.927547,43.293118,730.12634,0.14755668,22.0,47.0,6.0,1.0
26.929731,43.3485,730.3535,0.14912577,22.0,48.0,6.0,1.0
26.933046,43.39019,730.6071,0.15097763,22.0,49.0,6.0,1.0
26.934204,43.445732,730.8334,0.15209314,22.0,50.0,6.0,1.0
26.935951,43.488354,731.0355,0.15330704,22.0,51.0,6.0,1.0
26.936852,43.534046,731.2317,0.15426497,22.0,52.0,6.0,1.0
26.93919,43.565716,731.404,0.15554819,22.0,53.0,6.0,1.0
26.939764,43.604614,731.5764,0.15632726,22.0,54.0,6.0,1.0
26.940554,43.637074,731.8216,0.15707432,22.0,55.0,6.0,1.0
26.941307,43.6645,732.03015,0.15773527,22.0,56.0,6.0,1.0
26.877274,42.8338,728.1583,0.1226926,22.0,38.0,6.0,1.0
26.885666,42.845486,728.30414,0.12580206,22.0,39.0,6.0,1.0
26.892237,42.873108,728.47064,0.12852533,22.0,40.0,6.0,1.0
26.898891,42.918346,728.6748,0.13156126,22.0,41.0,6.0,1.0
26.90209,42.980904,728.85834,0.13368131,22.0,42.0,6.0,1.0
26.906424,43.032726,729.0322,0.13602625,22.0,43.0,6.0,1.0
26.911386,43.07986,729.207,0.13851301,22.0,44.0,6.0,1.0
26.918964,43.114765,729.4102,0.14177477,22.0,45.0,6.0,1.0
26.921997,43.176178,729.62964,0.14383446,22.0,46.0,6.0,1.0
26.924597,43.239365,729.8847,0.14568026,22.0,47.0,6.0,1.0
26.927027,43.29789,730.1278,0.14738944,22.0,48.0,6.0,1.0
26.930565,43.343987,730.3712,0.14941497,22.0,49.0,6.0,1.0
26.931892,43.403446,730.6133,0.15064819,22.0,50.0,6.0,1.0
26.933826,43.449394,730.83435,0.1519752,22.0,51.0,6.0,1.0
26.934738,43.498844,731.0501,0.15300673,22.0,52.0,6.0,1.0
26.93726,43.53324,731.2379,0.15439352,22.0,53.0,6.0,1.0
26.937954,43.574833,731.4236,0.1552536,22.0,54.0,6.0,1.0
26.938843,43.61045,731.6024,0.1560908,22.0,55.0,6.0,1.0
26.939703,43.639828,731.8276,0.15681745,22.0,56.0,6.0,1.0
26.93973,43.670685,732.0471,0.1572746,22.0,57.0,6.0,1.0
26.87053,42.860065,728.1287,0.12076438,22.0,39.0,6.0,1.0
26.880278,42.850628,728.2578,0.1239974,22.0,40.0,6.0,1.0
26.887,42.88541,728.444,0.1268853,22.0,41.0,6.0,1.0
26.890408,42.94739,728.63525,0.1290637,22.0,42.0,6.0,1.0
26.895185,42.999603,728.81683,0.13156857,22.0,43.0,6.0,1.0
26.900774,43.04718,728.9976,0.13428205,22.0,44.0,6.0,1.0
26.909931,43.076477,729.18384,0.13794722,22.0,45.0,6.0,1.0
26.91428,43.133823,729.38153,0.14038251,22.0,46.0,6.0,1.0
26.917715,43.193195,729.61096,0.14249861,22.0,47.0,6.0,1.0
26.920639,43.251915,729.8598,0.14440514,22.0,48.0,6.0,1.0
26.926111,43.294827,730.1008,0.14695548,22.0,49.0,6.0,1.0
26.926577,43.36406,730.3503,0.1481664,22.0,50.0,6.0,1.0
26.9286,43.414734,730.5991,0.14962165,22.0,51.0,6.0,1.0
26.929483,43.46921,730.84094,0.15074013,22.0,52.0,6.0,1.0
26.932457,43.50599,731.0467,0.15231822,22.0,53.0,6.0,1.0
26.933342,43.55083,731.25,0.15329286,22.0,54.0,6.0,1.0
26.934443,43.589294,731.43024,0.15424709,22.0,55.0,6.0,1.0
26.935493,43.621548,731.61194,0.15508896,22.0,56.0,6.0,1.0
26.935617,43.65481,731.85095,0.1556154,22.0,57.0,6.0,1.0
26.940094,43.65963,731.94867,0.1572508,22.0,58.0,6.0,1.0
26.86654,42.86324,728.09564,0.11941604,22.0,40.0,6.0,1.0
26.875025,42.86295,728.2283,0.12235348,22.0,41.0,6.0,1.0
26.878414,42.915936,728.40485,0.12437716,22.0,42.0,6.0,1.0
26.883476,42.966595,728.59186,0.12695162,22.0,43.0,6.0,1.0
26.889568,43.01439,728.7811,0.12984309,22.0,44.0,6.0,1.0
26.899555,43.043785,728.9766,0.13380021,22.0,45.0,6.0,1.0
26.904528,43.098637,729.1651,0.13641706,22.0,46.0,6.0,1.0
26.908932,43.154026,729.36487,0.13883428,22.0,47.0,6.0,1.0
26.9127,43.209034,729.5948,0.14099202,22.0,48.0,6.0,1.0
26.918987,43.25086,729.83826,0.14381023,22.0,49.0,6.0,1.0
26.919807,43.323875,730.10205,0.14520532,22.0,50.0,6.0,1.0
26.922272,43.378555,730.33813,0.14688782,22.0,51.0,6.0,1.0
26.923456,43.437134,730.6041,0.14817172,22.0,52.0,6.0,1.0
26.926819,43.477234,730.83203,0.14993317,22.0,53.0,6.0,1.0
26.927975,43.525463,731.05524,0.15105122,22.0,54.0,6.0,1.0
26.929337,43.56692,731.25323,0.15214033,22.0,55.0,6.0,1.0
26.930618,43.602043,731.4222,0.15310802,22.0,56.0,6.0,1.0
26.93092,43.638226,731.6327,0.15374462,22.0,57.0,6.0,1.0
26.935886,43.64357,731.74316,0.15555766,22.0,58.0,6.0,1.0
26.938686,43.65767,731.9077,0.15673243,22.0,59.0,6.0,1.0
26.857775,42.878433,728.08307,0.11656161,22.0,41.0,6.0,1.0
26.862883,42.89388,728.1786,0.11858973,22.0,42.0,6.0,1.0
26.867737,42.936737,728.3368,0.12096868,22.0,43.0,6.0,1.0
26.874352,42.981853,728.53015,0.123996966,22.0,44.0,6.0,1.0
26.885305,43.010548,728.7362,0.12828003,22.0,45.0,6.0,1.0
26.890974,43.066433,728.93207,0.13115922,22.0,46.0,6.0,1.0
26.896152,43.119377,729.1162,0.13381921,22.0,47.0,6.0,1.0
26.900873,43.171135,729.3314,0.13627198,22.0,48.0,6.0,1.0
26.908348,43.20908,729.55884,0.13945836,22.0,49.0,6.0,1.0
26.909779,43.28234,729.82385,0.14107509,22.0,50.0,6.0,1.0
26.912807,43.340946,730.0738,0.14301732,22.0,51.0,6.0,1.0
26.914469,43.404366,730.33673,0.14455138,22.0,52.0,6.0,1.0
26.918375,43.448418,730.5904,0.14656079,22.0,53.0,6.0,1.0
26.919914,43.500763,730.8371,0.14787349,22.0,54.0,6.0,1.0
26.921652,43.54585,731.0563,0.14914742,22.0,55.0,6.0,1.0
26.923275,43.584126,731.24365,0.15028055,22.0,56.0,6.0,1.0
26.923838,43.623882,731.4211,0.15106739,22.0,57.0,6.0,1.0
26.929255,43.631054,731.53735,0.15306565,22.0,58.0,6.0,1.0
26.932476,43.64652,731.7189,0.15440735,22.0,59.0,6.0,1.0
26.933813,43.66975,731.90967,0.15520972,23.0,0.0,6.0,1.0
26.852308,42.890453,728.0851,0.11482139,22.0,42.0,6.0,1.0
26.85853,42.906296,728.1764,0.117256746,22.0,43.0,6.0,1.0
26.864481,42.950428,728.3337,0.12004836,22.0,44.0,6.0,1.0
26.875473,42.979,728.5297,0.12434724,22.0,45.0,6.0,1.0
26.881418,43.03503,728.7314,0.12732357,22.0,46.0,6.0,1.0
26.886923,43.088013,728.91833,0.13009861,22.0,47.0,6.0,1.0
26.892225,43.135296,729.1011,0.13270286,22.0,48.0,6.0,1.0
26.900614,43.16862,729.3137,0.13614647,22.0,49.0,6.0,1.0
26.902704,43.237236,729.5522,0.13793705,22.0,50.0,6.0,1.0
26.906284,43.294575,729.8007,0.14005493,22.0,51.0,6.0,1.0
26.908321,43.36135,730.0634,0.14177759,22.0,52.0,6.0,1.0
26.912712,43.409145,730.31476,0.14402026,22.0,53.0,6.0,1.0
26.91454,43.46554,730.58685,0.1454911,22.0,54.0,6.0,1.0
26.916565,43.514343,730.8292,0.14691862,22.0,55.0,6.0,1.0
26.918459,43.55583,731.0368,0.14819236,22.0,56.0,6.0,1.0
26.919237,43.59873,731.2327,0.1490993,22.0,57.0,6.0,1.0
26.92506,43.60797,731.34705,0.1512713,22.0,58.0,6.0,1.0
26.92856,43.62616,731.48224,0.15275703,22.0,59.0,6.0,1.0
26.930098,43.65151,731.68835,0.1536604,23.0,0.0,6.0,1.0
26.931753,43.668053,731.85645,0.15446909,23.0,1.0,6.0,1.0
26.84723,42.902935,728.0865,0.113229446,22.0,43.0,6.0,1.0
26.854668,42.915764,728.17993,0.11604161,22.0,44.0,6.0,1.0
26.864834,42.944897,728.32697,0.120081246,22.0,45.0,6.0,1.0
26.87064,43.00162,728.52026,0.123023495,22.0,46.0,6.0,1.0
26.87641,43.054943,728.7122,0.1258952,22.0,47.0,6.0,1.0
26.882133,43.102577,728.89124,0.12866029,22.0,48.0,6.0,1.0
26.891283,43.131424,729.08405,0.1323086,22.0,49.0,6.0,1.0
26.893946,43.197533,729.30853,0.13427101,22.0,50.0,6.0,1.0
26.898327,43.250355,729.533,0.13661268,22.0,51.0,6.0,1.0
26.900894,43.316643,729.79535,0.13851616,22.0,52.0,6.0,1.0
26.905846,43.367714,730.0516,0.14101084,22.0,53.0,6.0,1.0
26.908062,43.428547,730.32306,0.14269234,22.0,54.0,6.0,1.0
26.91043,43.481457,730.5906,0.14429878,22.0,55.0,6.0,1.0
26.912643,43.526516,730.82007,0.14573586,22.0,56.0,6.0,1.0
26.91368,43.572895,731.036,0.14678322,22.0,57.0,6.0,1.0
26.919968,43.584267,731.1669,0.14914846,22.0,58.0,6.0,1.0
26.923805,43.60481,731.318,0.15078627,22.0,59.0,6.0,1.0
26.925562,43.633335,731.46643,0.15182021,23.0,0.0,6.0,1.0
26.927437,43.651768,731.653,0.15273325,23.0,1.0,6.0,1.0
26.928967,43.665863,731.8135,0.15345812,23.0,2.0,6.0,1.0
26.851643,42.88059,728.07526,0.11441543,22.0,44.0,6.0,1.0
26.86279,42.884377,728.1641,0.11839661,22.0,45.0,6.0,1.0
26.86818,42.939175,728.34937,0.12115906,22.0,46.0,6.0,1.0
26.873634,42.992474,728.53925,0.12391972,22.0,47.0,6.0,1.0
26.879208,43.042088,728.7221,0.12666316,22.0,48.0,6.0,1.0
26.888563,43.07294,728.9136,0.13042273,22.0,49.0,6.0,1.0
26.891525,43.136047,729.09576,0.13246842,22.0,50.0,6.0,1.0
26.89631,43.18717,729.3085,0.13493505,22.0,51.0,6.0,1.0
26.899385,43.249992,729.54596,0.13697697,22.0,52.0,6.0,1.0
26.904757,43.300735,729.8011,0.1396155,22.0,53.0,6.0,1.0
26.90718,43.366173,730.06995,0.14144835,22.0,54.0,6.0,1.0
26.909739,43.423805,730.33844,0.1431995,22.0,55.0,6.0,1.0
26.912088,43.473156,730.59045,0.14474641,22.0,56.0,6.0,1.0
26.913233,43.523438,730.8263,0.1458887,22.0,57.0,6.0,1.0
26.91976,43.537796,730.97424,0.14838086,22.0,58.0,6.0,1.0
26.923763,43.561275,731.1414,0.15011847,22.0,59.0,6.0,1.0
26.925623,43.592537,731.30334,0.15122995,23.0,0.0,6.0,1.0
26.927586,43.613968,731.43353,0.1522252,23.0,1.0,6.0,1.0
26.929197,43.63023,731.58466,0.15301347,23.0,2.0,6.0,1.0
26.928196,43.660126,731.7727,0.15310124,23.0,3.0,6.0,1.0
26.852057,42.879375,728.078,0.11453815,22.0,45.0,6.0,1.0
26.858845,42.901405,728.1888,0.117271,22.0,46.0,6.0,1.0
26.863693,42.952248,728.3508,0.119785756,22.0,47.0,6.0,1.0
26.868732,43.002728,728.51056,0.12236552,22.0,48.0,6.0,1.0
26.878561,43.033867,728.70953,0.1262944,22.0,49.0,6.0,1.0
26.881857,43.098778,728.88885,0.1284946,22.0,50.0,6.0,1.0
26.88718,43.147495,729.0854,0.13112055,22.0,51.0,6.0,1.0
26.890963,43.208088,729.3102,0.13338612,22.0,52.0,6.0,1.0
26.897213,43.256393,729.5517,0.13630676,22.0,53.0,6.0,1.0
26.900242,43.321293,729.8193,0.1383476,22.0,54.0,6.0,1.0
26.903263,43.383835,730.0873,0.14034358,22.0,55.0,6.0,1.0
26.906006,43.437515,730.35297,0.14209552,22.0,56.0,6.0,1.0
26.907457,43.491913,730.61194,0.1434051,22.0,57.0,6.0,1.0
26.914463,43.509113,730.77924,0.14610696,22.0,58.0,6.0,1.0
26.918827,43.535435,730.9642,0.14801222,22.0,59.0,6.0,1.0
26.920948,43.56948,731.1419,0.1492559,23.0,0.0,6.0,1.0
26.923153,43.593163,731.2854,0.15036926,23.0,1.0,6.0,1.0
26.924969,43.6118,731.4071,0.15126818,23.0,2.0,6.0,1.0
26.924088,43.643772,731.58813,0.15143093,23.0,3.0,6.0,1.0
26.923246,43.67484,731.78955,0.1515913,23.0,4.0,6.0,1.0
26.848295,42.899925,728.10504,0.113539755,22.0,46.0,6.0,1.0
26.854359,42.91979,728.20435,0.115983374,22.0,47.0,6.0,1.0
26.85934,42.963787,728.3512,0.11843533,22.0,48.0,6.0,1.0
26.867954,43.000065,728.49976,0.12204715,22.0,49.0,6.0,1.0
26.871302,43.065617,728.68225,0.124274954,22.0,50.0,6.0,1.0
26.877047,43.114662,728.8729,0.12706293,22.0,51.0,6.0,1.0
26.881266,43.172333,729.08044,0.12944262,22.0,52.0,6.0,1.0
26.888447,43.21608,729.30304,0.13263062,22.0,53.0,6.0,1.0
26.892225,43.27832,729.55536,0.13490334,22.0,54.0,6.0,1.0
26.895878,43.33992,729.8223,0.13710995,22.0,55.0,6.0,1.0
26.8991,43.39809,730.07776,0.13911,22.0,56.0,6.0,1.0
26.9009,43.45697,730.3567,0.14060804,22.0,57.0,6.0,1.0
26.908493,43.477097,730.5468,0.14355628,22.0,58.0,6.0,1.0
26.91329,43.50651,730.75336,0.14565846,22.0,59.0,6.0,1.0
26.915726,43.54372,730.95044,0.14705712,23.0,0.0,6.0,1.0
26.918224,43.570057,731.1106,0.1483116,23.0,1.0,6.0,1.0
26.920303,43.591,731.2469,0.14933614,23.0,2.0,6.0,1.0
26.919558,43.62602,731.3814,0.14959843,23.0,3.0,6.0,1.0
26.918861,43.65929,731.5891,0.14984207,23.0,4.0,6.0,1.0
26.918596,43.686913,731.7866,0.15014908,23.0,5.0,6.0,1.0
26.843681,42.91881,728.1222,0.11221419,22.0,47.0,6.0,1.0
26.849573,42.932217,728.2077,0.11449226,22.0,48.0,6.0,1.0
26.858345,42.96053,728.34534,0.11802652,22.0,49.0,6.0,1.0
26.861303,43.024807,728.51013,0.12010273,22.0,50.0,6.0,1.0
26.866531,43.078278,728.66907,0.122802034,22.0,51.0,6.0,1.0
26.870508,43.140293,728.866,0.12517643,22.0,52.0,6.0,1.0
26.878342,43.1805,729.0723,0.12854393,22.0,53.0,6.0,1.0
26.882938,43.23782,729.3005,0.13104169,22.0,54.0,6.0,1.0
26.88736,43.29725,729.5554,0.13349295,22.0,55.0,6.0,1.0
26.891207,43.354824,729.81146,0.13570604,22.0,56.0,6.0,1.0
26.893454,43.41852,730.07495,0.13744907,22.0,57.0,6.0,1.0
26.901716,43.441833,730.29034,0.14067656,22.0,58.0,6.0,1.0
26.907017,43.474697,730.5212,0.14300269,22.0,59.0,6.0,1.0
26.90981,43.51544,730.73987,0.1445781,23.0,0.0,6.0,1.0
26.912645,43.544827,730.91925,0.14599511,23.0,1.0,6.0,1.0
26.915035,43.56842,731.07245,0.14716575,23.0,2.0,6.0,1.0
26.914467,43.606236,731.2215,0.14753152,23.0,3.0,6.0,1.0
26.913923,43.642765,731.3756,0.14788523,23.0,4.0,6.0,1.0
26.913837,43.67246,731.5912,0.14828457,23.0,5.0,6.0,1.0
26.913246,43.700924,731.7832,0.14849117,23.0,6.0,6.0,1.0
26.844742,42.907833,728.11053,0.1124074,22.0,48.0,6.0,1.0
26.854061,42.911175,728.1901,0.115734465,22.0,49.0,6.0,1.0
26.85674,42.970432,728.3484,0.11762622,22.0,50.0,6.0,1.0
26.861748,43.021156,728.49896,0.12020445,22.0,51.0,6.0,1.0
26.865767,43.083347,728.67,0.12261863,22.0,52.0,6.0,1.0
26.873108,43.129116,728.8611,0.12591437,22.0,53.0,6.0,1.0
26.877926,43.183594,729.0696,0.12845194,22.0,54.0,6.0,1.0
26.883005,43.23758,729.2958,0.13106404,22.0,55.0,6.0,1.0
26.887426,43.29254,729.5355,0.13344777,22.0,56.0,6.0,1.0
26.890064,43.35615,729.7968,0.13532981,22.0,57.0,6.0,1.0
26.89887,43.38354,730.01074,0.1388179,22.0,58.0,6.0,1.0
26.904556,43.420692,730.2463,0.14134988,22.0,59.0,6.0,1.0
26.907593,43.465706,730.48975,0.14307067,23.0,0.0,6.0,1.0
26.910664,43.498795,730.6909,0.14462301,23.0,1.0,6.0,1.0
26.913267,43.525734,730.86365,0.14591746,23.0,2.0,6.0,1.0
26.912819,43.56683,731.0295,0.14637221,23.0,3.0,6.0,1.0
26.912394,43.606434,731.19025,0.14681327,23.0,4.0,6.0,1.0
26.912416,43.63965,731.3351,0.14731188,23.0,5.0,6.0,1.0
26.911934,43.670307,731.54266,0.14758974,23.0,6.0,6.0,1.0
26.913801,43.68415,731.6931,0.14843419,23.0,7.0,6.0,1.0
26.850996,42.874397,728.08276,0.11406726,22.0,49.0,6.0,1.0
26.85409,42.910324,728.1833,0.115733564,22.0,50.0,6.0,1.0
26.858753,42.95661,728.32825,0.11811381,22.0,51.0,6.0,1.0
26.8624,43.016907,728.49023,0.120368145,22.0,52.0,6.0,1.0
26.869354,43.065968,728.6534,0.123604596,22.0,53.0,6.0,1.0
26.87421,43.122467,728.8545,0.12619704,22.0,54.0,6.0,1.0
26.879469,43.17371,729.0597,0.12883736,22.0,55.0,6.0,1.0
26.884424,43.224594,729.2758,0.13135771,22.0,56.0,6.0,1.0
26.887583,43.28486,729.5138,0.13338397,22.0,57.0,6.0,1.0
26.897017,43.311832,729.7296,0.13708709,22.0,58.0,6.0,1.0
26.903076,43.35353,729.97144,0.13982381,22.0,59.0,6.0,1.0
26.906378,43.403534,730.20667,0.14172472,23.0,0.0,6.0,1.0
26.909658,43.441074,730.4328,0.14341374,23.0,1.0,6.0,1.0
26.91246,43.472004,730.62787,0.14483531,23.0,2.0,6.0,1.0
26.912113,43.51702,730.8132,0.1453831,23.0,3.0,6.0,1.0
26.911797,43.56016,730.99146,0.14591435,23.0,4.0,6.0,1.0
26.91194,43.596493,731.15204,0.14650102,23.0,5.0,6.0,1.0
26.911543,43.63074,731.29266,0.14687082,23.0,6.0,6.0,1.0
26.91355,43.646946,731.43933,0.14779994,23.0,7.0,6.0,1.0
26.912846,43.681973,731.67236,0.1480657,23.0,8.0,6.0,1.0
26.845108,42.90081,728.0989,0.11242104,22.0,50.0,6.0,1.0
26.85046,42.919025,728.18005,0.11459492,22.0,51.0,6.0,1.0
26.854046,42.97338,728.3355,0.11672513,22.0,52.0,6.0,1.0
26.861004,43.019485,728.49005,0.11991577,22.0,53.0,6.0,1.0
26.865421,43.079655,728.6599,0.1224368,22.0,54.0,6.0,1.0
26.87017,43.1372,728.84985,0.12501195,22.0,55.0,6.0,1.0
26.875538,43.18422,729.0442,0.12762439,22.0,56.0,6.0,1.0
26.879349,43.24072,729.2629,0.1298319,22.0,57.0,6.0,1.0
26.889803,43.26453,729.46674,0.13385378,22.0,58.0,6.0,1.0
26.896652,43.303852,729.7024,0.13683501,22.0,59.0,6.0,1.0
26.900394,43.35801,729.951,0.13895619,23.0,0.0,6.0,1.0
26.904118,43.399754,730.1688,0.14087461,23.0,1.0,6.0,1.0
26.907286,43.434574,730.3885,0.14247935,23.0,2.0,6.0,1.0
26.907146,43.483692,730.5955,0.1431599,23.0,3.0,6.0,1.0
26.907042,43.53058,730.7937,0.14381978,23.0,4.0,6.0,1.0
26.90741,43.570175,730.9723,0.14453276,23.0,5.0,6.0,1.0
26.907204,43.6073,731.12836,0.14501122,23.0,6.0,6.0,1.0
26.909443,43.626133,731.2503,0.14606513,23.0,7.0,6.0,1.0
26.90889,43.663845,731.4672,0.1464261,23.0,8.0,6.0,1.0
26.909393,43.691326,731.6797,0.14699796,23.0,9.0,6.0,1.0
26.842312,42.90902,728.0983,0.111569524,22.0,51.0,6.0,1.0
26.846434,42.937283,728.1914,0.11347246,22.0,52.0,6.0,1.0
26.853191,42.977806,728.3395,0.116494864,22.0,53.0,6.0,1.0
26.85751,43.0347,728.50037,0.118929535,22.0,54.0,6.0,1.0
26.862442,43.09164,728.6774,0.12157049,22.0,55.0,6.0,1.0
26.867218,43.14476,728.85425,0.12408737,22.0,56.0,6.0,1.0
26.870785,43.200424,729.0314,0.1262162,22.0,57.0,6.0,1.0
26.882175,43.22096,729.22614,0.13052227,22.0,58.0,6.0,1.0
26.889948,43.255405,729.43994,0.1337639,22.0,59.0,6.0,1.0
26.894354,43.306755,729.6774,0.1360799,23.0,0.0,6.0,1.0
26.898506,43.352406,729.90967,0.13820913,23.0,1.0,6.0,1.0
26.902117,43.39142,730.1177,0.14004493,23.0,2.0,6.0,1.0
26.90219,43.445072,730.34924,0.140865,23.0,3.0,6.0,1.0
26.902308,43.496254,730.57086,0.14166509,23.0,4.0,6.0,1.0
26.90292,43.53958,730.7704,0.14251801,23.0,5.0,6.0,1.0
26.902924,43.580013,730.9447,0.1431182,23.0,6.0,6.0,1.0
26.905441,43.60138,731.0826,0.14430642,23.0,7.0,6.0,1.0
26.905048,43.642563,731.2507,0.14478177,23.0,8.0,6.0,1.0
26.90574,43.67233,731.4694,0.14545329,23.0,9.0,6.0,1.0
26.90494,43.707752,731.6994,0.14569195,23.0,10.0,6.0,1.0
26.846134,42.892654,728.0918,0.11264798,22.0,52.0,6.0,1.0
26.853115,42.911007,728.1837,0.11539698,22.0,53.0,6.0,1.0
26.857002,42.964573,728.3407,0.117620915,22.0,54.0,6.0,1.0
26.861618,43.0201,728.50104,0.12013774,22.0,55.0,6.0,1.0
26.86637,43.07401,728.658,0.12267605,22.0,56.0,6.0,1.0
26.869812,43.133152,728.84344,0.12481607,22.0,57.0,6.0,1.0
26.881474,43.15201,729.0227,0.129199,22.0,58.0,6.0,1.0
26.889637,43.18541,729.2267,0.13256939,22.0,59.0,6.0,1.0
26.894505,43.23424,729.4442,0.13502012,23.0,0.0,6.0,1.0
26.89904,43.27825,729.6654,0.13726525,23.0,1.0,6.0,1.0
26.902817,43.322014,729.89075,0.13923138,23.0,2.0,6.0,1.0
26.903017,43.38055,730.1021,0.14018597,23.0,3.0,6.0,1.0
26.903214,43.43622,730.34534,0.14107926,23.0,4.0,6.0,1.0
26.903923,43.48354,730.5644,0.14202365,23.0,5.0,6.0,1.0
26.90401,43.527412,730.7554,0.14270419,23.0,6.0,6.0,1.0
26.906647,43.5517,730.90784,0.1439766,23.0,7.0,6.0,1.0
26.906324,43.595703,731.08923,0.14451827,23.0,8.0,6.0,1.0
26.907072,43.628685,731.24445,0.14526613,23.0,9.0,6.0,1.0
26.906326,43.66636,731.4685,0.14555913,23.0,10.0,6.0,1.0
26.910555,43.675682,731.60754,0.14716846,23.0,11.0,6.0,1.0
26.850384,42.878574,728.09015,0.11391613,22.0,53.0,6.0,1.0
26.854546,42.909515,728.19275,0.115874216,22.0,54.0,6.0,1.0
26.858828,42.96053,728.3466,0.11819656,22.0,55.0,6.0,1.0
26.863297,43.01289,728.499,0.120610066,22.0,56.0,6.0,1.0
26.866856,43.072433,728.66174,0.12281951,22.0,57.0,6.0,1.0
26.878363,43.09659,728.83984,0.1272383,22.0,58.0,6.0,1.0
26.886887,43.127876,729.0261,0.1307104,22.0,59.0,6.0,1.0
26.89219,43.175377,729.2333,0.13330185,23.0,0.0,6.0,1.0
26.897263,43.2172,729.4388,0.13571209,23.0,1.0,6.0,1.0
26.901527,43.25882,729.6526,0.13782227,23.0,2.0,6.0,1.0
26.901876,43.322155,729.88306,0.13890207,23.0,3.0,6.0,1.0
26.902277,43.382492,730.1077,0.13995202,23.0,4.0,6.0,1.0
26.90314,43.43398,730.34863,0.14101063,23.0,5.0,6.0,1.0
26.90336,43.481457,730.55817,0.14179067,23.0,6.0,6.0,1.0
26.906166,43.508755,730.7269,0.14316571,23.0,7.0,6.0,1.0
26.905952,43.555668,730.92285,0.14378895,23.0,8.0,6.0,1.0
26.906816,43.591114,731.0907,0.14461277,23.0,9.0,6.0,1.0
26.906137,43.63178,731.24994,0.14498246,23.0,10.0,6.0,1.0
26.910482,43.643024,731.3931,0.14666146,23.0,11.0,6.0,1.0
26.913626,43.66245,731.6031,0.14803332,23.0,12.0,6.0,1.0
26.851685,42.876232,728.0948,0.11433492,22.0,54.0,6.0,1.0
26.85617,42.90558,728.1966,0.11638205,22.0,55.0,6.0,1.0
26.86026,42.952797,728.34015,0.11857526,22.0,56.0,6.0,1.0
26.863478,43.01065,728.49756,0.12063573,22.0,57.0,6.0,1.0
26.874645,43.03864,728.6665,0.12500496,22.0,58.0,6.0,1.0
26.88338,43.072365,728.85364,0.12859738,22.0,59.0,6.0,1.0
26.889103,43.116867,729.0235,0.13131225,23.0,0.0,6.0,1.0
26.894627,43.157104,729.21796,0.13386333,23.0,1.0,6.0,1.0
26.899456,43.1964,729.4162,0.13614696,23.0,2.0,6.0,1.0
26.900227,43.257446,729.6321,0.1373464,23.0,3.0,6.0,1.0
26.900816,43.32276,729.87366,0.13853846,23.0,4.0,6.0,1.0
26.901917,43.379147,730.09875,0.13977002,23.0,5.0,6.0,1.0
26.902302,43.430965,730.33124,0.14066915,23.0,6.0,6.0,1.0
26.905317,43.46183,730.5201,0.1421697,23.0,7.0,6.0,1.0
26.905241,43.512264,730.7342,0.14289227,23.0,8.0,6.0,1.0
26.906246,43.550674,730.9176,0.1438098,23.0,9.0,6.0,1.0
26.905678,43.593967,731.0902,0.1442563,23.0,10.0,6.0,1.0
26.910172,43.607777,731.2115,0.14602818,23.0,11.0,6.0,1.0
26.913424,43.629837,731.3833,0.14748253,23.0,12.0,6.0,1.0
26.91443,43.659092,731.60956,0.14825879,23.0,13.0,6.0,1.0
26.849281,42.88948,728.1101,0.11370033,22.0,55.0,6.0,1.0
26.85388,42.912235,728.1987,0.115680754,22.0,56.0,6.0,1.0
26.856857,42.96349,728.345,0.117545985,22.0,57.0,6.0,1.0
26.867146,42.99457,728.47754,0.12167441,22.0,58.0,6.0,1.0
26.87599,43.02929,728.66595,0.125322,22.0,59.0,6.0,1.0
26.88194,43.076138,728.84454,0.12815437,23.0,0.0,6.0,1.0
26.888023,43.113262,729.00726,0.13087334,23.0,1.0,6.0,1.0
26.89348,43.150524,729.1956,0.1333522,23.0,2.0,6.0,1.0
26.894817,43.209484,729.3965,0.13472876,23.0,3.0,6.0,1.0
26.895977,43.27216,729.6236,0.13608894,23.0,4.0,6.0,1.0
26.89741,43.333527,729.8675,0.137512,23.0,5.0,6.0,1.0
26.898117,43.389965,730.0895,0.13860719,23.0,6.0,6.0,1.0
26.90147,43.42468,730.30194,0.14028034,23.0,7.0,6.0,1.0
26.901625,43.47898,730.53735,0.1411395,23.0,8.0,6.0,1.0
26.902866,43.520607,730.73914,0.14218614,23.0,9.0,6.0,1.0
26.902477,43.566788,730.9274,0.14273787,23.0,10.0,6.0,1.0
26.907223,43.582855,731.06244,0.14463158,23.0,11.0,6.0,1.0
26.91068,43.607327,731.22394,0.146195,23.0,12.0,6.0,1.0
26.91183,43.63897,731.4186,0.14706135,23.0,13.0,6.0,1.0
26.913801,43.661858,731.6104,0.1480823,23.0,14.0,6.0,1.0
26.846962,42.89763,728.1143,0.11301374,22.0,56.0,6.0,1.0
26.850246,42.92514,728.20636,0.11460579,22.0,57.0,6.0,1.0
26.860573,42.94852,728.3256,0.11862101,22.0,58.0,6.0,1.0
26.868301,42.98705,728.4733,0.12195834,22.0,59.0,6.0,1.0
26.874327,43.03437,728.6549,0.1248232,23.0,0.0,6.0,1.0
26.88063,43.073566,728.8255,0.12765285,23.0,1.0,6.0,1.0
26.886671,43.10795,728.98505,0.13031013,23.0,2.0,6.0,1.0
26.888468,43.165146,729.1738,0.13182884,23.0,3.0,6.0,1.0
26.890263,43.225338,729.3847,0.1333839,23.0,4.0,6.0,1.0
26.892338,43.283802,729.61426,0.13499579,23.0,5.0,6.0,1.0
26.893373,43.34539,729.85205,0.13628536,23.0,6.0,6.0,1.0
26.897167,43.384308,730.05786,0.13818757,23.0,7.0,6.0,1.0
26.897589,43.443108,730.3187,0.13920482,23.0,8.0,6.0,1.0
26.899105,43.48842,730.5422,0.14040121,23.0,9.0,6.0,1.0
26.898932,43.537926,730.74896,0.14107585,23.0,10.0,6.0,1.0
26.903978,43.556587,730.9004,0.14311206,23.0,11.0,6.0,1.0
26.90768,43.58353,731.0768,0.14479782,23.0,12.0,6.0,1.0
26.909002,43.617847,731.2421,0.14576833,23.0,13.0,6.0,1.0
26.911127,43.64276,731.4214,0.14687541,23.0,14.0,6.0,1.0
26.915152,43.66553,731.68085,0.14859866,23.0,15.0,6.0,1.0
26.84649,42.89783,728.11536,0.11284859,22.0,57.0,6.0,1.0
26.85706,42.899612,728.18005,0.11660509,22.0,58.0,6.0,1.0
26.864494,42.934284,728.3186,0.119773924,22.0,59.0,6.0,1.0
26.8698,42.98225,728.47986,0.12240558,23.0,0.0,6.0,1.0
26.875984,43.02232,728.65173,0.12520589,23.0,1.0,6.0,1.0
26.882114,43.05898,728.81775,0.12793158,23.0,2.0,6.0,1.0
26.884237,43.114357,728.9714,0.12956049,23.0,3.0,6.0,1.0
26.88642,43.172405,729.16705,0.1312266,23.0,4.0,6.0,1.0
26.889072,43.22827,729.3795,0.13301311,23.0,5.0,6.0,1.0
26.890636,43.287006,729.60187,0.13445145,23.0,6.0,6.0,1.0
26.894775,43.33061,729.8258,0.13654584,23.0,7.0,6.0,1.0
26.895475,43.39435,730.07416,0.13774869,23.0,8.0,6.0,1.0
26.89723,43.443935,730.322,0.13908881,23.0,9.0,6.0,1.0
26.897236,43.49725,730.5497,0.1398821,23.0,10.0,6.0,1.0
26.902552,43.518982,730.71967,0.14205739,23.0,11.0,6.0,1.0
26.906473,43.548874,730.9131,0.14386176,23.0,12.0,6.0,1.0
26.907953,43.585827,731.0928,0.14492558,23.0,13.0,6.0,1.0
26.910208,43.613335,731.2394,0.14612204,23.0,14.0,6.0,1.0
26.914371,43.638573,731.48047,0.1479336,23.0,15.0,6.0,1.0
26.91387,43.68525,731.7802,0.14844546,23.0,16.0,6.0,1.0
26.854559,42.868263,728.09076,0.11522253,22.0,58.0,6.0,1.0
26.862309,42.88456,728.1816,0.11821155,22.0,59.0,6.0,1.0
26.867073,42.931313,728.33124,0.12063381,23.0,0.0,6.0,1.0
26.87289,42.969864,728.4952,0.12328139,23.0,1.0,6.0,1.0
26.878881,43.007385,728.66223,0.12597115,23.0,2.0,6.0,1.0
26.880926,43.065132,728.81476,0.12761664,23.0,3.0,6.0,1.0
26.883364,43.121677,728.9801,0.12937066,23.0,4.0,6.0,1.0
26.886385,43.17521,729.17694,0.13125733,23.0,5.0,6.0,1.0
26.888409,43.231705,729.3835,0.13283218,23.0,6.0,6.0,1.0
26.893095,43.272266,729.5929,0.13507919,23.0,7.0,6.0,1.0
26.893991,43.34091,729.8524,0.13642783,23.0,8.0,6.0,1.0
26.896,43.394802,730.092,0.13793254,23.0,9.0,6.0,1.0
26.896156,43.452145,730.3415,0.13883705,23.0,10.0,6.0,1.0
26.90173,43.47711,730.5309,0.14114851,23.0,11.0,6.0,1.0
26.905853,43.510155,730.7424,0.14306968,23.0,12.0,6.0,1.0
26.907478,43.549946,730.93726,0.14422505,23.0,13.0,6.0,1.0
26.90987,43.57975,731.0965,0.14550261,23.0,14.0,6.0,1.0
26.91416,43.60798,731.291,0.14740883,23.0,15.0,6.0,1.0
26.913736,43.65681,731.58655,0.14798197,23.0,16.0,6.0,1.0
26.913334,43.703102,731.8862,0.14852309,23.0,17.0,6.0,1.0
26.856903,42.867565,728.10333,0.11603739,22.0,59.0,6.0,1.0
26.862377,42.896908,728.21094,0.11843277,23.0,0.0,6.0,1.0
26.867495,42.935562,728.34814,0.12084722,23.0,1.0,6.0,1.0
26.873413,42.97096,728.5097,0.12347767,23.0,2.0,6.0,1.0
26.875376,43.02954,728.66364,0.12510717,23.0,3.0,6.0,1.0
26.877983,43.087914,728.82513,0.12695864,23.0,4.0,6.0,1.0
26.881342,43.13979,729.0063,0.1289463,23.0,5.0,6.0,1.0
26.883842,43.19422,729.20123,0.13066372,23.0,6.0,6.0,1.0
26.889141,43.233315,729.4028,0.13311006,23.0,7.0,6.0,1.0
26.890549,43.300163,729.65326,0.1346159,23.0,8.0,6.0,1.0
26.892878,43.358593,729.9015,0.13630544,23.0,9.0,6.0,1.0
26.893312,43.42002,730.1545,0.13737383,23.0,10.0,6.0,1.0
26.899202,43.448444,730.36536,0.13984661,23.0,11.0,6.0,1.0
26.903595,43.484734,730.5962,0.14190798,23.0,12.0,6.0,1.0
26.90543,43.527386,730.8076,0.14317887,23.0,13.0,6.0,1.0
26.908007,43.559578,730.98035,0.14455558,23.0,14.0,6.0,1.0
26.912474,43.590088,731.18774,0.1465573,23.0,15.0,6.0,1.0
26.912182,43.64125,731.4418,0.14721689,23.0,16.0,6.0,1.0
26.911917,43.688946,731.75433,0.1478253,23.0,17.0,6.0,1.0
26.912594,43.726894,732.0256,0.14861754,23.0,18.0,6.0,1.0
26.860514,42.86178,728.1151,0.11721478,23.0,0.0,6.0,1.0
26.865255,42.880455,728.1945,0.1191809,23.0,1.0,6.0,1.0
26.870504,42.91013,728.33704,0.12148285,23.0,2.0,6.0,1.0
26.871727,42.96535,728.47375,0.12280019,23.0,3.0,6.0,1.0
26.873785,43.023605,728.6283,0.124456786,23.0,4.0,6.0,1.0
26.876995,43.075962,728.7866,0.12641986,23.0,5.0,6.0,1.0
26.879412,43.127068,728.9476,0.12807252,23.0,6.0,6.0,1.0
26.88506,43.15966,729.1163,0.1305509,23.0,7.0,6.0,1.0
26.886852,43.21956,729.3254,0.13210134,23.0,8.0,6.0,1.0
26.889584,43.2725,729.54443,0.13385895,23.0,9.0,6.0,1.0
26.890038,43.33784,729.7852,0.13500375,23.0,10.0,6.0,1.0
26.896385,43.369232,729.9865,0.13768968,23.0,11.0,6.0,1.0
26.9011,43.409416,730.23615,0.13992208,23.0,12.0,6.0,1.0
26.903067,43.456253,730.4712,0.1412989,23.0,13.0,6.0,1.0
26.905834,43.491627,730.66345,0.14278746,23.0,14.0,6.0,1.0
26.910656,43.525955,730.896,0.14496683,23.0,15.0,6.0,1.0
26.910358,43.582348,731.122,0.14570716,23.0,16.0,6.0,1.0
26.91009,43.63551,731.3602,0.1464055,23.0,17.0,6.0,1.0
26.910862,43.67708,731.6616,0.14728253,23.0,18.0,6.0,1.0
26.914068,43.705097,731.9144,0.14880776,23.0,19.0,6.0,1.0
26.864233,42.84708,728.1087,0.11828719,23.0,1.0,6.0,1.0
26.869263,42.85668,728.1986,0.120192155,23.0,2.0,6.0,1.0
26.869919,42.907345,728.3232,0.12123339,23.0,3.0,6.0,1.0
26.871475,42.96353,728.4672,0.12268199,23.0,4.0,6.0,1.0
26.874397,43.01659,728.62396,0.12455547,23.0,5.0,6.0,1.0
26.876791,43.069084,728.77185,0.12623599,23.0,6.0,6.0,1.0
26.88266,43.101017,728.9218,0.12879536,23.0,7.0,6.0,1.0
26.884657,43.157604,729.10834,0.13037568,23.0,8.0,6.0,1.0
26.887833,43.206783,729.30505,0.1322422,23.0,9.0,6.0,1.0
26.888687,43.26758,729.5189,0.13346937,23.0,10.0,6.0,1.0
26.89536,43.30157,729.734,0.13630788,23.0,11.0,6.0,1.0
26.900356,43.345943,729.97095,0.13871329,23.0,12.0,6.0,1.0
26.902481,43.396805,730.2132,0.14020973,23.0,13.0,6.0,1.0
26.905401,43.435383,730.42365,0.14179774,23.0,14.0,6.0,1.0
26.910427,43.473293,730.6766,0.14410028,23.0,15.0,6.0,1.0
26.910196,43.533104,730.9194,0.14491357,23.0,16.0,6.0,1.0
26.909985,43.589684,731.1479,0.14568539,23.0,17.0,6.0,1.0
26.910824,43.634907,731.38196,0.14664795,23.0,18.0,6.0,1.0
26.914158,43.665314,731.6553,0.14825219,23.0,19.0,6.0,1.0
26.916544,43.699356,731.93756,0.14957912,23.0,20.0,6.0,1.0
26.866056,42.835808,728.10815,0.11874034,23.0,2.0,6.0,1.0
26.86644,42.866814,728.1821,0.11937256,23.0,3.0,6.0,1.0
26.867516,42.918404,728.3152,0.12057418,23.0,4.0,6.0,1.0
26.870064,42.96883,728.4618,0.122274026,23.0,5.0,6.0,1.0
26.872223,43.021286,728.6073,0.12387168,23.0,6.0,6.0,1.0
26.878122,43.054207,728.7597,0.12645862,23.0,7.0,6.0,1.0
26.88034,43.110012,728.9193,0.12812462,23.0,8.0,6.0,1.0
26.883797,43.155476,729.0945,0.13003953,23.0,9.0,6.0,1.0
26.885054,43.21225,729.2854,0.13135667,23.0,10.0,6.0,1.0
26.892378,43.241432,729.47736,0.13435988,23.0,11.0,6.0,1.0
26.897749,43.28711,729.7228,0.13691674,23.0,12.0,6.0,1.0
26.900097,43.34193,729.9555,0.13856138,23.0,13.0,6.0,1.0
26.903238,43.38361,730.1675,0.14027794,23.0,14.0,6.0,1.0
26.90854,43.425083,730.4427,0.14272743,23.0,15.0,6.0,1.0
26.908401,43.48843,730.7036,0.14362404,23.0,16.0,6.0,1.0
26.90828,43.548286,730.94885,0.14447533,23.0,17.0,6.0,1.0
26.90923,43.596725,731.1659,0.14552674,23.0,18.0,6.0,1.0
26.912724,43.630363,731.3875,0.14724243,23.0,19.0,6.0,1.0
26.915257,43.666737,731.6907,0.14865406,23.0,20.0,6.0,1.0
26.921356,43.686142,731.89996,0.15107375,23.0,21.0,6.0,1.0
26.863338,42.845757,728.10077,0.117949426,23.0,3.0,6.0,1.0
26.864267,42.878765,728.18475,0.11880481,23.0,4.0,6.0,1.0
26.866219,42.92613,728.31573,0.120246015,23.0,5.0,6.0,1.0
26.867937,42.976048,728.44885,0.12164944,23.0,6.0,6.0,1.0
26.873714,43.008297,728.59906,0.124182254,23.0,7.0,6.0,1.0
26.875881,43.06518,728.7529,0.12585421,23.0,8.0,6.0,1.0
26.879513,43.109943,728.9098,0.12783422,23.0,9.0,6.0,1.0
26.880928,43.163033,729.078,0.12915663,23.0,10.0,6.0,1.0
26.888857,43.187927,729.2515,0.13231413,23.0,11.0,6.0,1.0
26.894865,43.22801,729.46844,0.13502112,23.0,12.0,6.0,1.0
26.89749,43.28369,729.7061,0.13677529,23.0,13.0,6.0,1.0
26.90085,43.32854,729.9153,0.1386229,23.0,14.0,6.0,1.0
26.90648,43.37367,730.18604,0.14125162,23.0,15.0,6.0,1.0
26.906427,43.44078,730.4667,0.14223185,23.0,16.0,6.0,1.0
26.90639,43.50412,730.73004,0.14316326,23.0,17.0,6.0,1.0
26.907457,43.55562,730.96375,0.14430022,23.0,18.0,6.0,1.0
26.911139,43.592255,731.17285,0.14612716,23.0,19.0,6.0,1.0
26.913809,43.632042,731.41876,0.14764506,23.0,20.0,6.0,1.0
26.92015,43.65359,731.6489,0.15018001,23.0,21.0,6.0,1.0
26.922527,43.689392,731.9474,0.15152791,23.0,22.0,6.0,1.0
26.86133,42.856182,728.109,0.11741074,23.0,4.0,6.0,1.0
26.863165,42.88504,728.19183,0.11851748,23.0,5.0,6.0,1.0
26.864439,42.93054,728.3134,0.11969092,23.0,6.0,6.0,1.0
26.869526,42.96212,728.44086,0.12197728,23.0,7.0,6.0,1.0
26.871433,43.018875,728.59186,0.1235573,23.0,8.0,6.0,1.0
26.875063,43.064247,728.74164,0.12555258,23.0,9.0,6.0,1.0
26.876541,43.11726,728.89374,0.12690946,23.0,10.0,6.0,1.0
26.884819,43.138706,729.0499,0.13014181,23.0,11.0,6.0,1.0
26.891436,43.173653,729.2434,0.13299264,23.0,12.0,6.0,1.0
26.894567,43.22429,729.45306,0.13485941,23.0,13.0,6.0,1.0
26.89825,43.268425,729.6604,0.1368116,23.0,14.0,6.0,1.0
26.904222,43.31744,729.9326,0.13962376,23.0,15.0,6.0,1.0
26.90429,43.388588,730.2067,0.14071633,23.0,16.0,6.0,1.0
26.904339,43.4557,730.48987,0.14173205,23.0,17.0,6.0,1.0
26.905529,43.510506,730.7417,0.14295977,23.0,18.0,6.0,1.0
26.909416,43.55008,730.96814,0.14490123,23.0,19.0,6.0,1.0
26.912247,43.59316,731.1936,0.1465268,23.0,20.0,6.0,1.0
26.918835,43.617886,731.37445,0.14920245,23.0,21.0,6.0,1.0
26.921358,43.656166,731.69495,0.15063654,23.0,22.0,6.0,1.0
26.925936,43.67714,731.9312,0.1525337,23.0,23.0,6.0,1.0
26.860907,42.859127,728.11383,0.11730839,23.0,5.0,6.0,1.0
26.862055,42.886456,728.18774,0.11814926,23.0,6.0,6.0,1.0
26.866476,42.914513,728.29333,0.12014879,23.0,7.0,6.0,1.0
26.867977,42.96943,728.4367,0.12155476,23.0,8.0,6.0,1.0
26.87136,43.01436,728.58307,0.12345726,23.0,9.0,6.0,1.0
26.872774,43.067772,728.72034,0.12481064,23.0,10.0,6.0,1.0
26.881248,43.08999,728.8758,0.12812832,23.0,11.0,6.0,1.0
26.888186,43.120728,729.04266,0.13103628,23.0,12.0,6.0,1.0
26.89176,43.16671,729.2287,0.13299674,23.0,13.0,6.0,1.0
26.895882,43.206776,729.414,0.1350497,23.0,14.0,6.0,1.0
26.902367,43.253513,729.6769,0.13801186,23.0,15.0,6.0,1.0
26.902542,43.328865,729.9443,0.13921444,23.0,16.0,6.0,1.0
26.902695,43.40002,730.2247,0.14033467,23.0,17.0,6.0,1.0
26.903996,43.45842,730.4961,0.14165305,23.0,18.0,6.0,1.0
26.908089,43.501198,730.7415,0.14371191,23.0,19.0,6.0,1.0
26.911083,43.547462,730.985,0.14544109,23.0,20.0,6.0,1.0
26.917944,43.574978,731.1827,0.14825201,23.0,21.0,6.0,1.0
26.92058,43.617306,731.41327,0.14979748,23.0,22.0,6.0,1.0
26.925348,43.640575,731.6716,0.15179296,23.0,23.0,6.0,1.0
26.924503,43.693226,732.00024,0.1522756,23.0,24.0,6.0,1.0
26.858912,42.864506,728.1125,0.116692185,23.0,6.0,6.0,1.0
26.863209,42.874355,728.1688,0.11836037,23.0,7.0,6.0,1.0
26.864262,42.924217,728.2989,0.11952558,23.0,8.0,6.0,1.0
26.866924,42.96883,728.42535,0.121176444,23.0,9.0,6.0,1.0
26.868004,43.02182,728.55725,0.122405685,23.0,10.0,6.0,1.0
26.876537,43.04439,728.7145,0.125749,23.0,11.0,6.0,1.0
26.88368,43.07619,728.87854,0.12875335,23.0,12.0,6.0,1.0
26.88755,43.117786,729.02856,0.13076733,23.0,13.0,6.0,1.0
26.892088,43.153526,729.1932,0.13290665,23.0,14.0,6.0,1.0
26.899275,43.194542,729.4277,0.13604014,23.0,15.0,6.0,1.0
26.899723,43.268528,729.6863,0.13732229,23.0,16.0,6.0,1.0
26.900005,43.3439,729.9559,0.1385624,23.0,17.0,6.0,1.0
26.901468,43.406044,730.2298,0.13999884,23.0,18.0,6.0,1.0
26.905802,43.452206,730.496,0.14219046,23.0,19.0,6.0,1.0
26.908997,43.50184,730.7591,0.14403737,23.0,20.0,6.0,1.0
26.916183,43.532276,730.9753,0.14700454,23.0,21.0,6.0,1.0
26.918993,43.5778,731.2134,0.14865814,23.0,22.0,6.0,1.0
26.92397,43.604527,731.40247,0.15078676,23.0,23.0,6.0,1.0
26.923183,43.660076,731.74664,0.15133221,23.0,24.0,6.0,1.0
26.927189,43.685455,731.9826,0.15310177,23.0,25.0,6.0,1.0
26.858156,42.858906,728.09607,0.11633538,23.0,7.0,6.0,1.0
26.858881,42.888058,728.1718,0.1170559,23.0,8.0,6.0,1.0
26.861135,42.925438,728.2831,0.1184418,23.0,9.0,6.0,1.0
26.861853,42.975018,728.40735,0.11948781,23.0,10.0,6.0,1.0
26.869337,43.00221,728.52893,0.12255669,23.0,11.0,6.0,1.0
26.876577,43.034264,728.6959,0.12559791,23.0,12.0,6.0,1.0
26.880566,43.077015,728.84283,0.12767705,23.0,13.0,6.0,1.0
26.885386,43.109093,728.9801,0.12987235,23.0,14.0,6.0,1.0
26.893303,43.144142,729.18787,0.13318104,23.0,15.0,6.0,1.0
26.894241,43.212585,729.4142,0.1345644,23.0,16.0,6.0,1.0
26.894854,43.286526,729.67474,0.13590272,23.0,17.0,6.0,1.0
26.896553,43.35292,729.9374,0.13749772,23.0,18.0,6.0,1.0
26.90125,43.40283,730.2103,0.13987675,23.0,19.0,6.0,1.0
26.904726,43.456318,730.4969,0.14187707,23.0,20.0,6.0,1.0
26.91237,43.489986,730.7353,0.14505072,23.0,21.0,6.0,1.0
26.915442,43.539055,730.9944,0.1468463,23.0,22.0,6.0,1.0
26.920753,43.568607,731.2023,0.14913292,23.0,23.0,6.0,1.0
26.920042,43.628685,731.4646,0.14978257,23.0,24.0,6.0,1.0
26.924316,43.656425,731.724,0.15167981,23.0,25.0,6.0,1.0
26.92797,43.685955,731.9887,0.15338635,23.0,26.0,6.0,1.0
26.852211,42.88153,728.1103,0.114603445,23.0,7.0,6.0,1.0
26.854147,42.89719,728.1655,0.11553137,23.0,8.0,6.0,1.0
26.854412,42.939148,728.2734,0.11629187,23.0,9.0,6.0,1.0
26.861599,42.964127,728.3808,0.11922276,23.0,10.0,6.0,1.0
26.867825,43.001358,728.5132,0.12201084,23.0,11.0,6.0,1.0
26.871845,43.04465,728.6626,0.12411007,23.0,12.0,6.0,1.0
26.876823,43.07743,728.79895,0.12637587,23.0,13.0,6.0,1.0
26.885292,43.109474,728.989,0.12983918,23.0,14.0,6.0,1.0
26.886648,43.173397,729.1905,0.13130982,23.0,15.0,6.0,1.0
26.887775,43.242306,729.42206,0.13276547,23.0,16.0,6.0,1.0
26.889868,43.307537,729.6795,0.13448393,23.0,17.0,6.0,1.0
26.894981,43.360863,729.94403,0.13707057,23.0,18.0,6.0,1.0
26.89879,43.4178,730.2392,0.13924183,23.0,19.0,6.0,1.0
26.90692,43.454334,730.4985,0.14262564,23.0,20.0,6.0,1.0
26.91028,43.506504,730.77716,0.14456649,23.0,21.0,6.0,1.0
26.915956,43.53845,731.0024,0.14701523,23.0,22.0,6.0,1.0
26.915358,43.601875,731.2504,0.14775668,23.0,23.0,6.0,1.0
26.919916,43.632263,731.4696,0.14979759,23.0,24.0,6.0,1.0
26.923843,43.66373,731.75464,0.15162644,23.0,25.0,6.0,1.0
26.9289,43.685307,731.9875,0.15370497,23.0,26.0,6.0,1.0
26.846714,42.89566,728.1119,0.112890914,23.0,8.0,6.0,1.0
26.846561,42.914974,728.1597,0.1131426,23.0,9.0,6.0,1.0
26.85345,42.9305,728.2453,0.11581567,23.0,10.0,6.0,1.0
26.859594,42.964745,728.37415,0.118522644,23.0,11.0,6.0,1.0
26.862984,43.00935,728.50305,0.12043129,23.0,12.0,6.0,1.0
26.867216,43.045868,728.61664,0.12250862,23.0,13.0,6.0,1.0
26.875864,43.079945,728.79846,0.12607701,23.0,14.0,6.0,1.0
26.877304,43.141373,728.9815,0.12754457,23.0,15.0,6.0,1.0
26.878824,43.20515,729.1847,0.12907055,23.0,16.0,6.0,1.0
26.88149,43.26476,729.4112,0.1309169,23.0,17.0,6.0,1.0
26.887186,43.316776,729.67303,0.13369009,23.0,18.0,6.0,1.0
26.89142,43.377537,729.9528,0.13608228,23.0,19.0,6.0,1.0
26.900171,43.41729,730.2307,0.13973135,23.0,20.0,6.0,1.0
26.903889,43.47326,730.5336,0.14185122,23.0,21.0,6.0,1.0
26.910036,43.508095,730.7804,0.1445051,23.0,22.0,6.0,1.0
26.909584,43.575394,731.0483,0.14535458,23.0,23.0,6.0,1.0
26.914516,43.608723,731.2547,0.14757268,23.0,24.0,6.0,1.0
26.91878,43.643303,731.50757,0.14957015,23.0,25.0,6.0,1.0
26.924221,43.6669,731.7633,0.1518113,23.0,26.0,6.0,1.0
26.92624,43.706284,732.0661,0.15309232,23.0,27.0,6.0,1.0
26.841997,42.90389,728.10187,0.1113612,23.0,9.0,6.0,1.0
26.84834,42.898518,728.1288,0.1135085,23.0,10.0,6.0,1.0
26.854095,42.923126,728.2316,0.115924925,23.0,11.0,6.0,1.0
26.857231,42.96562,728.3594,0.11770526,23.0,12.0,6.0,1.0
26.861263,42.999596,728.4666,0.119670786,23.0,13.0,6.0,1.0
26.869026,43.039925,728.6202,0.123047166,23.0,14.0,6.0,1.0
26.87046,43.10223,728.78796,0.12454111,23.0,15.0,6.0,1.0
26.871986,43.163387,728.97235,0.12603328,23.0,16.0,6.0,1.0
26.87505,43.21704,729.1679,0.12793955,23.0,17.0,6.0,1.0
26.881466,43.262543,729.3974,0.1308787,23.0,18.0,6.0,1.0
26.886189,43.321335,729.6695,0.13341536,23.0,19.0,6.0,1.0
26.895533,43.36462,729.94055,0.13733706,23.0,20.0,6.0,1.0
26.899578,43.424667,730.2484,0.13963781,23.0,21.0,6.0,1.0
26.906137,43.46286,730.5193,0.14248276,23.0,22.0,6.0,1.0
26.905779,43.534466,730.80927,0.14342679,23.0,23.0,6.0,1.0
26.911049,43.570843,731.0358,0.14580646,23.0,24.0,6.0,1.0
26.915606,43.609005,731.261,0.14796317,23.0,25.0,6.0,1.0
26.921371,43.635803,731.4807,0.15037094,23.0,26.0,6.0,1.0
26.92359,43.67801,731.80963,0.15176083,23.0,27.0,6.0,1.0
26.92452,43.724174,732.12994,0.15276535,23.0,28.0,6.0,1.0
26.843891,42.885487,728.0697,0.11173546,23.0,10.0,6.0,1.0
26.849255,42.889763,728.1163,0.113690235,23.0,11.0,6.0,1.0
26.851873,42.922092,728.21466,0.115125656,23.0,12.0,6.0,1.0
26.855625,42.953644,728.32025,0.11694785,23.0,13.0,6.0,1.0
26.863272,42.9932,728.4683,0.12027277,23.0,14.0,6.0,1.0
26.86457,43.05547,728.6193,0.121731795,23.0,15.0,6.0,1.0
26.8659,43.118576,728.80035,0.123190284,23.0,16.0,6.0,1.0
26.86864,43.172153,728.9671,0.12499533,23.0,17.0,6.0,1.0
26.875319,43.21348,729.15826,0.12797923,23.0,18.0,6.0,1.0
26.880705,43.26581,729.39667,0.13066477,23.0,19.0,6.0,1.0
26.890808,43.306553,729.6607,0.134817,23.0,20.0,6.0,1.0
26.8952,43.370926,729.9584,0.13731632,23.0,21.0,6.0,1.0
26.90221,43.412613,730.2377,0.14037435,23.0,22.0,6.0,1.0
26.901936,43.488792,730.55096,0.14141448,23.0,23.0,6.0,1.0
26.907557,43.52849,730.79926,0.14396387,23.0,24.0,6.0,1.0
26.91243,43.57,731.04553,0.14627942,23.0,25.0,6.0,1.0
26.918547,43.599976,731.2582,0.14885868,23.0,26.0,6.0,1.0
26.92095,43.646206,731.5329,0.1503805,23.0,27.0,6.0,1.0
26.922033,43.695427,731.8794,0.15148158,23.0,28.0,6.0,1.0
26.926527,43.71883,732.12335,0.15338853,23.0,29.0,6.0,1.0
26.84391,42.880585,728.06055,0.1116624,23.0,11.0,6.0,1.0
26.846123,42.893826,728.1073,0.11265071,23.0,12.0,6.0,1.0
26.849262,42.912495,728.17303,0.11405376,23.0,13.0,6.0,1.0
26.856882,42.951336,728.3275,0.11735049,23.0,14.0,6.0,1.0
26.857876,43.011993,728.4734,0.118675806,23.0,15.0,6.0,1.0
26.859152,43.074482,728.6393,0.120116904,23.0,16.0,6.0,1.0
26.861856,43.129036,728.8101,0.12192308,23.0,17.0,6.0,1.0
26.868052,43.17247,728.9637,0.124792874,23.0,18.0,6.0,1.0
26.873549,43.22126,729.15875,0.12748253,23.0,19.0,6.0,1.0
26.884571,43.25669,729.39923,0.13188766,23.0,20.0,6.0,1.0
26.889536,43.317802,729.68286,0.13454397,23.0,21.0,6.0,1.0
26.897068,43.36301,729.9572,0.13784695,23.0,22.0,6.0,1.0
26.89692,43.443844,730.27454,0.139007,23.0,23.0,6.0,1.0
26.90294,43.486935,730.54596,0.14174409,23.0,24.0,6.0,1.0
26.90818,43.53197,730.8151,0.14423844,23.0,25.0,6.0,1.0
26.914717,43.56496,731.0488,0.14700699,23.0,26.0,6.0,1.0
26.91735,43.61515,731.2969,0.14867269,23.0,27.0,6.0,1.0
26.918606,43.66826,731.6175,0.14989538,23.0,28.0,6.0,1.0
26.923414,43.693974,731.88586,0.1519441,23.0,29.0,6.0,1.0
26.927956,43.715973,732.13416,0.1538425,23.0,30.0,6.0,1.0
26.845367,42.862484,728.0336,0.11188125,23.0,12.0,6.0,1.0
26.848114,42.863716,728.05334,0.112869225,23.0,13.0,6.0,1.0
26.855085,42.888477,728.16187,0.115715176,23.0,14.0,6.0,1.0
26.855675,42.94876,728.3125,0.11688437,23.0,15.0,6.0,1.0
26.856688,43.009384,728.45953,0.11821539,23.0,16.0,6.0,1.0
26.859327,43.06318,728.61127,0.12000086,23.0,17.0,6.0,1.0
26.865524,43.107975,728.7701,0.12289106,23.0,18.0,6.0,1.0
26.870796,43.156876,728.9414,0.12551476,23.0,19.0,6.0,1.0
26.882456,43.18697,729.15576,0.13007155,23.0,20.0,6.0,1.0
26.88804,43.241653,729.4039,0.13286255,23.0,21.0,6.0,1.0
26.896162,43.28366,729.6647,0.13632889,23.0,22.0,6.0,1.0
26.896084,43.369823,729.965,0.1376096,23.0,23.0,6.0,1.0
26.90241,43.417137,730.24426,0.14052135,23.0,24.0,6.0,1.0
26.9079,43.466568,730.5388,0.14316534,23.0,25.0,6.0,1.0
26.914724,43.503574,730.79626,0.14609312,23.0,26.0,6.0,1.0
26.9175,43.558086,731.06683,0.14787054,23.0,27.0,6.0,1.0
26.918818,43.61636,731.32385,0.14920172,23.0,28.0,6.0,1.0
26.923813,43.64583,731.5759,0.15137391,23.0,29.0,6.0,1.0
26.92853,43.670834,731.85065,0.15337566,23.0,30.0,6.0,1.0
26.92901,43.7174,732.1505,0.15423568,23.0,31.0,6.0,1.0
26.847757,42.829315,727.9725,0.11219222,23.0,13.0,6.0,1.0
26.854397,42.83693,728.0391,0.11464745,23.0,14.0,6.0,1.0
26.85416,42.883415,728.1454,0.11530709,23.0,15.0,6.0,1.0
26.854734,42.94303,728.29504,0.11645974,23.0,16.0,6.0,1.0
26.8571,42.995262,728.43506,0.11813002,23.0,17.0,6.0,1.0
26.86333,43.03951,728.57855,0.12103581,23.0,18.0,6.0,1.0
26.868523,43.090313,728.7415,0.12367141,23.0,19.0,6.0,1.0
26.88039,43.12006,728.9447,0.12830226,23.0,20.0,6.0,1.0
26.88639,43.169334,729.16266,0.13116623,23.0,21.0,6.0,1.0
26.895199,43.20621,729.3963,0.13480762,23.0,22.0,6.0,1.0
26.895432,43.289036,729.6758,0.13615458,23.0,23.0,6.0,1.0
26.902082,43.340908,729.95197,0.13925815,23.0,24.0,6.0,1.0
26.907862,43.395077,730.2439,0.14208443,23.0,25.0,6.0,1.0
26.914976,43.43648,730.5269,0.14517692,23.0,26.0,6.0,1.0
26.917894,43.4956,730.8212,0.14707115,23.0,27.0,6.0,1.0
26.919304,43.558384,731.1002,0.1484997,23.0,28.0,6.0,1.0
26.924475,43.59217,731.31915,0.15080371,23.0,29.0,6.0,1.0
26.929342,43.621346,731.5489,0.15292709,23.0,30.0,6.0,1.0
26.929876,43.671326,731.87415,0.15385413,23.0,31.0,6.0,1.0
26.931616,43.708096,732.1442,0.15500218,23.0,32.0,6.0,1.0
26.852434,42.811554,727.9658,0.11355181,23.0,14.0,6.0,1.0
26.85184,42.841854,728.0331,0.113826685,23.0,15.0,6.0,1.0
26.851542,42.886707,728.1342,0.11443867,23.0,16.0,6.0,1.0
26.853493,42.937054,728.2738,0.11592571,23.0,17.0,6.0,1.0
26.859535,42.980362,728.4171,0.11874866,23.0,18.0,6.0,1.0
26.864717,43.030582,728.5688,0.12137959,23.0,19.0,6.0,1.0
26.876293,43.064846,728.7583,0.12599327,23.0,20.0,6.0,1.0
26.882559,43.112072,728.9518,0.12893309,23.0,21.0,6.0,1.0
26.891941,43.14365,729.1602,0.1327043,23.0,22.0,6.0,1.0
26.892595,43.22106,729.4058,0.13413008,23.0,23.0,6.0,1.0
26.899866,43.269073,729.66516,0.13739906,23.0,24.0,6.0,1.0
26.90601,43.327717,729.961,0.14042631,23.0,25.0,6.0,1.0
26.913559,43.373344,730.2372,0.1437453,23.0,26.0,6.0,1.0
26.91667,43.437298,730.5579,0.14577675,23.0,27.0,6.0,1.0
26.918215,43.50481,730.8612,0.14732148,23.0,28.0,6.0,1.0
26.92366,43.54237,731.10223,0.14977542,23.0,29.0,6.0,1.0
26.928768,43.575375,731.3239,0.15204157,23.0,30.0,6.0,1.0
26.929373,43.629932,731.5881,0.15306997,23.0,31.0,6.0,1.0
26.93123,43.66972,731.883,0.15430401,23.0,32.0,6.0,1.0
26.93251,43.710136,732.1656,0.1553471,23.0,33.0,6.0,1.0
26.847853,42.825806,727.9669,0.11216813,23.0,15.0,6.0,1.0
26.847313,42.85615,728.0354,0.11246247,23.0,16.0,6.0,1.0
26.848442,42.89162,728.12634,0.11342545,23.0,17.0,6.0,1.0
26.85419,42.93141,728.2638,0.11608278,23.0,18.0,6.0,1.0
26.859205,42.98088,728.41644,0.11863976,23.0,19.0,6.0,1.0
26.870049,43.020405,728.58,0.12309715,23.0,20.0,6.0,1.0
26.876413,43.068485,728.7687,0.12609276,23.0,21.0,6.0,1.0
26.88624,43.097404,728.9579,0.12998939,23.0,22.0,6.0,1.0
26.887123,43.170025,729.1726,0.13143402,23.0,23.0,6.0,1.0
26.895128,43.212986,729.4072,0.13489515,23.0,24.0,6.0,1.0
26.901962,43.267082,729.68365,0.13810225,23.0,25.0,6.0,1.0
26.910017,43.316628,729.9731,0.14165886,23.0,26.0,6.0,1.0
26.913456,43.385178,730.2816,0.14388743,23.0,27.0,6.0,1.0
26.915184,43.457584,730.6113,0.14556764,23.0,28.0,6.0,1.0
26.920998,43.498844,730.8763,0.14820327,23.0,29.0,6.0,1.0
26.92645,43.53531,731.1202,0.15063907,23.0,30.0,6.0,1.0
26.927189,43.594177,731.3624,0.15178205,23.0,31.0,6.0,1.0
26.929216,43.63773,731.622,0.15313622,23.0,32.0,6.0,1.0
26.930649,43.68107,731.9294,0.15427518,23.0,33.0,6.0,1.0
26.933659,43.70942,732.1713,0.15574019,23.0,34.0,6.0,1.0
26.844534,42.83641,727.96857,0.11117015,23.0,16.0,6.0,1.0
26.84544,42.858273,728.0298,0.11183612,23.0,17.0,6.0,1.0
26.850428,42.88386,728.1209,0.11400079,23.0,18.0,6.0,1.0
26.855125,42.930496,728.2697,0.11639623,23.0,19.0,6.0,1.0
26.86566,42.971386,728.4247,0.12077082,23.0,20.0,6.0,1.0
26.871618,43.021446,728.6043,0.123660885,23.0,21.0,6.0,1.0
26.881598,43.051144,728.79816,0.12762241,23.0,22.0,6.0,1.0
26.882593,43.121204,728.9749,0.12909079,23.0,23.0,6.0,1.0
26.891117,43.159515,729.1875,0.13267016,23.0,24.0,6.0,1.0
26.898634,43.2086,729.4379,0.13605252,23.0,25.0,6.0,1.0
26.907387,43.254093,729.71155,0.13979825,23.0,26.0,6.0,1.0
26.911093,43.327297,730.0255,0.14219579,23.0,27.0,6.0,1.0
26.913033,43.404495,730.3507,0.14403161,23.0,28.0,6.0,1.0
26.919182,43.449673,730.64026,0.1468402,23.0,29.0,6.0,1.0
26.924946,43.48985,730.9073,0.14943829,23.0,30.0,6.0,1.0
26.925804,43.55278,731.17,0.15068258,23.0,31.0,6.0,1.0
26.927979,43.600323,731.3943,0.15215251,23.0,32.0,6.0,1.0
26.929535,43.647316,731.67914,0.15339252,23.0,33.0,6.0,1.0
26.932716,43.67821,731.94354,0.15495479,23.0,34.0,6.0,1.0
26.935816,43.70449,732.17773,0.1564185,23.0,35.0,6.0,1.0
26.841473,42.843746,727.966,0.11021052,23.0,17.0,6.0,1.0
26.84603,42.855976,728.0286,0.112006724,23.0,18.0,6.0,1.0
26.849974,42.887703,728.1291,0.11390059,23.0,19.0,6.0,1.0
26.860434,42.925735,728.2811,0.11819896,23.0,20.0,6.0,1.0
26.865683,42.97893,728.4448,0.12089855,23.0,21.0,6.0,1.0
26.87544,43.01008,728.6301,0.1248103,23.0,22.0,6.0,1.0
26.876328,43.081264,728.7949,0.12627009,23.0,23.0,6.0,1.0
26.885208,43.116543,728.98944,0.12993535,23.0,24.0,6.0,1.0
26.89331,43.16085,729.2175,0.13345776,23.0,25.0,6.0,1.0
26.902878,43.20158,729.4687,0.1374284,23.0,26.0,6.0,1.0
26.907104,43.272064,729.7703,0.13997214,23.0,27.0,6.0,1.0
26.909307,43.354156,730.08966,0.14198448,23.0,28.0,6.0,1.0
26.915895,43.403217,730.38995,0.14500843,23.0,29.0,6.0,1.0
26.922054,43.447132,730.6818,0.14779755,23.0,30.0,6.0,1.0
26.923075,43.5144,730.9668,0.1491618,23.0,31.0,6.0,1.0
26.925465,43.565502,731.21075,0.1507582,23.0,32.0,6.0,1.0
26.927185,43.61669,731.44104,0.15212575,23.0,33.0,6.0,1.0
26.930593,43.650425,731.7117,0.15381041,23.0,34.0,6.0,1.0
26.933908,43.67901,731.96686,0.1553826,23.0,35.0,6.0,1.0
26.935656,43.709686,732.2039,0.15644196,23.0,36.0,6.0,1.0
26.84317,42.835537,727.9585,0.110676505,23.0,18.0,6.0,1.0
26.846638,42.853752,728.02924,0.112183906,23.0,19.0,6.0,1.0
26.856495,42.87628,728.1313,0.11602512,23.0,20.0,6.0,1.0
26.861479,42.927704,728.29565,0.11859629,23.0,21.0,6.0,1.0
26.870514,42.9617,728.46045,0.12231088,23.0,22.0,6.0,1.0
26.871027,43.03352,728.62274,0.12364935,23.0,23.0,6.0,1.0
26.880093,43.069313,728.81354,0.12739359,23.0,24.0,6.0,1.0
26.888622,43.109726,729.0091,0.13102451,23.0,25.0,6.0,1.0
26.898878,43.145687,729.23944,0.1351706,23.0,26.0,6.0,1.0
26.90376,43.210327,729.50824,0.13787133,23.0,27.0,6.0,1.0
26.906328,43.292107,729.8254,0.14000876,23.0,28.0,6.0,1.0
26.913382,43.34552,730.1182,0.1432724,23.0,29.0,6.0,1.0
26.919954,43.3937,730.42206,0.14627291,23.0,30.0,6.0,1.0
26.921124,43.46579,730.73193,0.1477597,23.0,31.0,6.0,1.0
26.923712,43.521076,730.99866,0.14948596,23.0,32.0,6.0,1.0
26.925602,43.576225,731.2497,0.15097103,23.0,33.0,6.0,1.0
26.929214,43.614113,731.4577,0.1527964,23.0,34.0,6.0,1.0
26.93273,43.645702,731.719,0.15448433,23.0,35.0,6.0,1.0
26.934633,43.67886,731.9736,0.15563463,23.0,36.0,6.0,1.0
26.935575,43.70379,732.14526,0.15633354,23.0,37.0,6.0,1.0
26.842804,42.83644,727.9599,0.11056053,23.0,20.0,6.0,1.0
26.852133,42.843723,728.0269,0.11396955,23.0,21.0,6.0,1.0
26.856365,42.879837,728.14246,0.116033,23.0,22.0,6.0,1.0
26.864656,42.914993,728.2889,0.11951119,23.0,23.0,6.0,1.0
26.864927,42.985645,728.4553,0.12074053,23.0,24.0,6.0,1.0
26.873568,43.024437,728.63275,0.12439174,23.0,25.0,6.0,1.0
26.882298,43.06648,728.8345,0.12811905,23.0,26.0,6.0,1.0
26.89315,43.09878,729.03955,0.13243137,23.0,27.0,6.0,1.0
26.89873,43.159065,729.278,0.13532601,23.0,28.0,6.0,1.0
26.90195,43.236816,729.56964,0.13764566,23.0,29.0,6.0,1.0
26.909641,43.291203,729.87103,0.14114778,23.0,30.0,6.0,1.0
26.916744,43.344498,730.1698,0.14442343,23.0,31.0,6.0,1.0
26.91817,43.42199,730.49945,0.14608209,23.0,32.0,6.0,1.0
26.921032,43.481945,730.79224,0.14797173,23.0,33.0,6.0,1.0
26.923155,43.54147,731.06683,0.14960228,23.0,34.0,6.0,1.0
26.927029,43.582943,731.2952,0.1515713,23.0,35.0,6.0,1.0
26.930758,43.618465,731.497,0.15339957,23.0,36.0,6.0,1.0
26.932829,43.654232,731.7703,0.15464762,23.0,37.0,6.0,1.0
26.933907,43.68103,731.9552,0.15542156,23.0,38.0,6.0,1.0
26.935045,43.677685,731.9307,0.1557772,23.0,39.0,6.0,1.0
26.847061,42.83144,727.9617,0.111989245,23.0,21.0,6.0,1.0
26.851046,42.850628,728.03906,0.11369464,23.0,22.0,6.0,1.0
26.85871,42.869926,728.13654,0.11669904,23.0,23.0,6.0,1.0
26.85849,42.938557,728.3024,0.117717415,23.0,24.0,6.0,1.0
26.866148,42.980762,728.4494,0.12109389,23.0,25.0,6.0,1.0
26.874683,43.02399,728.64496,0.12477493,23.0,26.0,6.0,1.0
26.885853,43.05713,728.8568,0.12921071,23.0,27.0,6.0,1.0
26.891869,43.112385,729.053,0.13220353,23.0,28.0,6.0,1.0
26.895721,43.18408,729.3117,0.13466616,23.0,29.0,6.0,1.0
26.90427,43.23478,729.5965,0.13842191,23.0,30.0,6.0,1.0
26.912062,43.28865,729.90393,0.14194758,23.0,31.0,6.0,1.0
26.91381,43.371674,730.2141,0.1438206,23.0,32.0,6.0,1.0
26.916988,43.436497,730.5354,0.14589123,23.0,33.0,6.0,1.0
26.91939,43.50084,730.83673,0.1476885,23.0,34.0,6.0,1.0
26.923616,43.546284,731.0891,0.1498375,23.0,35.0,6.0,1.0
26.927671,43.5853,731.31213,0.15183167,23.0,36.0,6.0,1.0
26.929964,43.62531,731.51447,0.15322833,23.0,37.0,6.0,1.0
26.931225,43.65465,731.7212,0.15410297,23.0,38.0,6.0,1.0
26.932516,43.652588,731.7076,0.15453133,23.0,39.0,6.0,1.0
26.931808,43.648968,731.66144,0.15423512,23.0,40.0,6.0,1.0
26.842876,42.848934,727.9806,0.11079197,23.0,22.0,6.0,1.0
26.85016,42.845875,728.0318,0.11329977,23.0,23.0,6.0,1.0
26.84885,42.896862,728.1433,0.11365161,23.0,24.0,6.0,1.0
26.856327,42.935024,728.28705,0.11689326,23.0,25.0,6.0,1.0
26.863777,42.98284,728.4477,0.12028599,23.0,26.0,6.0,1.0
26.874561,43.019604,728.6412,0.12465681,23.0,27.0,6.0,1.0
26.88073,43.07682,728.84393,0.1277335,23.0,28.0,6.0,1.0
26.884953,43.144688,729.0709,0.13028222,23.0,29.0,6.0,1.0
26.894659,43.188175,729.3243,0.13434838,23.0,30.0,6.0,1.0
26.903482,43.239452,729.6223,0.13820405,23.0,31.0,6.0,1.0
26.905718,43.325123,729.9427,0.14029029,23.0,32.0,6.0,1.0
26.909433,43.395325,730.2544,0.14264444,23.0,33.0,6.0,1.0
26.912264,43.465065,730.5863,0.14467043,23.0,34.0,6.0,1.0
26.917015,43.514908,730.8662,0.1470671,23.0,35.0,6.0,1.0
26.921568,43.557816,731.1138,0.14929189,23.0,36.0,6.0,1.0
26.92424,43.601505,731.33136,0.15087669,23.0,37.0,6.0,1.0
26.925787,43.63446,731.4901,0.15191245,23.0,38.0,6.0,1.0
26.927336,43.6338,731.4901,0.1524506,23.0,39.0,6.0,1.0
26.926805,43.63133,731.46643,0.15223171,23.0,40.0,6.0,1.0
26.927952,43.674526,731.78046,0.15326087,23.0,41.0,6.0,1.0
26.844698,42.834797,727.9625,0.11120522,23.0,23.0,6.0,1.0
26.843018,42.868835,728.03406,0.11115606,23.0,24.0,6.0,1.0
26.849258,42.889416,728.1202,0.113683105,23.0,25.0,6.0,1.0
26.856405,42.93285,728.2745,0.11689235,23.0,26.0,6.0,1.0
26.866135,42.974434,728.4352,0.12098712,23.0,27.0,6.0,1.0
26.871952,43.03307,728.6316,0.12396712,23.0,28.0,6.0,1.0
26.876286,43.101406,728.8407,0.12657894,23.0,29.0,6.0,1.0
26.886621,43.139423,729.0692,0.13078833,23.0,30.0,6.0,1.0
26.896624,43.181545,729.3274,0.1349341,23.0,31.0,6.0,1.0
26.899426,43.265503,729.6352,0.13720125,23.0,32.0,6.0,1.0
26.903698,43.33753,729.94366,0.13978468,23.0,33.0,6.0,1.0
26.906965,43.41332,730.2699,0.14206776,23.0,34.0,6.0,1.0
26.912207,43.468315,730.58325,0.1447086,23.0,35.0,6.0,1.0
26.917225,43.51595,730.8614,0.14716314,23.0,36.0,6.0,1.0
26.920242,43.564148,731.1057,0.14893362,23.0,37.0,6.0,1.0
26.92206,43.600914,731.2767,0.15012117,23.0,38.0,6.0,1.0
26.92387,43.602325,731.2972,0.1507799,23.0,39.0,6.0,1.0
26.923504,43.60179,731.28613,0.15064725,23.0,40.0,6.0,1.0
26.924803,43.648647,731.5272,0.1517929,23.0,41.0,6.0,1.0
26.926493,43.684612,731.815,0.1529029,23.0,42.0,6.0,1.0
26.837868,42.85525,727.9625,0.109130114,23.0,24.0,6.0,1.0
26.843636,42.858437,728.0077,0.11121167,23.0,25.0,6.0,1.0
26.849655,42.88541,728.10974,0.11376205,23.0,26.0,6.0,1.0
26.859142,42.92128,728.259,0.11767572,23.0,27.0,6.0,1.0
26.864151,42.98325,728.44025,0.12043154,23.0,28.0,6.0,1.0
26.867836,43.054867,728.6275,0.122882545,23.0,29.0,6.0,1.0
26.878462,43.09386,728.84375,0.12722346,23.0,30.0,6.0,1.0
26.889107,43.131035,729.07935,0.13152435,23.0,31.0,6.0,1.0
26.89267,43.207245,729.34424,0.13395813,23.0,32.0,6.0,1.0
26.897589,43.2782,729.6458,0.1367599,23.0,33.0,6.0,1.0
26.901405,43.35588,729.96515,0.13927174,23.0,34.0,6.0,1.0
26.90722,43.416397,730.27765,0.14220776,23.0,35.0,6.0,1.0
26.912735,43.469193,730.589,0.14490965,23.0,36.0,6.0,1.0
26.916126,43.522358,730.8627,0.14688212,23.0,37.0,6.0,1.0
26.918243,43.56335,731.05756,0.14823551,23.0,38.0,6.0,1.0
26.920351,43.567307,731.09375,0.14903536,23.0,39.0,6.0,1.0
26.920177,43.569168,731.09607,0.14900501,23.0,40.0,6.0,1.0
26.92165,43.619217,731.33185,0.15026031,23.0,41.0,6.0,1.0
26.923508,43.65834,731.57184,0.1514832,23.0,42.0,6.0,1.0
26.92497,43.692913,731.8465,0.15249376,23.0,43.0,6.0,1.0
26.839151,42.840893,727.93176,0.10935702,23.0,25.0,6.0,1.0
26.844765,42.851685,727.994,0.1115048,23.0,26.0,6.0,1.0
26.853394,42.87187,728.0945,0.114867456,23.0,27.0,6.0,1.0
26.857922,42.92898,728.26465,0.11737291,23.0,28.0,6.0,1.0
26.861296,43.00049,728.4549,0.11970732,23.0,29.0,6.0,1.0
26.870949,43.045795,728.63855,0.12382827,23.0,30.0,6.0,1.0
26.882042,43.082634,728.86414,0.12829314,23.0,31.0,6.0,1.0
26.885838,43.15502,729.09625,0.13076414,23.0,32.0,6.0,1.0
26.89162,43.21752,729.3543,0.13375726,23.0,33.0,6.0,1.0
26.896019,43.29489,729.6692,0.13647522,23.0,34.0,6.0,1.0
26.90252,43.3566,729.97534,0.13967693,23.0,35.0,6.0,1.0
26.908606,43.41495,730.2843,0.14267388,23.0,36.0,6.0,1.0
26.912378,43.47364,730.591,0.14485857,23.0,37.0,6.0,1.0
26.914806,43.51942,730.8133,0.14638977,23.0,38.0,6.0,1.0
26.917234,43.526577,730.86896,0.1473487,23.0,39.0,6.0,1.0
26.917269,43.531403,730.888,0.14743389,23.0,40.0,6.0,1.0
26.918896,43.58454,731.14154,0.14878792,23.0,41.0,6.0,1.0
26.920912,43.626873,731.3534,0.15011705,23.0,42.0,6.0,1.0
26.922514,43.66441,731.5975,0.15122536,23.0,43.0,6.0,1.0
26.923822,43.698414,731.8643,0.15217412,23.0,44.0,6.0,1.0
26.843136,42.819233,727.90625,0.11041399,23.0,26.0,6.0,1.0
26.851278,42.822678,727.96356,0.11333855,23.0,27.0,6.0,1.0
26.855032,42.865025,728.089,0.11533498,23.0,28.0,6.0,1.0
26.857845,42.932983,728.2718,0.11741148,23.0,29.0,6.0,1.0
26.866991,42.980717,728.4472,0.12139612,23.0,30.0,6.0,1.0
26.878063,43.01864,728.6744,0.12587103,23.0,31.0,6.0,1.0
26.881979,43.09167,728.87836,0.12842055,23.0,32.0,6.0,1.0
26.888033,43.151115,729.11163,0.1314716,23.0,33.0,6.0,1.0
26.893215,43.220604,729.38226,0.1343633,23.0,34.0,6.0,1.0
26.900318,43.28299,729.6898,0.13779178,23.0,35.0,6.0,1.0
26.906979,43.342793,729.9932,0.1410192,23.0,36.0,6.0,1.0
26.911106,43.407707,730.29285,0.14343636,23.0,37.0,6.0,1.0
26.913765,43.459095,730.54504,0.14512885,23.0,38.0,6.0,1.0
26.91644,43.47044,730.6234,0.14623497,23.0,39.0,6.0,1.0
26.916613,43.479134,730.66187,0.14642541,23.0,40.0,6.0,1.0
26.918312,43.536076,730.9348,0.14785913,23.0,41.0,6.0,1.0
26.920418,43.58181,731.16406,0.14926943,23.0,42.0,6.0,1.0
26.922098,43.62297,731.366,0.15046449,23.0,43.0,6.0,1.0
26.923485,43.66008,731.60675,0.15149145,23.0,44.0,6.0,1.0
26.924137,43.69748,731.87616,0.15226577,23.0,45.0,6.0,1.0
26.84938,42.79191,727.87854,0.11217857,23.0,27.0,6.0,1.0
26.85255,42.814926,727.9554,0.113661066,23.0,28.0,6.0,1.0
26.85447,42.867245,728.0915,0.11517255,23.0,29.0,6.0,1.0
26.863289,42.910652,728.259,0.1189687,23.0,30.0,6.0,1.0
26.873852,42.952408,728.4792,0.12332995,23.0,31.0,6.0,1.0
26.877516,43.027424,728.68524,0.12582313,23.0,32.0,6.0,1.0
26.88385,43.087315,728.895,0.12900132,23.0,33.0,6.0,1.0
26.889376,43.154583,729.14166,0.13199323,23.0,34.0,6.0,1.0
26.897436,43.209602,729.40955,0.1356627,23.0,35.0,6.0,1.0
26.904701,43.27126,729.7199,0.13913478,23.0,36.0,6.0,1.0
26.90933,43.33798,730.0157,0.14176124,23.0,37.0,6.0,1.0
26.912321,43.395412,730.25995,0.14367515,23.0,38.0,6.0,1.0
26.915272,43.411564,730.3642,0.14494854,23.0,39.0,6.0,1.0
26.915615,43.424656,730.4249,0.14526261,23.0,40.0,6.0,1.0
26.917416,43.485836,730.7194,0.14679363,23.0,41.0,6.0,1.0
26.919643,43.535255,730.96747,0.14830044,23.0,42.0,6.0,1.0
26.92143,43.579803,731.18616,0.14958249,23.0,43.0,6.0,1.0
26.922907,43.620472,731.3815,0.15070072,23.0,44.0,6.0,1.0
26.92364,43.660862,731.6335,0.15155011,23.0,45.0,6.0,1.0
26.92446,43.695656,731.8879,0.15234393,23.0,46.0,6.0,1.0
26.849764,42.786243,727.86597,0.11222472,23.0,28.0,6.0,1.0
26.851004,42.818356,727.9495,0.113175325,23.0,29.0,6.0,1.0
26.859047,42.84463,728.0663,0.11642441,23.0,30.0,6.0,1.0
26.868643,42.885532,728.2578,0.12044021,23.0,31.0,6.0,1.0
26.871895,42.962925,728.4705,0.12282169,23.0,32.0,6.0,1.0
26.8781,43.024445,728.6838,0.12598023,23.0,33.0,6.0,1.0
26.883951,43.09171,728.9025,0.1291104,23.0,34.0,6.0,1.0
26.892582,43.144222,729.1506,0.13295348,23.0,35.0,6.0,1.0
26.900944,43.197964,729.4199,0.13670811,23.0,36.0,6.0,1.0
26.906147,43.267536,729.7269,0.13958338,23.0,37.0,6.0,1.0
26.909645,43.32714,729.9775,0.1417105,23.0,38.0,6.0,1.0
26.913029,43.348164,730.0935,0.14321283,23.0,39.0,6.0,1.0
26.913637,43.366486,730.1689,0.14370161,23.0,40.0,6.0,1.0
26.915611,43.43227,730.46704,0.14536828,23.0,41.0,6.0,1.0
26.918001,43.485775,730.7374,0.14699087,23.0,42.0,6.0,1.0
26.91994,43.533997,730.9758,0.14837919,23.0,43.0,6.0,1.0
26.92155,43.578087,731.18884,0.14959389,23.0,44.0,6.0,1.0
26.922379,43.622326,731.3848,0.1505414,23.0,45.0,6.0,1.0
26.923302,43.660088,731.6293,0.15141882,23.0,46.0,6.0,1.0
26.924913,43.690346,731.8729,0.15241942,23.0,47.0,6.0,1.0
26.848276,42.787025,727.8551,0.11171618,23.0,29.0,6.0,1.0
26.855778,42.792843,727.9166,0.1144511,23.0,30.0,6.0,1.0
26.864157,42.820415,728.0445,0.11783585,23.0,31.0,6.0,1.0
26.866638,42.894436,728.2431,0.11989026,23.0,32.0,6.0,1.0
26.872538,42.958252,728.465,0.1229735,23.0,33.0,6.0,1.0
26.878223,43.027668,728.6878,0.12607951,23.0,34.0,6.0,1.0
26.887293,43.08011,728.91754,0.1300922,23.0,35.0,6.0,1.0
26.89634,43.131332,729.15955,0.13406654,23.0,36.0,6.0,1.0
26.902563,43.193165,729.4242,0.13720156,23.0,37.0,6.0,1.0
26.906567,43.257034,729.6914,0.1395739,23.0,38.0,6.0,1.0
26.910387,43.28422,729.83685,0.14132062,23.0,39.0,6.0,1.0
26.911287,43.308033,729.9365,0.1419934,23.0,40.0,6.0,1.0
26.91361,43.373234,730.1975,0.14378983,23.0,41.0,6.0,1.0
26.916185,43.431084,730.47943,0.14554498,23.0,42.0,6.0,1.0
26.91828,43.483303,730.73975,0.14704508,23.0,43.0,6.0,1.0
26.920034,43.53108,730.97235,0.14836402,23.0,44.0,6.0,1.0
26.920973,43.57887,731.1862,0.14940274,23.0,45.0,6.0,1.0
26.922,43.6205,731.3747,0.15038128,23.0,46.0,6.0,1.0
26.923748,43.65378,731.6063,0.15147729,23.0,47.0,6.0,1.0
26.926344,43.678352,731.8241,0.15273952,23.0,48.0,6.0,1.0
26.851469,42.769855,727.8319,0.11256832,23.0,30.0,6.0,1.0
26.859577,42.775696,727.9031,0.11551392,23.0,31.0,6.0,1.0
26.861107,42.83532,728.0527,0.11700574,23.0,32.0,6.0,1.0
26.865795,42.898556,728.2394,0.11966424,23.0,33.0,6.0,1.0
26.871262,42.97093,728.4734,0.1227353,23.0,34.0,6.0,1.0
26.880472,43.025158,728.7102,0.12682505,23.0,35.0,6.0,1.0
26.890001,43.076675,728.94495,0.13098249,23.0,36.0,6.0,1.0
26.896875,43.137417,729.1852,0.13434912,23.0,37.0,6.0,1.0
26.90184,43.195347,729.4195,0.13698457,23.0,38.0,6.0,1.0
26.906363,43.225155,729.57623,0.13902113,23.0,39.0,6.0,1.0
26.907639,43.254925,729.7037,0.13991438,23.0,40.0,6.0,1.0
26.910217,43.322147,729.97394,0.14183158,23.0,41.0,6.0,1.0
26.913174,43.38108,730.22455,0.14375229,23.0,42.0,6.0,1.0
26.91548,43.43722,730.50336,0.14538439,23.0,43.0,6.0,1.0
26.917421,43.488617,730.75616,0.14682116,23.0,44.0,6.0,1.0
26.918507,43.539936,730.9884,0.14796253,23.0,45.0,6.0,1.0
26.919682,43.584686,731.19324,0.14903857,23.0,46.0,6.0,1.0
26.921587,43.621414,731.37714,0.15024747,23.0,47.0,6.0,1.0
26.924368,43.648533,731.5856,0.15161476,23.0,48.0,6.0,1.0
26.928038,43.667576,731.78235,0.15317085,23.0,49.0,6.0,1.0
26.855953,42.746708,727.80835,0.11377624,23.0,31.0,6.0,1.0
26.85695,42.78471,727.8994,0.114739075,23.0,32.0,6.0,1.0
26.860888,42.83249,728.0419,0.11688536,23.0,33.0,6.0,1.0
26.865192,42.904236,728.24396,0.119546495,23.0,34.0,6.0,1.0
26.874268,42.962128,728.4911,0.12364358,23.0,35.0,6.0,1.0
26.883984,43.016087,728.7351,0.12790488,23.0,36.0,6.0,1.0
26.891289,43.07718,728.96185,0.13144071,23.0,37.0,6.0,1.0
26.89685,43.135693,729.1781,0.13431486,23.0,38.0,6.0,1.0
26.902117,43.167114,729.3403,0.13664268,23.0,39.0,6.0,1.0
26.904106,43.19621,729.4597,0.13778524,23.0,40.0,6.0,1.0
26.907001,43.264652,729.73254,0.1398358,23.0,41.0,6.0,1.0
26.910295,43.32403,729.9854,0.14188361,23.0,42.0,6.0,1.0
26.912924,43.38307,730.23456,0.14369063,23.0,43.0,6.0,1.0
26.915054,43.438606,730.51044,0.14525287,23.0,44.0,6.0,1.0
26.916292,43.49386,730.76355,0.14650434,23.0,45.0,6.0,1.0
26.917616,43.54225,730.9873,0.14768475,23.0,46.0,6.0,1.0
26.9197,43.582153,731.1886,0.14900301,23.0,47.0,6.0,1.0
26.92267,43.61253,731.3589,0.15049022,23.0,48.0,6.0,1.0
26.926548,43.634293,731.53076,0.15216395,23.0,49.0,6.0,1.0
26.928646,43.662727,731.7701,0.15330864,23.0,50.0,6.0,1.0
26.851137,42.762703,727.80536,0.112342104,23.0,32.0,6.0,1.0
26.854685,42.786106,727.8839,0.11396616,23.0,33.0,6.0,1.0
26.858274,42.842102,728.04346,0.116122626,23.0,34.0,6.0,1.0
26.86588,42.90165,728.2418,0.11974908,23.0,35.0,6.0,1.0
26.875746,42.959038,728.5035,0.12411059,23.0,36.0,6.0,1.0
26.883274,43.0233,728.74164,0.12777469,23.0,37.0,6.0,1.0
26.889381,43.082916,728.9487,0.13087003,23.0,38.0,6.0,1.0
26.89552,43.115005,729.10114,0.13352801,23.0,39.0,6.0,1.0
26.898062,43.15017,729.2477,0.13495727,23.0,40.0,6.0,1.0
26.901804,43.209778,729.4739,0.13718876,23.0,41.0,6.0,1.0
26.905483,43.272354,729.7415,0.13942078,23.0,42.0,6.0,1.0
26.908579,43.33058,729.9874,0.14138216,23.0,43.0,6.0,1.0
26.911066,43.390182,730.24255,0.14314568,23.0,44.0,6.0,1.0
26.91252,43.449715,730.5193,0.1445351,23.0,45.0,6.0,1.0
26.914055,43.501953,730.76434,0.14584549,23.0,46.0,6.0,1.0
26.916376,43.545364,730.98535,0.14729758,23.0,47.0,6.0,1.0
26.919607,43.578636,731.17267,0.14891846,23.0,48.0,6.0,1.0
26.923756,43.60316,731.3345,0.15073043,23.0,49.0,6.0,1.0
26.92604,43.63474,731.5288,0.15199217,23.0,50.0,6.0,1.0
26.92846,43.660133,731.7547,0.15320347,23.0,51.0,6.0,1.0
26.85009,42.75562,727.778,0.111862764,23.0,33.0,6.0,1.0
26.853172,42.787514,727.873,0.11345976,23.0,34.0,6.0,1.0
26.860113,42.83098,728.0268,0.116594486,23.0,35.0,6.0,1.0
26.868847,42.889107,728.2524,0.12058288,23.0,36.0,6.0,1.0
26.876413,42.958294,728.5106,0.124331795,23.0,37.0,6.0,1.0
26.882719,43.02216,728.7311,0.12756325,23.0,38.0,6.0,1.0
26.889458,43.059143,728.8986,0.13051333,23.0,39.0,6.0,1.0
26.892765,43.09476,729.0233,0.13223977,23.0,40.0,6.0,1.0
26.896759,43.156624,729.2536,0.13459924,23.0,41.0,6.0,1.0
26.901295,43.21052,729.4745,0.13701817,23.0,42.0,6.0,1.0
26.904713,43.272587,729.73706,0.13915177,23.0,43.0,6.0,1.0
26.90765,43.331203,729.9818,0.14106333,23.0,44.0,6.0,1.0
26.909382,43.395546,730.2428,0.1426371,23.0,45.0,6.0,1.0
26.911121,43.452187,730.5119,0.144083,23.0,46.0,6.0,1.0
26.913677,43.499622,730.7554,0.14567555,23.0,47.0,6.0,1.0
26.91717,43.53632,730.96234,0.14743711,23.0,48.0,6.0,1.0
26.921602,43.56377,731.14154,0.14939052,23.0,49.0,6.0,1.0
26.924076,43.598553,731.3252,0.15076964,23.0,50.0,6.0,1.0
26.926668,43.62719,731.5005,0.1520965,23.0,51.0,6.0,1.0
26.930399,43.643715,731.6967,0.1536312,23.0,52.0,6.0,1.0
26.846647,42.766438,727.77496,0.110828176,23.0,34.0,6.0,1.0
26.85325,42.78459,727.8657,0.11344107,23.0,35.0,6.0,1.0
26.86091,42.829212,728.02966,0.116845906,23.0,36.0,6.0,1.0
26.867579,42.89922,728.26117,0.120301,23.0,37.0,6.0,1.0
26.874075,42.96809,728.503,0.12367316,23.0,38.0,6.0,1.0
26.88143,43.009705,728.6899,0.12691215,23.0,39.0,6.0,1.0
26.885342,43.050945,728.8358,0.12894002,23.0,40.0,6.0,1.0
26.889856,43.109325,729.0303,0.13144937,23.0,41.0,6.0,1.0
26.89482,43.165092,729.25854,0.13404863,23.0,42.0,6.0,1.0
26.899124,43.219448,729.48004,0.13639332,23.0,43.0,6.0,1.0
26.902443,43.281578,729.7414,0.13849281,23.0,44.0,6.0,1.0
26.904625,43.345577,729.9917,0.14022586,23.0,45.0,6.0,1.0
26.906689,43.40667,730.25195,0.14186361,23.0,46.0,6.0,1.0
26.909544,43.45819,730.5193,0.14361951,23.0,47.0,6.0,1.0
26.913355,43.498383,730.74725,0.1455433,23.0,48.0,6.0,1.0
26.918125,43.528847,730.94525,0.14765875,23.0,49.0,6.0,1.0
26.920845,43.566628,731.14606,0.1491673,23.0,50.0,6.0,1.0
26.923666,43.598045,731.3215,0.15061602,23.0,51.0,6.0,1.0
26.92763,43.617416,731.4667,0.15228143,23.0,52.0,6.0,1.0
26.927763,43.656967,731.73334,0.15290985,23.0,53.0,6.0,1.0
26.842756,42.77901,727.7785,0.109660245,23.0,35.0,6.0,1.0
26.850204,42.79152,727.8743,0.112470925,23.0,36.0,6.0,1.0
26.856062,42.844223,728.0482,0.115368,23.0,37.0,6.0,1.0
26.86179,42.91506,728.26166,0.11851296,23.0,38.0,6.0,1.0
26.869238,42.966362,728.4518,0.12194849,23.0,39.0,6.0,1.0
26.874014,43.012245,728.6194,0.12435289,23.0,40.0,6.0,1.0
26.879074,43.073215,728.8189,0.12710041,23.0,41.0,6.0,1.0
26.884737,43.126015,729.0304,0.12990768,23.0,42.0,6.0,1.0
26.889719,43.182175,729.2602,0.1325206,23.0,43.0,6.0,1.0
26.894028,43.238205,729.4883,0.1348915,23.0,44.0,6.0,1.0
26.89669,43.30586,729.75586,0.13684842,23.0,45.0,6.0,1.0
26.899302,43.367916,730.0061,0.13870217,23.0,46.0,6.0,1.0
26.902622,43.423836,730.2798,0.1406933,23.0,47.0,6.0,1.0
26.906878,43.46779,730.5307,0.14282706,23.0,48.0,6.0,1.0
26.912098,43.501476,730.7492,0.14514752,23.0,49.0,6.0,1.0
26.915157,43.542446,730.96857,0.14682117,23.0,50.0,6.0,1.0
26.918291,43.576637,731.1602,0.1484206,23.0,51.0,6.0,1.0
26.922585,43.59825,731.3192,0.15023421,23.0,52.0,6.0,1.0
26.922884,43.64096,731.5425,0.15097378,23.0,53.0,6.0,1.0
26.922802,43.68006,731.79425,0.15152276,23.0,54.0,6.0,1.0
26.839224,42.789898,727.7862,0.10858763,23.0,36.0,6.0,1.0
26.84484,42.808945,727.88855,0.11085513,23.0,37.0,6.0,1.0
26.849825,42.860672,728.0545,0.113428235,23.0,38.0,6.0,1.0
26.857195,42.911716,728.2323,0.11683648,23.0,39.0,6.0,1.0
26.862206,42.967987,728.4088,0.11949617,23.0,40.0,6.0,1.0
26.867039,43.034775,728.5968,0.12226883,23.0,41.0,6.0,1.0
26.873215,43.09128,728.81134,0.12532385,23.0,42.0,6.0,1.0
26.878935,43.144245,729.0237,0.12815395,23.0,43.0,6.0,1.0
26.884008,43.2006,729.2534,0.13080357,23.0,44.0,6.0,1.0
26.887594,43.263485,729.4936,0.13302752,23.0,45.0,6.0,1.0
26.89076,43.32815,729.7573,0.13511552,23.0,46.0,6.0,1.0
26.89473,43.38584,730.01385,0.13737358,23.0,47.0,6.0,1.0
26.899515,43.434036,730.2832,0.13975859,23.0,48.0,6.0,1.0
26.905264,43.471363,730.52563,0.14231579,23.0,49.0,6.0,1.0
26.908714,43.515976,730.7668,0.14418001,23.0,50.0,6.0,1.0
26.912216,43.5533,730.9774,0.14595383,23.0,51.0,6.0,1.0
26.916891,43.57746,731.153,0.14793916,23.0,52.0,6.0,1.0
26.917393,43.62355,731.3463,0.1488045,23.0,53.0,6.0,1.0
26.917486,43.665337,731.59796,0.14945608,23.0,54.0,6.0,1.0
26.918262,43.698593,731.8354,0.15021423,23.0,55.0,6.0,1.0
26.832367,42.811108,727.8046,0.10650348,23.0,37.0,6.0,1.0
26.837624,42.826145,727.8951,0.10858109,23.0,38.0,6.0,1.0
26.845034,42.859356,728.034,0.11171189,23.0,39.0,6.0,1.0
26.85036,42.912136,728.20624,0.11442475,23.0,40.0,6.0,1.0
26.855204,42.98296,728.41504,0.11725561,23.0,41.0,6.0,1.0
26.861305,43.045654,728.6115,0.12040195,23.0,42.0,6.0,1.0
26.86681,43.106884,728.8105,0.12330546,23.0,43.0,6.0,1.0
26.8722,43.163097,729.0119,0.12608093,23.0,44.0,6.0,1.0
26.876572,43.224957,729.24475,0.12857355,23.0,45.0,6.0,1.0
26.880606,43.28683,729.4908,0.13093683,23.0,46.0,6.0,1.0
26.885262,43.34642,729.7585,0.13346577,23.0,47.0,6.0,1.0
26.890781,43.397026,730.00854,0.1361598,23.0,48.0,6.0,1.0
26.89715,43.438503,730.2778,0.13899478,23.0,49.0,6.0,1.0
26.901064,43.487312,730.54376,0.14108202,23.0,50.0,6.0,1.0
26.904997,43.528267,730.77625,0.14306086,23.0,51.0,6.0,1.0
26.910133,43.55538,730.971,0.14524958,23.0,52.0,6.0,1.0
26.910885,43.60487,731.1817,0.14625318,23.0,53.0,6.0,1.0
26.911173,43.65029,731.3901,0.1470341,23.0,54.0,6.0,1.0
26.912172,43.686012,731.64764,0.14790687,23.0,55.0,6.0,1.0
26.91414,43.71066,731.8562,0.14895105,23.0,56.0,6.0,1.0
26.829626,42.815887,727.7724,0.105666764,23.0,38.0,6.0,1.0
26.83448,42.829376,727.88086,0.10752851,23.0,39.0,6.0,1.0
26.840141,42.86846,728.02576,0.110134766,23.0,40.0,6.0,1.0
26.84501,42.931824,728.21844,0.11285255,23.0,41.0,6.0,1.0
26.851126,42.997276,728.42285,0.11604729,23.0,42.0,6.0,1.0
26.856808,43.06058,728.63196,0.11904296,23.0,43.0,6.0,1.0
26.862286,43.121296,728.8291,0.121929005,23.0,44.0,6.0,1.0
26.866566,43.183933,729.02344,0.124424085,23.0,45.0,6.0,1.0
26.87072,43.24658,729.2327,0.12686613,23.0,46.0,6.0,1.0
26.876238,43.303165,729.48486,0.12966356,23.0,47.0,6.0,1.0
26.882475,43.35435,729.74255,0.13261828,23.0,48.0,6.0,1.0
26.889606,43.397793,729.98914,0.135766,23.0,49.0,6.0,1.0
26.893984,43.45107,730.2801,0.1380815,23.0,50.0,6.0,1.0
26.89836,43.495926,730.53766,0.14026995,23.0,51.0,6.0,1.0
26.903973,43.526222,730.75464,0.14267185,23.0,52.0,6.0,1.0
26.904968,43.579525,730.9857,0.14381611,23.0,53.0,6.0,1.0
26.90545,43.62862,731.1874,0.144723,23.0,54.0,6.0,1.0
26.906666,43.667805,731.41144,0.14572741,23.0,55.0,6.0,1.0
26.908888,43.69469,731.64075,0.1468927,23.0,56.0,6.0,1.0
26.909622,43.723785,731.849,0.14757586,23.0,57.0,6.0,1.0
26.828495,42.809074,727.7393,0.10517639,23.0,39.0,6.0,1.0
26.832108,42.83097,727.87177,0.10672251,23.0,40.0,6.0,1.0
26.835802,42.885223,728.0431,0.108869374,23.0,41.0,6.0,1.0
26.842045,42.94425,728.23254,0.11200302,23.0,42.0,6.0,1.0
26.847971,43.009563,728.44556,0.115119964,23.0,43.0,6.0,1.0
26.853302,43.073353,728.6545,0.11799851,23.0,44.0,6.0,1.0
26.85796,43.13855,728.858,0.12066648,23.0,45.0,6.0,1.0
26.862602,43.198658,729.04785,0.12325009,23.0,46.0,6.0,1.0
26.868053,43.257347,729.25195,0.12608907,23.0,47.0,6.0,1.0
26.874653,43.309563,729.4848,0.12920777,23.0,48.0,6.0,1.0
26.882513,43.353523,729.73865,0.13261956,23.0,49.0,6.0,1.0
26.887466,43.40957,730.00635,0.13519534,23.0,50.0,6.0,1.0
26.892271,43.45867,730.29034,0.13759488,23.0,51.0,6.0,1.0
26.89835,43.492466,730.53076,0.14021042,23.0,52.0,6.0,1.0
26.899582,43.549797,730.78314,0.14149705,23.0,53.0,6.0,1.0
26.900269,43.602478,731.0031,0.14252701,23.0,54.0,6.0,1.0
26.901693,43.64524,731.198,0.14366344,23.0,55.0,6.0,1.0
26.904156,43.674946,731.4167,0.14495744,23.0,56.0,6.0,1.0
26.905071,43.70626,731.6434,0.1457354,23.0,57.0,6.0,1.0
26.906971,43.725735,731.80945,0.14668247,23.0,58.0,6.0,1.0
26.828865,42.797947,727.7305,0.105111875,23.0,40.0,6.0,1.0
26.831848,42.83262,727.8777,0.106660604,23.0,41.0,6.0,1.0
26.836111,42.8843,728.0479,0.108959235,23.0,42.0,6.0,1.0
26.842054,42.94474,728.2381,0.11201005,23.0,43.0,6.0,1.0
26.847622,43.010662,728.4499,0.11501061,23.0,44.0,6.0,1.0
26.851969,43.079872,728.6668,0.11762773,23.0,45.0,6.0,1.0
26.856787,43.14319,728.8668,0.12032266,23.0,46.0,6.0,1.0
26.862713,43.200043,729.05615,0.123307385,23.0,47.0,6.0,1.0
26.869429,43.252934,729.2464,0.12650622,23.0,48.0,6.0,1.0
26.87785,43.29695,729.48596,0.13013,23.0,49.0,6.0,1.0
26.883333,43.353676,729.7543,0.13290541,23.0,50.0,6.0,1.0
26.888603,43.406445,730.0184,0.13553895,23.0,51.0,6.0,1.0
26.895073,43.44448,730.2849,0.13835223,23.0,52.0,6.0,1.0
26.896507,43.50623,730.5602,0.13977373,23.0,53.0,6.0,1.0
26.897362,43.562813,730.79987,0.1409209,23.0,54.0,6.0,1.0
26.898977,43.608967,731.0124,0.14217308,23.0,55.0,6.0,1.0
26.90163,43.642178,731.1906,0.14359227,23.0,56.0,6.0,1.0
26.90269,43.676334,731.4021,0.14446637,23.0,57.0,6.0,1.0
26.904753,43.697773,731.58466,0.14549927,23.0,58.0,6.0,1.0
26.905125,43.725018,731.76996,0.1460298,23.0,59.0,6.0,1.0
26.82634,42.81013,727.69995,0.104498625,23.0,41.0,6.0,1.0
26.830248,42.83567,727.87036,0.106171004,23.0,42.0,6.0,1.0
26.833609,42.887493,728.0528,0.108126275,23.0,43.0,6.0,1.0
26.83815,42.952427,728.25574,0.11073913,23.0,44.0,6.0,1.0
26.842834,43.02294,728.48,0.11349393,23.0,45.0,6.0,1.0
26.84765,43.08998,728.69226,0.116244264,23.0,46.0,6.0,1.0
26.853683,43.150623,728.89154,0.119326726,23.0,47.0,6.0,1.0
26.86114,43.202812,729.072,0.12278257,23.0,48.0,6.0,1.0
26.869371,43.25101,729.253,0.12644711,23.0,49.0,6.0,1.0
26.875397,43.309807,729.51575,0.12945679,23.0,50.0,6.0,1.0
26.881361,43.36267,729.77625,0.13234074,23.0,51.0,6.0,1.0
26.888435,43.40512,730.0406,0.1354429,23.0,52.0,6.0,1.0
26.890182,43.471745,730.34076,0.1370466,23.0,53.0,6.0,1.0
26.891308,43.532623,730.6018,0.13835135,23.0,54.0,6.0,1.0
26.893204,43.582485,730.8334,0.13975766,23.0,55.0,6.0,1.0
26.896158,43.618786,731.02826,0.14132714,23.0,56.0,6.0,1.0
26.897423,43.656338,731.19836,0.14233111,23.0,57.0,6.0,1.0
26.899714,43.67999,731.39294,0.14347598,23.0,58.0,6.0,1.0
26.900244,43.70921,731.593,0.14409216,23.0,59.0,6.0,1.0
26.9011,43.732456,731.76196,0.14473201,0.0,0.0,0.0,0.0
26.824663,42.81741,727.6809,0.104191996,23.0,42.0,6.0,1.0
26.828646,42.843925,727.8656,0.10577082,23.0,43.0,6.0,1.0
26.831749,42.894997,728.04706,0.107622825,23.0,44.0,6.0,1.0
26.83465,42.96662,728.2798,0.109731674,23.0,45.0,6.0,1.0
26.83831,43.03784,728.5055,0.11212246,23.0,46.0,6.0,1.0
26.84467,43.100952,728.7154,0.11535571,23.0,47.0,6.0,1.0
26.852053,43.155914,728.9022,0.11882866,23.0,48.0,6.0,1.0
26.86107,43.202892,729.0739,0.12275839,23.0,49.0,6.0,1.0
26.867302,43.260464,729.2753,0.1258582,23.0,50.0,6.0,1.0
26.87334,43.319103,729.526,0.12887593,23.0,51.0,6.0,1.0
26.881227,43.360386,729.7761,0.13225338,23.0,52.0,6.0,1.0
26.883345,43.43235,730.07855,0.13407518,23.0,53.0,6.0,1.0
26.884745,43.498024,730.36475,0.13554668,23.0,54.0,6.0,1.0
26.886946,43.552055,730.619,0.13712102,23.0,55.0,6.0,1.0
26.890236,43.59183,730.834,0.13885963,23.0,56.0,6.0,1.0
26.89175,43.632607,731.02124,0.13999769,23.0,57.0,6.0,1.0
26.894287,43.65952,731.1667,0.14128505,23.0,58.0,6.0,1.0
26.895006,43.691193,731.3776,0.14200352,23.0,59.0,6.0,1.0
26.89605,43.71644,731.5629,0.142738,0.0,0.0,0.0,0.0
26.89737,43.729156,731.72986,0.14336385,0.0,1.0,0.0,0.0
26.821476,42.822945,727.6194,0.10376757,23.0,43.0,6.0,1.0
26.82697,42.85123,727.8675,0.105322376,23.0,44.0,6.0,1.0
26.82955,42.905743,728.05286,0.10704648,23.0,45.0,6.0,1.0
26.832384,42.973263,728.2779,0.10906513,23.0,46.0,6.0,1.0
26.836184,43.04497,728.523,0.11148061,23.0,47.0,6.0,1.0
26.84325,43.104954,728.7258,0.11491171,23.0,48.0,6.0,1.0
26.852161,43.15481,728.90356,0.118846856,23.0,49.0,6.0,1.0
26.859037,43.211876,729.09753,0.12217319,23.0,50.0,6.0,1.0
26.865656,43.266747,729.2946,0.12536687,23.0,51.0,6.0,1.0
26.87339,43.315865,729.52783,0.12883526,23.0,52.0,6.0,1.0
26.876059,43.38811,729.8035,0.13086997,23.0,53.0,6.0,1.0
26.877773,43.459064,730.10565,0.13253483,23.0,54.0,6.0,1.0
26.880304,43.517754,730.38513,0.13429256,23.0,55.0,6.0,1.0
26.883963,43.561443,730.6225,0.13621669,23.0,56.0,6.0,1.0
26.885746,43.6058,730.82886,0.137502,23.0,57.0,6.0,1.0
26.888573,43.63566,730.99084,0.13893415,23.0,58.0,6.0,1.0
26.88948,43.67087,731.1457,0.13977943,23.0,59.0,6.0,1.0
26.890732,43.698395,731.34973,0.14062005,0.0,0.0,0.0,0.0
26.892225,43.71281,731.53186,0.14133051,0.0,1.0,0.0,0.0
26.89703,43.70249,731.60736,0.14283098,0.0,2.0,0.0,0.0
26.817743,42.824993,727.5075,0.10323655,23.0,44.0,6.0,1.0
26.824642,42.86303,727.874,0.1047227,23.0,45.0,6.0,1.0
26.827438,42.914974,728.0512,0.106481016,23.0,46.0,6.0,1.0
26.830954,42.979546,728.27966,0.10867989,23.0,47.0,6.0,1.0
26.835367,43.04726,728.5216,0.11123962,23.0,48.0,6.0,1.0
26.843128,43.104244,728.7241,0.11485618,23.0,49.0,6.0,1.0
26.84992,43.16314,728.91974,0.11818145,23.0,50.0,6.0,1.0
26.85707,43.217003,729.1072,0.1215532,23.0,51.0,6.0,1.0
26.865454,43.262142,729.286,0.12521924,23.0,52.0,6.0,1.0
26.868143,43.33958,729.553,0.12735763,23.0,53.0,6.0,1.0
26.870016,43.41365,729.80743,0.12915267,23.0,54.0,6.0,1.0
26.872824,43.478058,730.1112,0.13109396,23.0,55.0,6.0,1.0
26.87689,43.52615,730.3746,0.13322563,23.0,56.0,6.0,1.0
26.878973,43.574623,730.6034,0.13467546,23.0,57.0,6.0,1.0
26.882133,43.607864,730.7849,0.1362742,23.0,58.0,6.0,1.0
26.883278,43.646397,730.95496,0.1372514,23.0,59.0,6.0,1.0
26.884752,43.67755,731.1007,0.13823305,0.0,0.0,0.0,0.0
26.886457,43.69405,731.30206,0.13904701,0.0,1.0,0.0,0.0
26.891542,43.68493,731.39136,0.140662,0.0,2.0,0.0,0.0
26.892815,43.689693,731.5474,0.14113815,0.0,3.0,0.0,0.0
26.81289,42.829998,727.3652,0.10256728,23.0,45.0,6.0,1.0
26.82092,42.86926,727.8455,0.10411814,23.0,46.0,6.0,1.0
26.826038,42.92243,728.06244,0.10612019,23.0,47.0,6.0,1.0
26.830294,42.982735,728.2863,0.10850349,23.0,48.0,6.0,1.0
26.835363,43.0472,728.5283,0.11123286,23.0,49.0,6.0,1.0
26.840813,43.11384,728.7497,0.11417966,23.0,50.0,6.0,1.0
26.848036,43.168934,728.93634,0.11759817,23.0,51.0,6.0,1.0
26.856895,43.21369,729.10834,0.1214314,23.0,52.0,6.0,1.0
26.860477,43.284843,729.3362,0.1238058,23.0,53.0,6.0,1.0
26.862806,43.361607,729.5977,0.12580666,23.0,54.0,6.0,1.0
26.865744,43.430195,729.85516,0.12788609,23.0,55.0,6.0,1.0
26.869497,43.487686,730.12195,0.13006659,23.0,56.0,6.0,1.0
26.87175,43.541443,730.36993,0.13165759,23.0,57.0,6.0,1.0
26.875267,43.5783,730.57196,0.13343392,23.0,58.0,6.0,1.0
26.876663,43.620422,730.76056,0.1345529,23.0,59.0,6.0,1.0
26.8784,43.65465,730.92267,0.13567197,0.0,0.0,0.0,0.0
26.880312,43.674274,731.06995,0.13661268,0.0,1.0,0.0,0.0
26.8857,43.66651,731.17444,0.13835289,0.0,2.0,0.0,0.0
26.887114,43.672752,731.3443,0.13889918,0.0,3.0,0.0,0.0
26.88918,43.6694,731.46173,0.13953221,0.0,4.0,0.0,0.0
26.80626,42.82914,727.0466,0.10162297,23.0,46.0,6.0,1.0
26.816957,42.865097,727.8054,0.103432156,23.0,47.0,6.0,1.0
26.824934,42.91786,728.0675,0.10565567,23.0,48.0,6.0,1.0
26.829956,42.97494,728.28906,0.10824818,23.0,49.0,6.0,1.0
26.833776,43.04555,728.5358,0.11064983,23.0,50.0,6.0,1.0
26.838009,43.11343,728.7688,0.113156594,23.0,51.0,6.0,1.0
26.846947,43.15972,728.93585,0.11704606,23.0,52.0,6.0,1.0
26.850687,43.2317,729.1559,0.11949597,23.0,53.0,6.0,1.0
26.85381,43.30389,729.3838,0.12172486,23.0,54.0,6.0,1.0
26.85729,43.37575,729.64,0.12405402,23.0,55.0,6.0,1.0
26.861662,43.4361,729.89734,0.12650666,23.0,56.0,6.0,1.0
26.864023,43.496685,730.1597,0.12824613,23.0,57.0,6.0,1.0
26.86733,43.54171,730.3631,0.13008824,23.0,58.0,6.0,1.0
26.86875,43.58977,730.5629,0.13131136,23.0,59.0,6.0,1.0
26.87057,43.62911,730.7362,0.13254163,0.0,0.0,0.0,0.0
26.872747,43.65176,730.88916,0.13362207,0.0,1.0,0.0,0.0
26.878494,43.646126,730.9773,0.13552265,0.0,2.0,0.0,0.0
26.880075,43.654446,731.15063,0.13615957,0.0,3.0,0.0,0.0
26.882309,43.65255,731.2815,0.13687196,0.0,4.0,0.0,0.0
26.88459,43.647472,731.4006,0.13755083,0.0,5.0,0.0,0.0
26.805538,42.834476,727.1386,0.1015232,23.0,47.0,6.0,1.0
26.817244,42.878048,727.83905,0.10361381,23.0,48.0,6.0,1.0
26.825594,42.929886,728.0951,0.10607612,23.0,49.0,6.0,1.0
26.82953,42.993713,728.3227,0.10840923,23.0,50.0,6.0,1.0
26.833496,43.06019,728.56134,0.11079398,23.0,51.0,6.0,1.0
26.83898,43.118732,728.7785,0.11358967,23.0,52.0,6.0,1.0
26.843052,43.188572,728.9852,0.11612805,23.0,53.0,6.0,1.0
26.846327,43.25892,729.19836,0.11838817,23.0,54.0,6.0,1.0
26.850222,43.32543,729.42084,0.12079584,23.0,55.0,6.0,1.0
26.855175,43.386513,729.6545,0.12347751,23.0,56.0,6.0,1.0
26.85794,43.449356,729.9115,0.12540096,23.0,57.0,6.0,1.0
26.861614,43.498272,730.13666,0.1274285,23.0,58.0,6.0,1.0
26.863295,43.550293,730.357,0.12880176,23.0,59.0,6.0,1.0
26.865274,43.593914,730.54517,0.13015458,0.0,0.0,0.0,0.0
26.867287,43.62202,730.70135,0.13126706,0.0,1.0,0.0,0.0
26.872929,43.62111,730.78784,0.1332133,0.0,2.0,0.0,0.0
26.874695,43.632095,730.9105,0.13396066,0.0,3.0,0.0,0.0
26.877127,43.631897,731.0373,0.13476907,0.0,4.0,0.0,0.0
26.8796,43.628136,731.1709,0.13553323,0.0,5.0,0.0,0.0
26.878115,43.645164,731.34845,0.1352335,0.0,6.0,0.0,0.0
26.812428,42.84006,727.57336,0.102507316,23.0,48.0,6.0,1.0
26.824116,42.88168,727.9576,0.10481405,23.0,49.0,6.0,1.0
26.82798,42.93641,728.14874,0.10697954,23.0,50.0,6.0,1.0
26.831919,43.000805,728.38196,0.10932147,23.0,51.0,6.0,1.0
26.836882,43.06129,728.6122,0.11195174,23.0,52.0,6.0,1.0
26.840132,43.1367,728.83374,0.11427829,23.0,53.0,6.0,1.0
26.843555,43.205505,729.0327,0.11657251,23.0,54.0,6.0,1.0
26.84777,43.270935,729.24304,0.11908469,23.0,55.0,6.0,1.0
26.852997,43.33035,729.46027,0.121846005,23.0,56.0,6.0,1.0
26.856073,43.39402,729.6882,0.12390649,23.0,57.0,6.0,1.0
26.85998,43.446117,729.9188,0.12606795,23.0,58.0,6.0,1.0
26.8618,43.502064,730.15753,0.12754749,23.0,59.0,6.0,1.0
26.863924,43.549255,730.36237,0.12900476,0.0,0.0,0.0,0.0
26.866074,43.580196,730.53217,0.13020761,0.0,1.0,0.0,0.0
26.871696,43.58268,730.62286,0.13220264,0.0,2.0,0.0,0.0
26.873585,43.595394,730.75525,0.13301805,0.0,3.0,0.0,0.0
26.87613,43.59694,730.85114,0.13389581,0.0,4.0,0.0,0.0
26.878704,43.59476,730.95135,0.13472351,0.0,5.0,0.0,0.0
26.877268,43.61285,731.13745,0.13445623,0.0,6.0,0.0,0.0
26.876177,43.627907,731.2989,0.13426872,0.0,7.0,0.0,0.0
26.81671,42.85575,727.7734,0.10329799,23.0,49.0,6.0,1.0
26.82494,42.897247,728.0106,0.105335414,23.0,50.0,6.0,1.0
26.828896,42.949448,728.2016,0.10749078,23.0,51.0,6.0,1.0
26.833624,43.00728,728.431,0.109993346,23.0,52.0,6.0,1.0
26.836117,43.086224,728.6705,0.112087786,23.0,53.0,6.0,1.0
26.838274,43.16205,728.89374,0.11402088,23.0,54.0,6.0,1.0
26.842506,43.226677,729.091,0.11652969,23.0,55.0,6.0,1.0
26.848124,43.282574,729.2837,0.11938726,23.0,56.0,6.0,1.0
26.851446,43.347786,729.51245,0.12156232,23.0,57.0,6.0,1.0
26.85584,43.399593,729.70844,0.12390772,23.0,58.0,6.0,1.0
26.85791,43.459415,729.9625,0.1255337,23.0,59.0,6.0,1.0
26.86027,43.510307,730.18524,0.1271288,0.0,0.0,0.0,0.0
26.862627,43.544266,730.36993,0.12844887,0.0,1.0,0.0,0.0
26.868134,43.551224,730.461,0.13048056,0.0,2.0,0.0,0.0
26.869892,43.56759,730.59564,0.13131166,0.0,3.0,0.0,0.0
26.87259,43.57061,730.70044,0.13226332,0.0,4.0,0.0,0.0
26.875294,43.569885,730.7941,0.1331597,0.0,5.0,0.0,0.0
26.873884,43.589886,730.9369,0.13293582,0.0,6.0,0.0,0.0
26.87283,43.606064,731.1069,0.13277711,0.0,7.0,0.0,0.0
26.872509,43.625904,731.32794,0.13292329,0.0,8.0,0.0,0.0
26.817423,42.87324,727.8329,0.1035942,23.0,50.0,6.0,1.0
26.825218,42.90992,728.0496,0.10562808,23.0,51.0,6.0,1.0
26.830013,42.95498,728.2385,0.10795123,23.0,52.0,6.0,1.0
26.832348,43.03113,728.4747,0.109942764,23.0,53.0,6.0,1.0
26.834421,43.1074,728.70374,0.11185102,23.0,54.0,6.0,1.0
26.837215,43.177937,728.9238,0.11391392,23.0,55.0,6.0,1.0
26.84173,43.237064,729.1208,0.11641491,23.0,56.0,6.0,1.0
26.845592,43.296337,729.3136,0.11870454,23.0,57.0,6.0,1.0
26.850075,43.350677,729.5157,0.1211206,23.0,58.0,6.0,1.0
26.852617,43.409706,729.7253,0.12292241,23.0,59.0,6.0,1.0
26.855268,43.464783,729.969,0.12468091,0.0,0.0,0.0,0.0
26.857883,43.502296,730.17206,0.1261446,0.0,1.0,0.0,0.0
26.863749,43.511864,730.2771,0.12834103,0.0,2.0,0.0,0.0
26.865576,43.531635,730.4212,0.12924923,0.0,3.0,0.0,0.0
26.867939,43.540035,730.5215,0.13017805,0.0,4.0,0.0,0.0
26.870684,43.542137,730.62134,0.13113402,0.0,5.0,0.0,0.0
26.869337,43.56453,730.73895,0.13097097,0.0,6.0,0.0,0.0
26.868338,43.58282,730.88275,0.13086724,0.0,7.0,0.0,0.0
26.868105,43.60434,731.11774,0.13106807,0.0,8.0,0.0,0.0
26.867212,43.635468,731.40265,0.13118155,0.0,9.0,0.0,0.0
26.816036,42.889,727.8603,0.10353268,23.0,51.0,6.0,1.0
26.825422,42.914604,728.0795,0.10575996,23.0,52.0,6.0,1.0
26.827835,42.97788,728.2782,0.107574165,23.0,53.0,6.0,1.0
26.830044,43.051357,728.5033,0.10948204,23.0,54.0,6.0,1.0
26.832777,43.12246,728.731,0.111528866,23.0,55.0,6.0,1.0
26.836142,43.185154,728.9438,0.11365593,23.0,56.0,6.0,1.0
26.838675,43.24914,729.1467,0.11552662,23.0,57.0,6.0,1.0
26.842932,43.30135,729.32855,0.117830336,23.0,58.0,6.0,1.0
26.845589,43.363483,729.5435,0.11972362,23.0,59.0,6.0,1.0
26.848492,43.41898,729.756,0.12159256,0.0,0.0,0.0,0.0
26.851427,43.460407,729.9779,0.123227164,0.0,1.0,0.0,0.0
26.857725,43.472878,730.0977,0.12561966,0.0,2.0,0.0,0.0
26.859793,43.495605,730.2563,0.12665668,0.0,3.0,0.0,0.0
26.862398,43.50645,730.3688,0.1277073,0.0,4.0,0.0,0.0
26.864975,43.51322,730.46814,0.12868373,0.0,5.0,0.0,0.0
26.863886,43.536903,730.6016,0.1286265,0.0,6.0,0.0,0.0
26.86308,43.556942,730.7164,0.12861809,0.0,7.0,0.0,0.0
26.862932,43.58074,730.94653,0.128885,0.0,8.0,0.0,0.0
26.862234,43.613266,731.2487,0.12908407,0.0,9.0,0.0,0.0
26.863195,43.633644,731.4912,0.12968898,0.0,10.0,0.0,0.0
26.821156,42.88858,727.94904,0.10435181,23.0,52.0,6.0,1.0
26.825293,42.934475,728.1226,0.10603513,23.0,53.0,6.0,1.0
26.827417,42.998814,728.31836,0.10777116,23.0,54.0,6.0,1.0
26.830166,43.067825,728.54175,0.10978882,23.0,55.0,6.0,1.0
26.833506,43.131107,728.76,0.11191378,23.0,56.0,6.0,1.0
26.835926,43.19388,728.95807,0.113725595,23.0,57.0,6.0,1.0
26.83902,43.24879,729.1439,0.11564212,23.0,58.0,6.0,1.0
26.841663,43.306625,729.3301,0.11746932,23.0,59.0,6.0,1.0
26.844835,43.363487,729.5323,0.11946222,0.0,0.0,0.0,0.0
26.847832,43.40491,729.7197,0.12113403,0.0,1.0,0.0,0.0
26.85449,43.42068,729.8576,0.12370046,0.0,2.0,0.0,0.0
26.856754,43.44667,730.0332,0.124854706,0.0,3.0,0.0,0.0
26.85958,43.460278,730.1603,0.12602231,0.0,4.0,0.0,0.0
26.862368,43.469612,730.2734,0.12711094,0.0,5.0,0.0,0.0
26.861368,43.495907,730.41943,0.127124,0.0,6.0,0.0,0.0
26.860657,43.5182,730.54517,0.1271819,0.0,7.0,0.0,0.0
26.8606,43.545216,730.7002,0.12753788,0.0,8.0,0.0,0.0
26.859997,43.58005,731.011,0.127805,0.0,9.0,0.0,0.0
26.861082,43.602253,731.26886,0.12847924,0.0,10.0,0.0,0.0
26.860504,43.637398,731.5916,0.12875913,0.0,11.0,0.0,0.0
26.820469,42.909466,727.99,0.104458235,23.0,53.0,6.0,1.0
26.824274,42.954117,728.1501,0.106009774,23.0,54.0,6.0,1.0
26.827003,43.01461,728.34705,0.10788747,23.0,55.0,6.0,1.0
26.830412,43.07566,728.5612,0.10999936,23.0,56.0,6.0,1.0
26.832813,43.13878,728.7634,0.111807,23.0,57.0,6.0,1.0
26.83575,43.192284,728.94574,0.11364513,23.0,58.0,6.0,1.0
26.837849,43.2503,729.1259,0.11527498,23.0,59.0,6.0,1.0
26.840078,43.305634,729.30817,0.116903394,0.0,0.0,0.0,0.0
26.843323,43.347546,729.48474,0.11867394,0.0,1.0,0.0,0.0
26.85012,43.363297,729.59406,0.12130242,0.0,2.0,0.0,0.0
26.852657,43.392605,729.7769,0.1226057,0.0,3.0,0.0,0.0
26.855751,43.40951,729.92175,0.123915836,0.0,4.0,0.0,0.0
26.858805,43.42196,730.05176,0.1251427,0.0,5.0,0.0,0.0
26.857916,43.451473,730.2135,0.12524162,0.0,6.0,0.0,0.0
26.857317,43.47657,730.353,0.12538071,0.0,7.0,0.0,0.0
26.857395,43.50642,730.52216,0.12582624,0.0,8.0,0.0,0.0
26.856884,43.54516,730.74884,0.1261949,0.0,9.0,0.0,0.0
26.858122,43.569588,731.02606,0.12695429,0.0,10.0,0.0,0.0
26.857645,43.606956,731.367,0.12730145,0.0,11.0,0.0,0.0
26.859034,43.636017,731.68176,0.12818047,0.0,12.0,0.0,0.0
26.819756,42.92676,728.0149,0.104524516,23.0,54.0,6.0,1.0
26.82416,42.966713,728.1703,0.106177434,23.0,55.0,6.0,1.0
26.827541,43.019737,728.3603,0.10815509,23.0,56.0,6.0,1.0
26.829933,43.080647,728.5572,0.10992368,23.0,57.0,6.0,1.0
26.83286,43.13453,728.74396,0.11176193,23.0,58.0,6.0,1.0
26.83485,43.19226,728.9236,0.113347545,23.0,59.0,6.0,1.0
26.837152,43.245377,729.0941,0.11496789,0.0,0.0,0.0,0.0
26.839472,43.286194,729.2515,0.11638849,0.0,1.0,0.0,0.0
26.846027,43.30334,729.3622,0.118947655,0.0,2.0,0.0,0.0
26.848835,43.33191,729.5074,0.12035033,0.0,3.0,0.0,0.0
26.852276,43.351284,729.646,0.12182803,0.0,4.0,0.0,0.0
26.8556,43.367332,729.7956,0.12320267,0.0,5.0,0.0,0.0
26.854824,43.40045,729.9754,0.12339421,0.0,6.0,0.0,0.0
26.854347,43.428677,730.1306,0.123620495,0.0,7.0,0.0,0.0
26.854565,43.461666,730.3157,0.124161504,0.0,8.0,0.0,0.0
26.854168,43.50382,730.53204,0.12462319,0.0,9.0,0.0,0.0
26.85554,43.531723,730.7403,0.12548947,0.0,10.0,0.0,0.0
26.855164,43.571552,731.1022,0.1259078,0.0,11.0,0.0,0.0
26.85669,43.602783,731.436,0.12686563,0.0,12.0,0.0,0.0
26.855787,43.650757,731.8564,0.12721379,0.0,13.0,0.0,0.0
26.819077,42.938263,728.02637,0.10453524,23.0,55.0,6.0,1.0
26.82418,42.968815,728.17084,0.1062208,23.0,56.0,6.0,1.0
26.826477,43.020046,728.3384,0.107806176,23.0,57.0,6.0,1.0
26.82944,43.071022,728.5186,0.109608866,23.0,58.0,6.0,1.0
26.831446,43.12917,728.7021,0.111205555,23.0,59.0,6.0,1.0
26.833668,43.18319,728.878,0.112809084,0.0,0.0,0.0,0.0
26.836004,43.22179,729.0239,0.11420127,0.0,1.0,0.0,0.0
26.840477,43.244926,729.1487,0.1160845,0.0,2.0,0.0,0.0
26.843859,43.26958,729.2687,0.11764275,0.0,3.0,0.0,0.0
26.847504,43.288067,729.3822,0.11919016,0.0,4.0,0.0,0.0
26.851318,43.305386,729.50305,0.12077265,0.0,5.0,0.0,0.0
26.850693,43.34287,729.70355,0.1210804,0.0,6.0,0.0,0.0
26.85036,43.374855,729.87775,0.12141367,0.0,7.0,0.0,0.0
26.850756,43.411606,730.082,0.122071035,0.0,8.0,0.0,0.0
26.850508,43.457485,730.31696,0.12263979,0.0,9.0,0.0,0.0
26.852057,43.48884,730.5071,0.12362272,0.0,10.0,0.0,0.0
26.851784,43.532513,730.8082,0.1241426,0.0,11.0,0.0,0.0
26.853476,43.566315,731.16486,0.1251952,0.0,12.0,0.0,0.0
26.852669,43.61688,731.6069,0.12561448,0.0,13.0,0.0,0.0
26.852901,43.65831,732.0012,0.12626414,0.0,14.0,0.0,0.0
26.82437,42.92211,728.06683,0.105538785,23.0,56.0,6.0,1.0
26.826517,42.951786,728.16425,0.10673432,23.0,57.0,6.0,1.0
26.829166,42.995697,728.31976,0.10832116,23.0,58.0,6.0,1.0
26.830954,43.05292,728.49774,0.10982909,23.0,59.0,6.0,1.0
26.833067,43.109093,728.6786,0.11142922,0.0,0.0,0.0,0.0
26.83535,43.151436,728.8349,0.11286181,0.0,1.0,0.0,0.0
26.83988,43.175743,728.956,0.114787474,0.0,2.0,0.0,0.0
26.843521,43.1993,729.06287,0.11642708,0.0,3.0,0.0,0.0
26.847593,43.215267,729.15717,0.11809661,0.0,4.0,0.0,0.0
26.85174,43.231094,729.26385,0.11978239,0.0,5.0,0.0,0.0
26.851349,43.26893,729.42,0.12019905,0.0,6.0,0.0,0.0
26.851093,43.304554,729.6045,0.12061511,0.0,7.0,0.0,0.0
26.851566,43.344887,729.8256,0.12135231,0.0,8.0,0.0,0.0
26.851381,43.39423,730.0767,0.12199398,0.0,9.0,0.0,0.0
26.85301,43.428585,730.28094,0.123049974,0.0,10.0,0.0,0.0
26.852772,43.47588,730.5214,0.12364371,0.0,11.0,0.0,0.0
26.854519,43.512833,730.8438,0.12476807,0.0,12.0,0.0,0.0
26.853754,43.56581,731.3042,0.12523642,0.0,13.0,0.0,0.0
26.854029,43.60947,731.7152,0.12593435,0.0,14.0,0.0,0.0
26.858067,43.636913,732.01385,0.12773468,0.0,15.0,0.0,0.0
26.825161,42.91918,728.0663,0.1057615,23.0,57.0,6.0,1.0
26.827765,42.93967,728.14984,0.10696298,23.0,58.0,6.0,1.0
26.82931,42.98803,728.29926,0.10824988,23.0,59.0,6.0,1.0
26.831318,43.04217,728.4739,0.10978275,0.0,0.0,0.0,0.0
26.83352,43.085987,728.63525,0.111209095,0.0,1.0,0.0,0.0
26.83771,43.114532,728.77405,0.113070466,0.0,2.0,0.0,0.0
26.840677,43.142586,728.8903,0.114533976,0.0,3.0,0.0,0.0
26.845102,43.157135,728.9725,0.11631229,0.0,4.0,0.0,0.0
26.849478,43.171432,729.0652,0.118061446,0.0,5.0,0.0,0.0
26.849491,43.206326,729.2009,0.11858622,0.0,6.0,0.0,0.0
26.84958,43.24006,729.3394,0.11911464,0.0,7.0,0.0,0.0
26.850191,43.284245,729.56537,0.11996275,0.0,8.0,0.0,0.0
26.850105,43.337334,729.8349,0.1206935,0.0,9.0,0.0,0.0
26.851858,43.374874,730.0552,0.12183952,0.0,10.0,0.0,0.0
26.8517,43.425182,730.31055,0.122505635,0.0,11.0,0.0,0.0
26.853529,43.46601,730.54535,0.1237272,0.0,12.0,0.0,0.0
26.852823,43.52177,731.00903,0.12425816,0.0,13.0,0.0,0.0
26.853174,43.567738,731.4393,0.12501551,0.0,14.0,0.0,0.0
26.857342,43.597202,731.74896,0.12689288,0.0,15.0,0.0,0.0
26.861002,43.632656,732.11145,0.12867382,0.0,16.0,0.0,0.0
26.826271,42.908676,728.05164,0.10596972,23.0,58.0,6.0,1.0
26.827806,42.93585,728.1374,0.106919385,23.0,59.0,6.0,1.0
26.829565,42.980316,728.27985,0.10821573,0.0,0.0,0.0,0.0
26.83168,43.022343,728.43506,0.1095844,0.0,1.0,0.0,0.0
26.83574,43.052326,728.5804,0.111421034,0.0,2.0,0.0,0.0
26.838003,43.08561,728.717,0.11270153,0.0,3.0,0.0,0.0
26.842106,43.104908,728.81195,0.114435256,0.0,4.0,0.0,0.0
26.846718,43.118042,728.8939,0.116254866,0.0,5.0,0.0,0.0
26.847036,43.149982,729.00964,0.11685024,0.0,6.0,0.0,0.0
26.847418,43.181454,729.1317,0.117454916,0.0,7.0,0.0,0.0
26.848455,43.22149,729.2986,0.118413694,0.0,8.0,0.0,0.0
26.848494,43.278664,729.5747,0.11925316,0.0,9.0,0.0,0.0
26.850382,43.319668,729.81323,0.12049741,0.0,10.0,0.0,0.0
26.850311,43.373287,730.0854,0.12124189,0.0,11.0,0.0,0.0
26.85226,43.41713,730.3358,0.122549236,0.0,12.0,0.0,0.0
26.851587,43.47713,730.6949,0.12316816,0.0,13.0,0.0,0.0
26.852022,43.52562,731.14716,0.12399012,0.0,14.0,0.0,0.0
26.856325,43.557365,731.4765,0.12594773,0.0,15.0,0.0,0.0
26.860142,43.594738,731.84125,0.12781547,0.0,16.0,0.0,0.0
26.866962,43.622437,732.1584,0.13060336,0.0,17.0,0.0,0.0
26.82518,42.91414,728.04663,0.10569276,23.0,59.0,6.0,1.0
26.827133,42.938168,728.1316,0.106731944,0.0,0.0,0.0,0.0
26.829565,42.97185,728.26416,0.10807761,0.0,1.0,0.0,0.0
26.833847,43.00181,728.4128,0.10998895,0.0,2.0,0.0,0.0
26.83622,43.03731,728.5582,0.11133928,0.0,3.0,0.0,0.0
26.839348,43.062927,728.67487,0.11280854,0.0,4.0,0.0,0.0
26.844221,43.07869,728.766,0.114761,0.0,5.0,0.0,0.0
26.844715,43.110195,728.8751,0.11541453,0.0,6.0,0.0,0.0
26.845383,43.13902,728.9806,0.116086714,0.0,7.0,0.0,0.0
26.846682,43.17645,729.1301,0.117104955,0.0,8.0,0.0,0.0
26.847017,43.23043,729.3454,0.11802503,0.0,9.0,0.0,0.0
26.849022,43.274536,729.60065,0.11935506,0.0,10.0,0.0,0.0
26.849026,43.3311,729.88837,0.12016723,0.0,11.0,0.0,0.0
26.851076,43.377594,730.15326,0.12154882,0.0,12.0,0.0,0.0
26.850441,43.44083,730.4659,0.12223467,0.0,13.0,0.0,0.0
26.850931,43.49203,730.89075,0.12312025,0.0,14.0,0.0,0.0
26.855352,43.52573,731.23834,0.12514669,0.0,15.0,0.0,0.0
26.859278,43.564926,731.6169,0.12707949,0.0,16.0,0.0,0.0
26.866098,43.595173,731.93567,0.12990978,0.0,17.0,0.0,0.0
26.871464,43.627533,732.3523,0.13221899,0.0,18.0,0.0,0.0
26.825178,42.914658,728.04626,0.105701424,0.0,0.0,0.0,0.0
26.826473,42.922085,728.08685,0.10625154,0.0,1.0,0.0,0.0
26.830063,42.931026,728.16,0.10760062,0.0,2.0,0.0,0.0
26.832092,42.958736,728.2792,0.10871239,0.0,3.0,0.0,0.0
26.834612,42.982735,728.3967,0.10992948,0.0,4.0,0.0,0.0
26.837269,43.00548,728.51556,0.11117211,0.0,5.0,0.0,0.0
26.83784,43.03895,728.6304,0.111882836,0.0,6.0,0.0,0.0
26.838497,43.068176,728.7332,0.112557665,0.0,7.0,0.0,0.0
26.839722,43.101025,728.85223,0.113484435,0.0,8.0,0.0,0.0
26.840815,43.143364,729.0008,0.11451667,0.0,9.0,0.0,0.0
26.843325,43.179947,729.16284,0.11594399,0.0,10.0,0.0,0.0
26.843513,43.23939,729.43585,0.11687696,0.0,11.0,0.0,0.0
26.845547,43.291546,729.7316,0.11833185,0.0,12.0,0.0,0.0
26.845129,43.359966,730.07007,0.11917278,0.0,13.0,0.0,0.0
26.845942,43.417206,730.3705,0.12028356,0.0,14.0,0.0,0.0
26.850367,43.456585,730.68646,0.12238681,0.0,15.0,0.0,0.0
26.854609,43.49996,731.10596,0.12448993,0.0,16.0,0.0,0.0
26.861635,43.53551,731.4422,0.12747961,0.0,17.0,0.0,0.0
26.8668,43.57501,731.8677,0.12983985,0.0,18.0,0.0,0.0
26.87288,43.602993,732.2745,0.1323306,0.0,19.0,0.0,0.0
26.825686,42.912292,728.05133,0.105832145,0.0,1.0,0.0,0.0
26.829168,42.913277,728.0998,0.10702059,0.0,2.0,0.0,0.0
26.831068,42.932526,728.1884,0.107956626,0.0,3.0,0.0,0.0
26.833546,42.95419,728.299,0.10912335,0.0,4.0,0.0,0.0
26.836243,42.976463,728.4168,0.110371016,0.0,5.0,0.0,0.0
26.836847,43.010216,728.5326,0.11109878,0.0,6.0,0.0,0.0
26.837536,43.040115,728.63806,0.111794405,0.0,7.0,0.0,0.0
26.838717,43.07419,728.7634,0.11272051,0.0,8.0,0.0,0.0
26.839666,43.114902,728.9022,0.11367485,0.0,9.0,0.0,0.0
26.84215,43.148884,729.04724,0.11505855,0.0,10.0,0.0,0.0
26.842741,43.20233,729.2575,0.11606384,0.0,11.0,0.0,0.0
26.844847,43.25626,729.56195,0.11757048,0.0,12.0,0.0,0.0
26.844465,43.32642,729.91046,0.11844784,0.0,13.0,0.0,0.0
26.845245,43.385483,730.22,0.11957444,0.0,14.0,0.0,0.0
26.84972,43.427277,730.47205,0.121737756,0.0,15.0,0.0,0.0
26.854042,43.472343,730.88824,0.12389389,0.0,16.0,0.0,0.0
26.861162,43.509403,731.2391,0.12693815,0.0,17.0,0.0,0.0
26.866348,43.550663,731.66364,0.12933598,0.0,18.0,0.0,0.0
26.872515,43.579937,732.08466,0.13187495,0.0,19.0,0.0,0.0
26.873188,43.635418,732.587,0.13288377,0.0,20.0,0.0,0.0
26.8281,42.906193,728.0644,0.10655043,0.0,2.0,0.0,0.0
26.829626,42.916725,728.1222,0.107224695,0.0,3.0,0.0,0.0
26.8319,42.93081,728.206,0.1082037,0.0,4.0,0.0,0.0
26.834507,42.95005,728.3148,0.10937322,0.0,5.0,0.0,0.0
26.835114,42.98258,728.4269,0.110082276,0.0,6.0,0.0,0.0
26.835827,43.012146,728.53174,0.110781014,0.0,7.0,0.0,0.0
26.837055,43.046707,728.6596,0.111730896,0.0,8.0,0.0,0.0
26.838066,43.08814,728.8015,0.11271659,0.0,9.0,0.0,0.0
26.839846,43.12028,728.93555,0.11381183,0.0,10.0,0.0,0.0
26.840748,43.168915,729.11804,0.11486399,0.0,11.0,0.0,0.0
26.842808,43.220314,729.3758,0.116329335,0.0,12.0,0.0,0.0
26.842846,43.291637,729.7272,0.1173837,0.0,13.0,0.0,0.0
26.843662,43.352562,730.048,0.11854789,0.0,14.0,0.0,0.0
26.847706,43.397274,730.32,0.120589,0.0,15.0,0.0,0.0
26.852135,43.44504,730.65515,0.12283235,0.0,16.0,0.0,0.0
26.859415,43.483746,731.0229,0.1259551,0.0,17.0,0.0,0.0
26.86443,43.52844,731.4532,0.12835096,0.0,18.0,0.0,0.0
26.87073,43.55911,731.87933,0.13095859,0.0,19.0,0.0,0.0
26.87149,43.61595,732.39655,0.13201699,0.0,20.0,0.0,0.0
26.877922,43.64251,732.74835,0.13462837,0.0,21.0,0.0,0.0
26.828924,42.908253,728.0885,0.10685584,0.0,3.0,0.0,0.0
26.830904,42.91057,728.13153,0.10755214,0.0,4.0,0.0,0.0
26.833319,42.922276,728.21515,0.108539276,0.0,5.0,0.0,0.0
26.83384,42.95085,728.31366,0.10915803,0.0,6.0,0.0,0.0
26.834505,42.978348,728.4113,0.10980788,0.0,7.0,0.0,0.0
26.835722,43.012344,728.53754,0.11074515,0.0,8.0,0.0,0.0
26.836742,43.05421,728.6812,0.111740895,0.0,9.0,0.0,0.0
26.838558,43.085003,728.80896,0.11282813,0.0,10.0,0.0,0.0
26.839537,43.127605,728.96124,0.11381861,0.0,11.0,0.0,0.0
26.841637,43.172035,729.154,0.115209654,0.0,12.0,0.0,0.0
26.841862,43.24341,729.4872,0.11633787,0.0,13.0,0.0,0.0
26.842737,43.306477,729.821,0.117552176,0.0,14.0,0.0,0.0
26.846506,43.354218,730.10864,0.119538546,0.0,15.0,0.0,0.0
26.851044,43.40484,730.39276,0.121868685,0.0,16.0,0.0,0.0
26.85847,43.446396,730.71545,0.12509134,0.0,17.0,0.0,0.0
26.863619,43.4932,731.16736,0.12756276,0.0,18.0,0.0,0.0
26.869934,43.52644,731.5912,0.13022143,0.0,19.0,0.0,0.0
26.870785,43.585083,732.1285,0.13133484,0.0,20.0,0.0,0.0
26.877356,43.61328,732.49915,0.13401666,0.0,21.0,0.0,0.0
26.882477,43.647186,732.8952,0.13627264,0.0,22.0,0.0,0.0
26.829203,42.90716,728.09827,0.10692663,0.0,4.0,0.0,0.0
26.830673,42.907135,728.1334,0.10741084,0.0,5.0,0.0,0.0
26.830751,42.928043,728.2046,0.107759655,0.0,6.0,0.0,0.0
26.831196,42.95045,728.2854,0.10825473,0.0,7.0,0.0,0.0
26.832308,42.981724,728.40375,0.10911311,0.0,8.0,0.0,0.0
26.83331,43.02264,728.5454,0.11008676,0.0,9.0,0.0,0.0
26.835112,43.053223,728.67456,0.11116479,0.0,10.0,0.0,0.0
26.836128,43.092976,728.814,0.11212472,0.0,11.0,0.0,0.0
26.83812,43.13269,728.9823,0.11340545,0.0,12.0,0.0,0.0
26.838848,43.196335,729.2403,0.11461727,0.0,13.0,0.0,0.0
26.83984,43.26164,729.588,0.11590345,0.0,14.0,0.0,0.0
26.842516,43.315598,729.89246,0.117596254,0.0,15.0,0.0,0.0
26.845587,43.3725,730.2133,0.11947307,0.0,16.0,0.0,0.0
26.853027,43.417854,730.47437,0.12275463,0.0,17.0,0.0,0.0
26.858438,43.46705,730.93665,0.12535442,0.0,18.0,0.0,0.0
26.864098,43.507935,731.3548,0.1279192,0.0,19.0,0.0,0.0
26.865034,43.56904,731.9017,0.1291018,0.0,20.0,0.0,0.0
26.871862,43.59899,732.2929,0.13189784,0.0,21.0,0.0,0.0
26.877216,43.634666,732.7087,0.13425887,0.0,22.0,0.0,0.0
26.882936,43.665066,733.0807,0.13667634,0.0,23.0,0.0,0.0
26.829987,42.90064,728.1049,0.10707857,0.0,5.0,0.0,0.0
26.829699,42.91003,728.13434,0.10712458,0.0,6.0,0.0,0.0
26.829933,42.924847,728.1888,0.10743049,0.0,7.0,0.0,0.0
26.830904,42.9513,728.2901,0.108166814,0.0,8.0,0.0,0.0
26.831808,42.989758,728.4229,0.10906968,0.0,9.0,0.0,0.0
26.833578,43.019054,728.54803,0.11011631,0.0,10.0,0.0,0.0
26.834576,43.05853,728.6868,0.111065134,0.0,11.0,0.0,0.0
26.836535,43.092716,728.8296,0.1122511,0.0,12.0,0.0,0.0
26.837402,43.1482,729.0326,0.113400035,0.0,13.0,0.0,0.0
26.838556,43.208443,729.31836,0.11468545,0.0,14.0,0.0,0.0
26.84133,43.26453,729.63654,0.11644131,0.0,15.0,0.0,0.0
26.844116,43.324978,729.9719,0.11827012,0.0,16.0,0.0,0.0
26.851368,43.373623,730.2535,0.12152569,0.0,17.0,0.0,0.0
26.856913,43.426834,730.59564,0.124245696,0.0,18.0,0.0,0.0
26.862745,43.469986,731.0384,0.12690257,0.0,19.0,0.0,0.0
26.863678,43.53386,731.5839,0.1281318,0.0,20.0,0.0,0.0
26.870564,43.566586,731.9953,0.13098863,0.0,21.0,0.0,0.0
26.876078,43.60423,732.4341,0.1334332,0.0,22.0,0.0,0.0
26.881962,43.636475,732.82745,0.13593209,0.0,23.0,0.0,0.0
26.887575,43.666832,733.2014,0.13830985,0.0,24.0,0.0,0.0
26.828653,42.905685,728.10657,0.106705606,0.0,6.0,0.0,0.0
26.828371,42.910393,728.12213,0.10668028,0.0,7.0,0.0,0.0
26.829062,42.92917,728.1957,0.10720143,0.0,8.0,0.0,0.0
26.829798,42.963028,728.31213,0.10797615,0.0,9.0,0.0,0.0
26.831482,42.98957,728.428,0.10895031,0.0,10.0,0.0,0.0
26.832424,43.02779,728.5626,0.10986103,0.0,11.0,0.0,0.0
26.834389,43.061394,728.7042,0.11104067,0.0,12.0,0.0,0.0
26.835289,43.10956,728.87195,0.11209063,0.0,13.0,0.0,0.0
26.836636,43.160694,729.07855,0.113326505,0.0,14.0,0.0,0.0
26.839458,43.215706,729.3818,0.11508806,0.0,15.0,0.0,0.0
26.842096,43.279327,729.7297,0.11691202,0.0,16.0,0.0,0.0
26.84814,43.33372,730.0424,0.11980645,0.0,17.0,0.0,0.0
26.853878,43.389812,730.3595,0.12264069,0.0,18.0,0.0,0.0
26.859901,43.436115,730.7403,0.12541811,0.0,19.0,0.0,0.0
26.86095,43.50222,731.3009,0.12672098,0.0,20.0,0.0,0.0
26.867533,43.540085,731.7108,0.12956272,0.0,21.0,0.0,0.0
26.873247,43.579727,732.1735,0.13210301,0.0,22.0,0.0,0.0
26.879333,43.613834,732.5891,0.13469742,0.0,23.0,0.0,0.0
26.88514,43.645977,732.98413,0.13716719,0.0,24.0,0.0,0.0
26.890995,43.673157,733.3301,0.13958573,0.0,25.0,0.0,0.0
26.827185,42.906353,728.09375,0.10621869,0.0,7.0,0.0,0.0
26.827312,42.91433,728.1248,0.106381364,0.0,8.0,0.0,0.0
26.827736,42.940422,728.21313,0.10693028,0.0,9.0,0.0,0.0
26.829235,42.96189,728.3112,0.10776339,0.0,10.0,0.0,0.0
26.83005,42.997097,728.4351,0.1085836,0.0,11.0,0.0,0.0
26.831974,43.02916,728.572,0.109724216,0.0,12.0,0.0,0.0
26.83283,43.07457,728.7275,0.110718295,0.0,13.0,0.0,0.0
26.834242,43.117702,728.89575,0.11185885,0.0,14.0,0.0,0.0
26.837282,43.16388,729.1103,0.11358728,0.0,15.0,0.0,0.0
26.83998,43.227776,729.4597,0.11543525,0.0,16.0,0.0,0.0
26.84448,43.289272,729.80493,0.11787001,0.0,17.0,0.0,0.0
26.850147,43.34858,730.1398,0.120723344,0.0,18.0,0.0,0.0
26.856375,43.398434,730.4367,0.12363548,0.0,19.0,0.0,0.0
26.857506,43.467556,730.993,0.12501194,0.0,20.0,0.0,0.0
26.863836,43.510616,731.393,0.12786005,0.0,21.0,0.0,0.0
26.869648,43.553295,731.87933,0.13047975,0.0,22.0,0.0,0.0
26.875969,43.589523,732.3206,0.13318473,0.0,23.0,0.0,0.0
26.882008,43.623714,732.7401,0.13576242,0.0,24.0,0.0,0.0
26.888086,43.65276,733.1083,0.13828492,0.0,25.0,0.0,0.0
26.896824,43.66808,733.3493,0.14156131,0.0,26.0,0.0,0.0
26.8267,42.90674,728.096,0.10605705,0.0,8.0,0.0,0.0
26.826895,42.92053,728.14075,0.106337026,0.0,9.0,0.0,0.0
26.828217,42.933826,728.2104,0.10698268,0.0,10.0,0.0,0.0
26.828838,42.96372,728.315,0.10765649,0.0,11.0,0.0,0.0
26.83064,42.99257,728.44037,0.10870571,0.0,12.0,0.0,0.0
26.831392,43.036335,728.5896,0.10963832,0.0,13.0,0.0,0.0
26.832739,43.074753,728.73663,0.11068499,0.0,14.0,0.0,0.0
26.83588,43.11207,728.9085,0.11231979,0.0,15.0,0.0,0.0
26.838783,43.16613,729.1514,0.11412209,0.0,16.0,0.0,0.0
26.843243,43.229836,729.5051,0.11657548,0.0,17.0,0.0,0.0
26.848701,43.292492,729.8599,0.11939975,0.0,18.0,0.0,0.0
26.855103,43.344944,730.1739,0.12240868,0.0,19.0,0.0,0.0
26.856226,43.4188,730.5847,0.12386967,0.0,20.0,0.0,0.0
26.862753,43.464417,731.0126,0.12682159,0.0,21.0,0.0,0.0
26.86858,43.51063,731.49585,0.1295084,0.0,22.0,0.0,0.0
26.875105,43.549305,731.9668,0.13231704,0.0,23.0,0.0,0.0
26.881338,43.585922,732.4149,0.1349954,0.0,24.0,0.0,0.0
26.88761,43.61723,732.8093,0.13761456,0.0,25.0,0.0,0.0
26.89658,43.634586,733.0736,0.14100048,0.0,26.0,0.0,0.0
26.902208,43.65857,733.4033,0.14328939,0.0,27.0,0.0,0.0
26.827017,42.9062,728.1067,0.10614976,0.0,9.0,0.0,0.0
26.828371,42.905273,728.1351,0.10658365,0.0,10.0,0.0,0.0
26.82886,42.925766,728.2101,0.107064635,0.0,11.0,0.0,0.0
26.830494,42.94869,728.3155,0.10796499,0.0,12.0,0.0,0.0
26.83109,42.989044,728.4525,0.10879245,0.0,13.0,0.0,0.0
26.832327,43.025608,728.5928,0.1097725,0.0,14.0,0.0,0.0
26.835423,43.05785,728.7415,0.11131399,0.0,15.0,0.0,0.0
26.838417,43.10245,728.9336,0.11301285,0.0,16.0,0.0,0.0
26.843992,43.15547,729.175,0.11574765,0.0,17.0,0.0,0.0
26.849548,43.220432,729.5428,0.11863888,0.0,18.0,0.0,0.0
26.856062,43.275608,729.87317,0.12172567,0.0,19.0,0.0,0.0
26.85718,43.352913,730.25824,0.12323814,0.0,20.0,0.0,0.0
26.86381,43.40294,730.57214,0.12630434,0.0,21.0,0.0,0.0
26.869993,43.450687,731.0793,0.12913433,0.0,22.0,0.0,0.0
26.876732,43.491787,731.5635,0.1320544,0.0,23.0,0.0,0.0
26.883116,43.53125,732.04114,0.13482413,0.0,24.0,0.0,0.0
26.889526,43.565266,732.463,0.13753024,0.0,25.0,0.0,0.0
26.898672,43.58519,732.75214,0.14101233,0.0,26.0,0.0,0.0
26.904402,43.611656,733.1058,0.14337187,0.0,27.0,0.0,0.0
26.906439,43.650204,733.4394,0.14463572,0.0,28.0,0.0,0.0
26.82748,42.89772,728.1005,0.106165946,0.0,10.0,0.0,0.0
26.827667,42.906002,728.135,0.10635405,0.0,11.0,0.0,0.0
26.82907,42.919937,728.2106,0.107035555,0.0,12.0,0.0,0.0
26.82945,42.954456,728.3276,0.10769845,0.0,13.0,0.0,0.0
26.83054,42.98748,728.45575,0.108573265,0.0,14.0,0.0,0.0
26.833591,43.017845,728.5989,0.11007074,0.0,15.0,0.0,0.0
26.836561,43.056046,728.7623,0.11166411,0.0,16.0,0.0,0.0
26.841425,43.103916,728.973,0.11406535,0.0,17.0,0.0,0.0
26.847137,43.161224,729.24896,0.11692501,0.0,18.0,0.0,0.0
26.85359,43.21923,729.596,0.12002807,0.0,19.0,0.0,0.0
26.854725,43.299355,729.9977,0.12158698,0.0,20.0,0.0,0.0
26.861553,43.352467,730.2929,0.12477136,0.0,21.0,0.0,0.0
26.86742,43.407295,730.697,0.12761748,0.0,22.0,0.0,0.0
26.874454,43.450573,731.1912,0.13067514,0.0,23.0,0.0,0.0
26.881086,43.49264,731.69604,0.1335671,0.0,24.0,0.0,0.0
26.887732,43.5292,732.1471,0.13638958,0.0,25.0,0.0,0.0
26.897179,43.551403,732.46216,0.14000838,0.0,26.0,0.0,0.0
26.903116,43.580135,732.8411,0.1424716,0.0,27.0,0.0,0.0
26.905268,43.620888,733.19635,0.14380544,0.0,28.0,0.0,0.0
26.909668,43.64413,733.46704,0.14566818,0.0,29.0,0.0,0.0
26.826227,42.90006,728.0976,0.10577696,0.0,11.0,0.0,0.0
26.827175,42.901745,728.1297,0.10611322,0.0,12.0,0.0,0.0
26.82723,42.927246,728.2145,0.10652595,0.0,13.0,0.0,0.0
26.828074,42.954052,728.3209,0.1072203,0.0,14.0,0.0,0.0
26.83101,42.98047,728.4511,0.10861674,0.0,15.0,0.0,0.0
26.833937,43.016533,728.6082,0.11016183,0.0,16.0,0.0,0.0
26.838299,43.05798,728.79144,0.112281345,0.0,17.0,0.0,0.0
26.842981,43.10887,729.0131,0.11467994,0.0,18.0,0.0,0.0
26.849237,43.162548,729.2985,0.11766726,0.0,19.0,0.0,0.0
26.850296,43.245636,729.71735,0.11923995,0.0,20.0,0.0,0.0
26.857382,43.30139,730.0298,0.12255147,0.0,21.0,0.0,0.0
26.863,43.363026,730.36176,0.12543084,0.0,22.0,0.0,0.0
26.869905,43.412437,730.80615,0.12854761,0.0,23.0,0.0,0.0
26.876917,43.456856,731.31995,0.1316107,0.0,24.0,0.0,0.0
26.883875,43.496235,731.8054,0.13458012,0.0,25.0,0.0,0.0
26.893744,43.520866,732.15063,0.13837919,0.0,26.0,0.0,0.0
26.899977,43.552097,732.5598,0.14097899,0.0,27.0,0.0,0.0
26.902283,43.59541,732.9408,0.14240225,0.0,28.0,0.0,0.0
26.906906,43.62067,733.2341,0.14437018,0.0,29.0,0.0,0.0
26.91153,43.643646,733.50415,0.1463077,0.0,30.0,0.0,0.0
26.826065,42.893726,728.0906,0.10561478,0.0,12.0,0.0,0.0
26.825798,42.90646,728.13367,0.10571924,0.0,13.0,0.0,0.0
26.82637,42.92419,728.2077,0.10618083,0.0,14.0,0.0,0.0
26.829132,42.94491,728.3162,0.10743024,0.0,15.0,0.0,0.0
26.831928,42.977173,728.4603,0.10887118,0.0,16.0,0.0,0.0
26.83624,43.01601,728.63464,0.11093251,0.0,17.0,0.0,0.0
26.83983,43.061398,728.8294,0.11284804,0.0,18.0,0.0,0.0
26.846222,43.103954,729.0306,0.11573908,0.0,19.0,0.0,0.0
26.847378,43.183754,729.39996,0.11731255,0.0,20.0,0.0,0.0
26.854416,43.24245,729.7302,0.1206474,0.0,21.0,0.0,0.0
26.860222,43.30714,730.08167,0.123634405,0.0,22.0,0.0,0.0
26.866722,43.3647,730.41364,0.12675765,0.0,23.0,0.0,0.0
26.874016,43.41256,730.90576,0.1299734,0.0,24.0,0.0,0.0
26.88133,43.454445,731.4076,0.13310452,0.0,25.0,0.0,0.0
26.891605,43.481743,731.7862,0.13708168,0.0,26.0,0.0,0.0
26.898115,43.515728,732.22894,0.1398147,0.0,27.0,0.0,0.0
26.900558,43.561832,732.6387,0.14132376,0.0,28.0,0.0,0.0
26.905388,43.589344,732.95734,0.143395,0.0,29.0,0.0,0.0
26.910227,43.61446,733.2496,0.14543714,0.0,30.0,0.0,0.0
26.916662,43.627625,733.45685,0.14787182,0.0,31.0,0.0,0.0
26.824501,42.897945,728.091,0.10514939,0.0,13.0,0.0,0.0
26.82473,42.902218,728.122,0.10528443,0.0,14.0,0.0,0.0
26.827255,42.91367,728.19727,0.10630869,0.0,15.0,0.0,0.0
26.829857,42.93995,728.31946,0.10759187,0.0,16.0,0.0,0.0
26.834085,42.975178,728.482,0.10956945,0.0,17.0,0.0,0.0
26.837517,43.01645,728.6613,0.11136591,0.0,18.0,0.0,0.0
26.842554,43.054825,728.8377,0.11369882,0.0,19.0,0.0,0.0
26.844175,43.120716,729.08856,0.11526337,0.0,20.0,0.0,0.0
26.850883,43.18002,729.4112,0.11849212,0.0,21.0,0.0,0.0
26.85687,43.247555,729.78125,0.121581905,0.0,22.0,0.0,0.0
26.863297,43.310165,730.12463,0.12475951,0.0,23.0,0.0,0.0
26.870434,43.36539,730.48596,0.12805262,0.0,24.0,0.0,0.0
26.878107,43.410236,730.9881,0.13135542,0.0,25.0,0.0,0.0
26.888868,43.440144,731.39185,0.13554019,0.0,26.0,0.0,0.0
26.895687,43.47713,731.87146,0.13842113,0.0,27.0,0.0,0.0
26.898281,43.526318,732.3129,0.14002493,0.0,28.0,0.0,0.0
26.903349,43.556313,732.6597,0.14221263,0.0,29.0,0.0,0.0
26.90842,43.58381,732.9784,0.1443693,0.0,30.0,0.0,0.0
26.91513,43.598934,733.2082,0.14692649,0.0,31.0,0.0,0.0
26.918653,43.625744,733.4776,0.14853886,0.0,32.0,0.0,0.0
26.82268,42.893345,728.066,0.10464707,0.0,14.0,0.0,0.0
26.82536,42.891605,728.1082,0.10532538,0.0,15.0,0.0,0.0
26.827713,42.908543,728.1964,0.106378965,0.0,16.0,0.0,0.0
26.831793,42.937813,728.3378,0.10821324,0.0,17.0,0.0,0.0
26.83512,42.975414,728.50543,0.109916724,0.0,18.0,0.0,0.0
26.838802,43.011784,728.67676,0.11171925,0.0,19.0,0.0,0.0
26.840168,43.06891,728.88104,0.11306631,0.0,20.0,0.0,0.0
26.846905,43.11757,729.0998,0.11617541,0.0,21.0,0.0,0.0
26.852724,43.18612,729.4651,0.11922315,0.0,22.0,0.0,0.0
26.85938,43.251682,729.828,0.12252265,0.0,23.0,0.0,0.0
26.865957,43.315456,730.18713,0.12576388,0.0,24.0,0.0,0.0
26.873901,43.365433,730.5578,0.1292523,0.0,25.0,0.0,0.0
26.885218,43.397877,730.98016,0.13366996,0.0,26.0,0.0,0.0
26.892414,43.43782,731.4896,0.13672373,0.0,27.0,0.0,0.0
26.89517,43.490345,731.96576,0.1384305,0.0,28.0,0.0,0.0
26.900509,43.523033,732.3437,0.14074878,0.0,29.0,0.0,0.0
26.905851,43.553112,732.6914,0.1430358,0.0,30.0,0.0,0.0
26.912882,43.570362,732.9463,0.14573398,0.0,31.0,0.0,0.0
26.916624,43.599445,733.2366,0.14745568,0.0,32.0,0.0,0.0
26.920937,43.61887,733.47363,0.14923364,0.0,33.0,0.0,0.0
26.824108,42.88121,728.0615,0.10475333,0.0,15.0,0.0,0.0
26.826233,42.882977,728.1037,0.10547955,0.0,16.0,0.0,0.0
26.830124,42.90287,728.2108,0.107104115,0.0,17.0,0.0,0.0
26.833256,42.934124,728.357,0.10864235,0.0,18.0,0.0,0.0
26.836756,42.966557,728.5161,0.11032074,0.0,19.0,0.0,0.0
26.837954,43.016716,728.69006,0.111503914,0.0,20.0,0.0,0.0
26.843565,43.059826,728.8766,0.1141222,0.0,21.0,0.0,0.0
26.849659,43.11678,729.1243,0.11712895,0.0,22.0,0.0,0.0
26.85636,43.183857,729.49304,0.120465055,0.0,23.0,0.0,0.0
26.863018,43.25188,729.86993,0.12379857,0.0,24.0,0.0,0.0
26.870752,43.308464,730.2431,0.12732151,0.0,25.0,0.0,0.0
26.882504,43.345657,730.5658,0.1319726,0.0,26.0,0.0,0.0
26.890106,43.388805,731.05066,0.13522345,0.0,27.0,0.0,0.0
26.89301,43.444965,731.5645,0.13703121,0.0,28.0,0.0,0.0
26.898607,43.480644,731.97675,0.13948129,0.0,29.0,0.0,0.0
26.90422,43.513664,732.35724,0.14190108,0.0,30.0,0.0,0.0
26.911568,43.533382,732.6404,0.14474401,0.0,31.0,0.0,0.0
26.915503,43.565083,732.95746,0.14656983,0.0,32.0,0.0,0.0
26.920052,43.58674,733.21313,0.14846277,0.0,33.0,0.0,0.0
26.923918,43.606735,733.4591,0.15008962,0.0,34.0,0.0,0.0
26.823076,42.876686,728.04034,0.104540676,0.0,16.0,0.0,0.0
26.827068,42.881794,728.1113,0.105742805,0.0,17.0,0.0,0.0
26.829935,42.902523,728.2215,0.107026316,0.0,18.0,0.0,0.0
26.833263,42.9277,728.3585,0.108531766,0.0,19.0,0.0,0.0
26.834288,42.973656,728.519,0.1095902,0.0,20.0,0.0,0.0
26.838116,43.01363,728.6948,0.111503005,0.0,21.0,0.0,0.0
26.842855,43.064835,728.9062,0.113937415,0.0,22.0,0.0,0.0
26.849358,43.124275,729.1835,0.11711518,0.0,23.0,0.0,0.0
26.856073,43.19564,729.5797,0.12051529,0.0,24.0,0.0,0.0
26.86319,43.26171,729.9457,0.12398562,0.0,25.0,0.0,0.0
26.875153,43.304634,730.28125,0.12880422,0.0,26.0,0.0,0.0
26.883162,43.352905,730.66754,0.1322837,0.0,27.0,0.0,0.0
26.886349,43.41242,731.19434,0.13424398,0.0,28.0,0.0,0.0
26.892319,43.451286,731.6432,0.13686638,0.0,29.0,0.0,0.0
26.89832,43.48741,732.0585,0.13946553,0.0,30.0,0.0,0.0
26.906136,43.509636,732.3716,0.14250763,0.0,31.0,0.0,0.0
26.910383,43.54411,732.7172,0.14448074,0.0,32.0,0.0,0.0
26.91526,43.56804,732.99774,0.14652102,0.0,33.0,0.0,0.0
26.919466,43.590088,733.2595,0.14829683,0.0,34.0,0.0,0.0
26.92409,43.605263,733.49615,0.15011278,0.0,35.0,0.0,0.0
26.824154,42.877384,728.05725,0.10472368,0.0,17.0,0.0,0.0
26.826538,42.881077,728.1168,0.10554427,0.0,18.0,0.0,0.0
26.82959,42.89491,728.21484,0.106777795,0.0,19.0,0.0,0.0
26.8303,42.932934,728.34955,0.10760442,0.0,20.0,0.0,0.0
26.834064,42.968277,728.51227,0.1094232,0.0,21.0,0.0,0.0
26.837482,43.014175,728.7035,0.111288846,0.0,22.0,0.0,0.0
26.842037,43.068413,728.9332,0.11368982,0.0,23.0,0.0,0.0
26.848417,43.133644,729.25696,0.116898976,0.0,24.0,0.0,0.0
26.855528,43.20374,729.6458,0.12042209,0.0,25.0,0.0,0.0
26.866617,43.25942,729.959,0.12516193,0.0,26.0,0.0,0.0
26.875076,43.311886,730.3522,0.12886046,0.0,27.0,0.0,0.0
26.878464,43.376793,730.78845,0.13098331,0.0,28.0,0.0,0.0
26.884882,43.418865,731.26276,0.13381001,0.0,29.0,0.0,0.0
26.891327,43.45851,731.7183,0.13661204,0.0,30.0,0.0,0.0
26.89969,43.48359,732.0661,0.1398848,0.0,31.0,0.0,0.0
26.904297,43.521282,732.44525,0.14202851,0.0,32.0,0.0,0.0
26.909565,43.54785,732.75494,0.14424165,0.0,33.0,0.0,0.0
26.914118,43.5723,733.0431,0.14617266,0.0,34.0,0.0,0.0
26.919159,43.589462,733.29456,0.14816487,0.0,35.0,0.0,0.0
26.920553,43.62348,733.57916,0.14914142,0.0,36.0,0.0,0.0
26.82334,42.876053,728.0527,0.104578935,0.0,18.0,0.0,0.0
26.826385,42.873764,728.1102,0.105368614,0.0,19.0,0.0,0.0
26.826656,42.90003,728.2045,0.105862945,0.0,20.0,0.0,0.0
26.830263,42.92834,728.341,0.10751759,0.0,21.0,0.0,0.0
26.833582,42.96912,728.51605,0.10926942,0.0,22.0,0.0,0.0
26.837353,43.015484,728.7143,0.11126107,0.0,23.0,0.0,0.0
26.841837,43.073742,728.96295,0.11369189,0.0,24.0,0.0,0.0
26.848558,43.139473,729.30273,0.117023006,0.0,25.0,0.0,0.0
26.859627,43.20049,729.6322,0.12183794,0.0,26.0,0.0,0.0
26.867346,43.264008,730.01764,0.12546654,0.0,27.0,0.0,0.0
26.870834,43.33447,730.3927,0.12771483,0.0,28.0,0.0,0.0
26.877684,43.380474,730.8199,0.13075937,0.0,29.0,0.0,0.0
26.884607,43.42365,731.31067,0.13377787,0.0,30.0,0.0,0.0
26.893547,43.451828,731.6987,0.13729376,0.0,31.0,0.0,0.0
26.898525,43.49308,732.11707,0.13961604,0.0,32.0,0.0,0.0
26.904203,43.52261,732.4611,0.14201295,0.0,33.0,0.0,0.0
26.909122,43.549778,732.7806,0.14410949,0.0,34.0,0.0,0.0
26.914577,43.569214,733.0551,0.14627892,0.0,35.0,0.0,0.0
26.916216,43.605865,733.3589,0.14737976,0.0,36.0,0.0,0.0
26.919014,43.62947,733.60657,0.14868917,0.0,37.0,0.0,0.0
26.823524,42.86611,728.0422,0.10450606,0.0,19.0,0.0,0.0
26.823427,42.87612,728.08575,0.10459744,0.0,20.0,0.0,0.0
26.827225,42.89429,728.19525,0.1059646,0.0,21.0,0.0,0.0
26.830345,42.92841,728.3442,0.10754537,0.0,22.0,0.0,0.0
26.834003,42.968987,728.52246,0.10940891,0.0,23.0,0.0,0.0
26.837893,43.01829,728.73376,0.11148519,0.0,24.0,0.0,0.0
26.84323,43.07455,728.9772,0.11419386,0.0,25.0,0.0,0.0
26.854025,43.132153,729.26373,0.118870854,0.0,26.0,0.0,0.0
26.8617,43.201515,729.66266,0.122577466,0.0,27.0,0.0,0.0
26.864603,43.280308,730.0435,0.124755755,0.0,28.0,0.0,0.0
26.871649,43.331898,730.3909,0.12796193,0.0,29.0,0.0,0.0
26.879044,43.379196,730.8272,0.1312169,0.0,30.0,0.0,0.0
26.888575,43.410553,731.2536,0.13498218,0.0,31.0,0.0,0.0
26.893908,43.455696,731.71686,0.13748133,0.0,32.0,0.0,0.0
26.899988,43.48854,732.101,0.14006372,0.0,33.0,0.0,0.0
26.905272,43.518776,732.4571,0.14232807,0.0,34.0,0.0,0.0
26.911104,43.540855,732.7644,0.14466581,0.0,35.0,0.0,0.0
26.913015,43.580513,733.08545,0.14590774,0.0,36.0,0.0,0.0
26.916058,43.60644,733.3571,0.14733465,0.0,37.0,0.0,0.0
26.918558,43.630684,733.6039,0.14854933,0.0,38.0,0.0,0.0
26.819773,42.86109,727.9814,0.10384877,0.0,20.0,0.0,0.0
26.825293,42.86626,728.0842,0.10487786,0.0,21.0,0.0,0.0
26.8281,42.8896,728.19403,0.10618576,0.0,22.0,0.0,0.0
26.831545,42.923553,728.3464,0.10787433,0.0,23.0,0.0,0.0
26.835304,42.96672,728.53485,0.10981174,0.0,24.0,0.0,0.0
26.839346,43.016132,728.7482,0.11194155,0.0,25.0,0.0,0.0
26.850029,43.062866,728.9506,0.116435476,0.0,26.0,0.0,0.0
26.858006,43.125374,729.2678,0.12017113,0.0,27.0,0.0,0.0
26.860933,43.207886,729.67224,0.12240899,0.0,28.0,0.0,0.0
26.867418,43.26826,730.02167,0.12556607,0.0,29.0,0.0,0.0
26.875122,43.32099,730.38654,0.1290158,0.0,30.0,0.0,0.0
26.885221,43.356503,730.7369,0.13305402,0.0,31.0,0.0,0.0
26.89091,43.405647,731.23846,0.13573293,0.0,32.0,0.0,0.0
26.897366,43.44222,731.668,0.138496,0.0,33.0,0.0,0.0
26.902985,43.475967,732.0657,0.14092478,0.0,34.0,0.0,0.0
26.909172,43.501152,732.4107,0.14342813,0.0,35.0,0.0,0.0
26.911253,43.544235,732.7652,0.14477655,0.0,36.0,0.0,0.0
26.914604,43.572895,733.0511,0.14635392,0.0,37.0,0.0,0.0
26.917295,43.599636,733.32275,0.14767037,0.0,38.0,0.0,0.0
26.920492,43.61446,733.51715,0.14898893,0.0,39.0,0.0,0.0
26.82337,42.84608,727.9972,0.1042771,0.0,21.0,0.0,0.0
26.827034,42.853447,728.076,0.105260365,0.0,22.0,0.0,0.0
26.830193,42.876724,728.1882,0.10668716,0.0,23.0,0.0,0.0
26.833693,42.912994,728.3518,0.10842973,0.0,24.0,0.0,0.0
26.837584,42.956207,728.541,0.110411845,0.0,25.0,0.0,0.0
26.8472,42.99793,728.71686,0.11444415,0.0,26.0,0.0,0.0
26.855701,43.04581,728.9358,0.11817296,0.0,27.0,0.0,0.0
26.85898,43.121006,729.24963,0.12045512,0.0,28.0,0.0,0.0
26.865261,43.187374,729.61224,0.12363384,0.0,29.0,0.0,0.0
26.87315,43.24504,730.00555,0.12721871,0.0,30.0,0.0,0.0
26.883682,43.285286,730.34436,0.13147907,0.0,31.0,0.0,0.0
26.889673,43.34045,730.69525,0.13437451,0.0,32.0,0.0,0.0
26.8965,43.381046,731.1639,0.13732225,0.0,33.0,0.0,0.0
26.902418,43.41886,731.608,0.13991107,0.0,34.0,0.0,0.0
26.908928,43.447742,731.99524,0.14257604,0.0,35.0,0.0,0.0
26.91115,43.494728,732.38684,0.14402868,0.0,36.0,0.0,0.0
26.914686,43.52664,732.7053,0.14571479,0.0,37.0,0.0,0.0
26.917627,43.556377,732.9914,0.14716515,0.0,38.0,0.0,0.0
26.920998,43.573677,733.2077,0.14858045,0.0,39.0,0.0,0.0
26.92301,43.57206,733.39233,0.14920188,0.0,40.0,0.0,0.0
26.826925,42.82816,728.0089,0.10482323,0.0,22.0,0.0,0.0
26.82997,42.831722,728.064,0.10590156,0.0,23.0,0.0,0.0
26.833174,42.85676,728.18726,0.10736897,0.0,24.0,0.0,0.0
26.836796,42.893154,728.35284,0.10915455,0.0,25.0,0.0,0.0
26.8461,42.930992,728.5117,0.11301698,0.0,26.0,0.0,0.0
26.854567,42.97072,728.69104,0.116615325,0.0,27.0,0.0,0.0
26.858345,43.032513,728.9165,0.118898176,0.0,28.0,0.0,0.0
26.865139,43.09197,729.1879,0.12218509,0.0,29.0,0.0,0.0
26.873169,43.153763,729.6011,0.1258804,0.0,30.0,0.0,0.0
26.884071,43.198578,729.97107,0.1303325,0.0,31.0,0.0,0.0
26.890266,43.259064,730.34155,0.13337559,0.0,32.0,0.0,0.0
26.897392,43.3057,730.66364,0.13653937,0.0,33.0,0.0,0.0
26.90358,43.34827,731.10895,0.1392932,0.0,34.0,0.0,0.0
26.910349,43.3814,731.5407,0.14210752,0.0,35.0,0.0,0.0
26.912683,43.432636,731.9709,0.14365894,0.0,36.0,0.0,0.0
26.916359,43.468212,732.32336,0.14544629,0.0,37.0,0.0,0.0
26.919415,43.501385,732.63995,0.14698397,0.0,38.0,0.0,0.0
26.922958,43.521637,732.8727,0.14850524,0.0,39.0,0.0,0.0
26.925087,43.522335,733.0728,0.14920083,0.0,40.0,0.0,0.0
26.927368,43.54652,733.2786,0.15035158,0.0,41.0,0.0,0.0
26.829575,42.809586,727.99854,0.105419494,0.0,22.0,0.0,0.0
26.83274,42.815964,728.0648,0.10658177,0.0,23.0,0.0,0.0
26.83605,42.840553,728.19037,0.10807801,0.0,24.0,0.0,0.0
26.844799,42.872868,728.3294,0.11165885,0.0,25.0,0.0,0.0
26.853012,42.907406,728.48755,0.115088515,0.0,26.0,0.0,0.0
26.85644,42.96208,728.6774,0.117143154,0.0,27.0,0.0,0.0
26.863817,43.00778,728.87225,0.12044925,0.0,28.0,0.0,0.0
26.872137,43.064175,729.17755,0.12420691,0.0,29.0,0.0,0.0
26.883442,43.111046,729.5634,0.12882893,0.0,30.0,0.0,0.0
26.889795,43.17638,729.9644,0.13199478,0.0,31.0,0.0,0.0
26.897171,43.2278,730.3175,0.13531287,0.0,32.0,0.0,0.0
26.903652,43.27593,730.64404,0.13826913,0.0,33.0,0.0,0.0
26.91073,43.314095,731.03876,0.14127116,0.0,34.0,0.0,0.0
26.913164,43.370094,731.51385,0.14292274,0.0,35.0,0.0,0.0
26.91701,43.40971,731.9063,0.14482482,0.0,36.0,0.0,0.0
26.920202,43.446743,732.2594,0.14646499,0.0,37.0,0.0,0.0
26.923903,43.47024,732.5233,0.14808576,0.0,38.0,0.0,0.0
26.926043,43.474007,732.74493,0.14882928,0.0,39.0,0.0,0.0
26.92841,43.501217,732.96533,0.15005675,0.0,40.0,0.0,0.0
26.931013,43.523724,733.1689,0.1512933,0.0,41.0,0.0,0.0
26.832056,42.79415,727.9946,0.10600872,0.0,23.0,0.0,0.0
26.835262,42.800804,728.0723,0.107180946,0.0,24.0,0.0,0.0
26.843235,42.823475,728.1887,0.110326104,0.0,25.0,0.0,0.0
26.851065,42.85156,728.3188,0.11352642,0.0,26.0,0.0,0.0
26.854105,42.90023,728.4688,0.115366854,0.0,27.0,0.0,0.0
26.861347,42.939068,728.63165,0.11852407,0.0,28.0,0.0,0.0
26.869947,42.98443,728.8572,0.12224355,0.0,29.0,0.0,0.0
26.882061,43.02427,729.16187,0.12707208,0.0,30.0,0.0,0.0
26.88878,43.09088,729.5489,0.13039465,0.0,31.0,0.0,0.0
26.896475,43.147247,729.9365,0.13389091,0.0,32.0,0.0,0.0
26.903254,43.200485,730.29736,0.13702217,0.0,33.0,0.0,0.0
26.910744,43.2438,730.62286,0.14025545,0.0,34.0,0.0,0.0
26.913322,43.30597,731.0143,0.14206114,0.0,35.0,0.0,0.0
26.917383,43.349865,731.452,0.14409585,0.0,36.0,0.0,0.0
26.920753,43.390934,731.8458,0.1458539,0.0,37.0,0.0,0.0
26.924461,43.418804,732.14813,0.14753781,0.0,38.0,0.0,0.0
26.926699,43.42529,732.4007,0.14835216,0.0,39.0,0.0,0.0
26.929192,43.455242,732.6431,0.14966269,0.0,40.0,0.0,0.0
26.931969,43.480156,732.8577,0.15099801,0.0,41.0,0.0,0.0
26.93369,43.50883,733.0956,0.15201417,0.0,42.0,0.0,0.0
26.833961,42.7821,728.0051,0.106443614,0.0,24.0,0.0,0.0
26.840769,42.788776,728.08575,0.1089051,0.0,25.0,0.0,0.0
26.848063,42.805893,728.1841,0.111742444,0.0,26.0,0.0,0.0
26.850536,42.84778,728.3043,0.11328224,0.0,27.0,0.0,0.0
26.857271,42.88161,728.43677,0.11619234,0.0,28.0,0.0,0.0
26.86535,42.923485,728.6038,0.11970026,0.0,29.0,0.0,0.0
26.878164,42.9529,728.8545,0.12463454,0.0,30.0,0.0,0.0
26.885578,43.011673,729.16296,0.12811072,0.0,31.0,0.0,0.0
26.893822,43.068382,729.52637,0.13181713,0.0,32.0,0.0,0.0
26.90096,43.126774,729.9236,0.13514449,0.0,33.0,0.0,0.0
26.90887,43.175198,730.2853,0.13859557,0.0,34.0,0.0,0.0
26.911715,43.242878,730.6252,0.14058538,0.0,35.0,0.0,0.0
26.916035,43.29267,730.9754,0.1428098,0.0,36.0,0.0,0.0
26.919594,43.33839,731.4164,0.14469735,0.0,37.0,0.0,0.0
26.923542,43.369987,731.7582,0.1465171,0.0,38.0,0.0,0.0
26.925955,43.37926,732.0452,0.14742848,0.0,39.0,0.0,0.0
26.928606,43.412148,732.3151,0.1488356,0.0,40.0,0.0,0.0
26.931536,43.439636,732.55396,0.15025991,0.0,41.0,0.0,0.0
26.933414,43.470787,732.8063,0.1513697,0.0,42.0,0.0,0.0
26.937456,43.487953,732.9854,0.15303296,0.0,43.0,0.0,0.0
26.836662,42.780354,728.0333,0.10732864,0.0,25.0,0.0,0.0
26.843021,42.779182,728.08374,0.1095411,0.0,26.0,0.0,0.0
26.844702,42.809265,728.16943,0.110614136,0.0,27.0,0.0,0.0
26.850792,42.83645,728.28235,0.11318966,0.0,28.0,0.0,0.0
26.858309,42.874287,728.4285,0.11643993,0.0,29.0,0.0,0.0
26.870192,42.904167,728.60614,0.12109206,0.0,30.0,0.0,0.0
26.878284,42.95338,728.8597,0.124683246,0.0,31.0,0.0,0.0
26.887365,43.003292,729.1637,0.1286038,0.0,32.0,0.0,0.0
26.895157,43.06161,729.5323,0.13217314,0.0,33.0,0.0,0.0
26.903614,43.11514,729.93243,0.13588536,0.0,34.0,0.0,0.0
26.906723,43.18862,730.30707,0.13804947,0.0,35.0,0.0,0.0
26.911495,43.24312,730.6289,0.14050935,0.0,36.0,0.0,0.0
26.91544,43.29444,730.9902,0.14262407,0.0,37.0,0.0,0.0
26.91988,43.329224,731.373,0.14465833,0.0,38.0,0.0,0.0
26.922586,43.341236,731.6979,0.14570723,0.0,39.0,0.0,0.0
26.925484,43.37715,731.99756,0.14724314,0.0,40.0,0.0,0.0
26.928652,43.40725,732.2626,0.14878756,0.0,41.0,0.0,0.0
26.930717,43.440933,732.53906,0.14999765,0.0,42.0,0.0,0.0
26.935007,43.460083,732.7389,0.15177555,0.0,43.0,0.0,0.0
26.936993,43.488396,732.9711,0.1528814,0.0,44.0,0.0,0.0
26.838175,42.77255,728.02985,0.10773261,0.0,26.0,0.0,0.0
26.839407,42.781803,728.0637,0.10831314,0.0,27.0,0.0,0.0
26.844646,42.796665,728.14197,0.110391475,0.0,28.0,0.0,0.0
26.85152,42.827995,728.2693,0.11330962,0.0,29.0,0.0,0.0
26.862196,42.859085,728.4133,0.11757044,0.0,30.0,0.0,0.0
26.869867,42.90425,728.6031,0.12098016,0.0,31.0,0.0,0.0
26.879745,42.94495,728.857,0.12506114,0.0,32.0,0.0,0.0
26.888409,42.996506,729.1657,0.12885717,0.0,33.0,0.0,0.0
26.897663,43.049656,729.53815,0.13285677,0.0,34.0,0.0,0.0
26.90104,43.129375,729.9507,0.135203,0.0,35.0,0.0,0.0
26.906212,43.189346,730.3085,0.13787878,0.0,36.0,0.0,0.0
26.910627,43.245663,730.63196,0.14024226,0.0,37.0,0.0,0.0
26.915533,43.28565,730.9458,0.14252311,0.0,38.0,0.0,0.0
26.918701,43.300106,731.31213,0.14376278,0.0,39.0,0.0,0.0
26.92188,43.33942,731.64624,0.14544477,0.0,40.0,0.0,0.0
26.925322,43.372456,731.9412,0.14712562,0.0,41.0,0.0,0.0
26.927599,43.408966,732.24554,0.14844967,0.0,42.0,0.0,0.0
26.932173,43.430325,732.4689,0.15035795,0.0,43.0,0.0,0.0
26.934343,43.460903,732.7231,0.15155993,0.0,44.0,0.0,0.0
26.93711,43.48233,732.9201,0.15283772,0.0,45.0,0.0,0.0
26.835646,42.77107,728.00476,0.106825784,0.0,27.0,0.0,0.0
26.839468,42.767002,728.0315,0.108096,0.0,28.0,0.0,0.0
26.845606,42.785812,728.1237,0.11055524,0.0,29.0,0.0,0.0
26.85549,42.811058,728.2507,0.1144405,0.0,30.0,0.0,0.0
26.862135,42.85695,728.4077,0.11751535,0.0,31.0,0.0,0.0
26.871693,42.89376,728.6043,0.121448055,0.0,32.0,0.0,0.0
26.881216,42.93622,728.85785,0.12543406,0.0,33.0,0.0,0.0
26.891462,42.983047,729.1746,0.12970878,0.0,34.0,0.0,0.0
26.895329,43.063164,729.55536,0.1322483,0.0,35.0,0.0,0.0
26.900904,43.128952,729.9521,0.1351464,0.0,36.0,0.0,0.0
26.905708,43.191025,730.31256,0.13772623,0.0,37.0,0.0,0.0
26.91114,43.235462,730.60394,0.14026523,0.0,38.0,0.0,0.0
26.914692,43.25461,730.8836,0.14171576,0.0,39.0,0.0,0.0
26.918276,43.29712,731.2545,0.14358257,0.0,40.0,0.0,0.0
26.922005,43.333405,731.58356,0.14540918,0.0,41.0,0.0,0.0
26.92451,43.373047,731.9191,0.14685516,0.0,42.0,0.0,0.0
26.92938,43.396896,732.1692,0.14890242,0.0,43.0,0.0,0.0
26.931744,43.429996,732.4482,0.15020718,0.0,44.0,0.0,0.0
26.934711,43.453484,732.6661,0.1515841,0.0,45.0,0.0,0.0
26.937986,43.47067,732.84564,0.15297548,0.0,46.0,0.0,0.0
26.83525,42.75714,727.9688,0.106466584,0.0,28.0,0.0,0.0
26.839622,42.757294,728.01135,0.10799458,0.0,29.0,0.0,0.0
26.848969,42.769596,728.1028,0.111483894,0.0,30.0,0.0,0.0
26.854702,42.809788,728.2422,0.11414433,0.0,31.0,0.0,0.0
26.862894,42.849705,728.3977,0.1176658,0.0,32.0,0.0,0.0
26.872253,42.887474,728.60376,0.12153898,0.0,33.0,0.0,0.0
26.883554,42.92498,728.8653,0.12606907,0.0,34.0,0.0,0.0
26.888075,43.000755,729.18805,0.12879823,0.0,35.0,0.0,0.0
26.894316,43.066254,729.5598,0.1319376,0.0,36.0,0.0,0.0
26.899553,43.134502,729.9611,0.13475601,0.0,37.0,0.0,0.0
26.905483,43.184303,730.2895,0.13754267,0.0,38.0,0.0,0.0
26.909542,43.20694,730.5514,0.13922769,0.0,39.0,0.0,0.0
26.913435,43.255062,730.83453,0.1412961,0.0,40.0,0.0,0.0
26.917673,43.29405,731.199,0.14333615,0.0,41.0,0.0,0.0
26.920494,43.33686,731.569,0.14493753,0.0,42.0,0.0,0.0
26.925724,43.36339,731.8492,0.14714678,0.0,43.0,0.0,0.0
26.928324,43.399235,732.1559,0.14857168,0.0,44.0,0.0,0.0
26.931536,43.42493,732.397,0.15006495,0.0,45.0,0.0,0.0
26.935055,43.443954,732.59644,0.15156731,0.0,46.0,0.0,0.0
26.936739,43.467995,732.80695,0.15250109,0.0,47.0,0.0,0.0
26.83355,42.75328,727.93195,0.10583883,0.0,29.0,0.0,0.0
26.838936,42.74711,727.9903,0.10758538,0.0,30.0,0.0,0.0
26.843828,42.772915,728.0938,0.10971534,0.0,31.0,0.0,0.0
26.851301,42.806652,728.2336,0.112882234,0.0,32.0,0.0,0.0
26.858957,42.849293,728.3977,0.11625369,0.0,33.0,0.0,0.0
26.869638,42.888763,728.6046,0.120627105,0.0,34.0,0.0,0.0
26.874884,42.956955,728.8826,0.12351419,0.0,35.0,0.0,0.0
26.881914,43.022568,729.21924,0.12695332,0.0,36.0,0.0,0.0
26.887917,43.09177,729.6248,0.13005643,0.0,37.0,0.0,0.0
26.894537,43.147163,729.99066,0.13316572,0.0,38.0,0.0,0.0
26.899233,43.173756,730.2834,0.13512775,0.0,39.0,0.0,0.0
26.903656,43.226147,730.5675,0.13745064,0.0,40.0,0.0,0.0
26.908358,43.269882,730.8861,0.13973066,0.0,41.0,0.0,0.0
26.911629,43.316166,731.29016,0.14153868,0.0,42.0,0.0,0.0
26.917738,43.343647,731.5923,0.14406767,0.0,43.0,0.0,0.0
26.920868,43.38156,731.9227,0.1457087,0.0,44.0,0.0,0.0
26.924517,43.40929,732.185,0.14738317,0.0,45.0,0.0,0.0
26.928434,43.430073,732.4029,0.14905003,0.0,46.0,0.0,0.0
26.93041,43.45587,732.6302,0.15011083,0.0,47.0,0.0,0.0
26.930115,43.49212,732.86456,0.15054192,0.0,48.0,0.0,0.0
26.833498,42.743065,727.90967,0.105654016,0.0,30.0,0.0,0.0
26.835756,42.749386,727.97205,0.106506124,0.0,31.0,0.0,0.0
26.841274,42.771893,728.0752,0.10880016,0.0,32.0,0.0,0.0
26.848574,42.807125,728.2206,0.111926846,0.0,33.0,0.0,0.0
26.857927,42.847065,728.391,0.115852624,0.0,34.0,0.0,0.0
26.862383,42.91571,728.6115,0.11850116,0.0,35.0,0.0,0.0
26.86987,42.97304,728.8717,0.12200922,0.0,36.0,0.0,0.0
26.87673,43.041553,729.2226,0.12543066,0.0,37.0,0.0,0.0
26.884243,43.097023,729.595,0.12885441,0.0,38.0,0.0,0.0
26.889566,43.128258,729.9303,0.13109604,0.0,39.0,0.0,0.0
26.894514,43.185635,730.2434,0.13367392,0.0,40.0,0.0,0.0
26.899769,43.234016,730.5254,0.13622454,0.0,41.0,0.0,0.0
26.90343,43.28563,730.8819,0.1382539,0.0,42.0,0.0,0.0
26.910116,43.316193,731.22394,0.14102618,0.0,43.0,0.0,0.0
26.91364,43.357334,731.59094,0.14284869,0.0,44.0,0.0,0.0
26.917896,43.386536,731.8795,0.14475514,0.0,45.0,0.0,0.0
26.922447,43.408184,732.11884,0.14665365,0.0,46.0,0.0,0.0
26.924715,43.43607,732.3698,0.14784494,0.0,47.0,0.0,0.0
26.924568,43.474693,732.62524,0.14836246,0.0,48.0,0.0,0.0
26.92633,43.497753,732.8168,0.14931335,0.0,49.0,0.0,0.0
26.832855,42.73359,727.881,0.10528518,0.0,31.0,0.0,0.0
26.836231,42.737465,727.9454,0.1064836,0.0,32.0,0.0,0.0
26.842106,42.761806,728.0553,0.10893268,0.0,33.0,0.0,0.0
26.851158,42.795406,728.20905,0.11265056,0.0,34.0,0.0,0.0
26.855402,42.858788,728.39105,0.11515974,0.0,35.0,0.0,0.0
26.862005,42.916035,728.6026,0.11837906,0.0,36.0,0.0,0.0
26.86917,42.977226,728.8678,0.12183525,0.0,37.0,0.0,0.0
26.877552,43.031593,729.1848,0.12557441,0.0,38.0,0.0,0.0
26.88359,43.06094,729.5177,0.12803805,0.0,39.0,0.0,0.0
26.888943,43.123615,729.8657,0.13083282,0.0,40.0,0.0,0.0
26.894629,43.176956,730.1787,0.13360417,0.0,41.0,0.0,0.0
26.898678,43.23362,730.4838,0.13585344,0.0,42.0,0.0,0.0
26.905798,43.269356,730.7514,0.13886243,0.0,43.0,0.0,0.0
26.90961,43.31437,731.16254,0.14083822,0.0,44.0,0.0,0.0
26.914185,43.346664,731.48785,0.14289683,0.0,45.0,0.0,0.0
26.919132,43.370537,731.75726,0.14496288,0.0,46.0,0.0,0.0
26.921682,43.400642,732.03516,0.1462829,0.0,47.0,0.0,0.0
26.921598,43.4422,732.3162,0.14686316,0.0,48.0,0.0,0.0
26.92355,43.46723,732.5283,0.14790839,0.0,49.0,0.0,0.0
26.926245,43.48683,732.7119,0.14913341,0.0,50.0,0.0,0.0
26.83272,42.722824,727.8581,0.10506338,0.0,32.0,0.0,0.0
26.836178,42.729076,727.92737,0.1063303,0.0,33.0,0.0,0.0
26.844036,42.75258,728.04926,0.10946374,0.0,34.0,0.0,0.0
26.847742,42.810844,728.2152,0.11170082,0.0,35.0,0.0,0.0
26.854418,42.863235,728.3926,0.11488684,0.0,36.0,0.0,0.0
26.860813,42.924473,728.6199,0.118090466,0.0,37.0,0.0,0.0
26.869192,42.975403,728.8639,0.121815205,0.0,38.0,0.0,0.0
26.876076,43.00231,729.13904,0.124563105,0.0,39.0,0.0,0.0
26.882011,43.06482,729.4859,0.12756194,0.0,40.0,0.0,0.0
26.888203,43.121475,729.822,0.13055715,0.0,41.0,0.0,0.0
26.892603,43.183376,730.16016,0.1330039,0.0,42.0,0.0,0.0
26.900326,43.222557,730.4394,0.13627665,0.0,43.0,0.0,0.0
26.904438,43.273365,730.72815,0.13845721,0.0,44.0,0.0,0.0
26.909374,43.30891,731.0913,0.14068627,0.0,45.0,0.0,0.0
26.9147,43.33544,731.3943,0.14291999,0.0,46.0,0.0,0.0
26.917564,43.367905,731.70105,0.14438163,0.0,47.0,0.0,0.0
26.917519,43.41278,732.0101,0.1450225,0.0,48.0,0.0,0.0
26.919752,43.43958,732.243,0.14618975,0.0,49.0,0.0,0.0
26.922792,43.460514,732.4448,0.14755425,0.0,50.0,0.0,0.0
26.924477,43.484905,732.6533,0.14849389,0.0,51.0,0.0,0.0
26.833967,42.704494,727.84906,0.10517368,0.0,33.0,0.0,0.0
26.840893,42.706837,727.9133,0.10762749,0.0,34.0,0.0,0.0
26.843958,42.754368,728.04645,0.10947037,0.0,35.0,0.0,0.0
26.850222,42.80231,728.21027,0.11243907,0.0,36.0,0.0,0.0
26.856771,42.85913,728.3971,0.115651004,0.0,37.0,0.0,0.0
26.864567,42.91046,728.59863,0.11920007,0.0,38.0,0.0,0.0
26.872093,42.92925,728.8214,0.122070216,0.0,39.0,0.0,0.0
26.878687,42.989418,729.1076,0.12529305,0.0,40.0,0.0,0.0
26.885342,43.04728,729.4432,0.1284725,0.0,41.0,0.0,0.0
26.890089,43.111595,729.79456,0.13107589,0.0,42.0,0.0,0.0
26.898184,43.155895,730.1078,0.13455015,0.0,43.0,0.0,0.0
26.902573,43.21105,730.4149,0.13689382,0.0,44.0,0.0,0.0
26.907732,43.25203,730.67554,0.1392943,0.0,45.0,0.0,0.0
26.9133,43.28265,730.9626,0.14167461,0.0,46.0,0.0,0.0
26.91632,43.31843,731.30383,0.14323619,0.0,47.0,0.0,0.0
26.916313,43.366695,731.64264,0.14393811,0.0,48.0,0.0,0.0
26.91868,43.396103,731.90076,0.14518845,0.0,49.0,0.0,0.0
26.921848,43.419605,732.12634,0.14663322,0.0,50.0,0.0,0.0
26.923645,43.446262,732.35583,0.14764486,0.0,51.0,0.0,0.0
26.925346,43.470383,732.56415,0.14858547,0.0,52.0,0.0,0.0
26.840658,42.668335,727.82684,0.10692546,0.0,34.0,0.0,0.0
26.843992,42.689373,727.8935,0.10844003,0.0,35.0,0.0,0.0
26.84963,42.72635,728.025,0.111014664,0.0,36.0,0.0,0.0
26.855722,42.779972,728.20123,0.1140141,0.0,37.0,0.0,0.0
26.863453,42.829105,728.3799,0.117518015,0.0,38.0,0.0,0.0
26.871267,42.84402,728.5639,0.120451085,0.0,39.0,0.0,0.0
26.878494,42.898727,728.80707,0.123837106,0.0,40.0,0.0,0.0
26.88586,42.95179,729.0754,0.1272237,0.0,41.0,0.0,0.0
26.890894,43.01914,729.41425,0.12998387,0.0,42.0,0.0,0.0
26.899355,43.065502,729.73596,0.13361943,0.0,43.0,0.0,0.0
26.903818,43.12729,730.0783,0.13608293,0.0,44.0,0.0,0.0
26.909132,43.173386,730.36084,0.13861309,0.0,45.0,0.0,0.0
26.914822,43.209328,730.60614,0.14112356,0.0,46.0,0.0,0.0
26.917711,43.2517,730.8557,0.14274803,0.0,47.0,0.0,0.0
26.917784,43.30342,731.22546,0.14352635,0.0,48.0,0.0,0.0
26.920095,43.33665,731.5136,0.14481193,0.0,49.0,0.0,0.0
26.923267,43.36352,731.7658,0.1463063,0.0,50.0,0.0,0.0
26.92512,43.39287,732.0176,0.14737502,0.0,51.0,0.0,0.0
26.92687,43.419415,732.2457,0.14836901,0.0,52.0,0.0,0.0
26.928759,43.44196,732.4475,0.14935224,0.0,53.0,0.0,0.0
26.843756,42.650524,727.8026,0.10773424,0.0,35.0,0.0,0.0
26.849524,42.65953,727.86554,0.10990695,0.0,36.0,0.0,0.0
26.85494,42.701885,728.009,0.11248909,0.0,37.0,0.0,0.0
26.862206,42.74828,728.1791,0.11578453,0.0,38.0,0.0,0.0
26.869886,42.761265,728.35474,0.11864015,0.0,39.0,0.0,0.0
26.877281,42.81287,728.56683,0.12205267,0.0,40.0,0.0,0.0
26.885273,42.863415,728.7968,0.12565036,0.0,41.0,0.0,0.0
26.891186,42.922752,729.0522,0.12863658,0.0,42.0,0.0,0.0
26.900036,42.97347,729.3593,0.13248754,0.0,43.0,0.0,0.0
26.904789,43.03672,729.70355,0.13507791,0.0,44.0,0.0,0.0
26.910215,43.089474,730.02216,0.13774301,0.0,45.0,0.0,0.0
26.91577,43.132473,730.2974,0.14031012,0.0,46.0,0.0,0.0
26.918785,43.179398,730.55347,0.14204931,0.0,47.0,0.0,0.0
26.918802,43.23735,730.8027,0.14291506,0.0,48.0,0.0,0.0
26.921167,43.274506,731.098,0.1442783,0.0,49.0,0.0,0.0
26.924433,43.304653,731.3787,0.14585146,0.0,50.0,0.0,0.0
26.926348,43.33696,731.6554,0.14698419,0.0,51.0,0.0,0.0
26.928164,43.36614,731.90546,0.14803773,0.0,52.0,0.0,0.0
26.930119,43.39103,732.12665,0.14907755,0.0,53.0,0.0,0.0
26.930582,43.42057,732.3509,0.14966755,0.0,54.0,0.0,0.0
26.840683,42.65777,727.79926,0.106769845,0.0,36.0,0.0,0.0
26.846136,42.665314,727.8653,0.10880173,0.0,37.0,0.0,0.0
26.852974,42.697563,728.0021,0.111717,0.0,38.0,0.0,0.0
26.859066,42.71342,728.1349,0.11407892,0.0,39.0,0.0,0.0
26.865452,42.76858,728.3237,0.11720429,0.0,40.0,0.0,0.0
26.873844,42.816517,728.5416,0.12090498,0.0,41.0,0.0,0.0
26.880522,42.875698,728.7806,0.12417708,0.0,42.0,0.0,0.0
26.890629,42.919464,729.0472,0.12838311,0.0,43.0,0.0,0.0
26.896065,42.98679,729.38086,0.1312876,0.0,44.0,0.0,0.0
26.902233,43.040592,729.70544,0.13423155,0.0,45.0,0.0,0.0
26.90869,43.087006,730.01105,0.13716088,0.0,46.0,0.0,0.0
26.91224,43.137974,730.29395,0.13914587,0.0,47.0,0.0,0.0
26.912552,43.199818,730.5558,0.14017671,0.0,48.0,0.0,0.0
26.915264,43.241146,730.7786,0.14173213,0.0,49.0,0.0,0.0
26.918873,43.27431,731.0701,0.1434704,0.0,50.0,0.0,0.0
26.921059,43.309193,731.3714,0.1447347,0.0,51.0,0.0,0.0
26.923122,43.340645,731.643,0.14590688,0.0,52.0,0.0,0.0
26.925308,43.367527,731.8832,0.14705631,0.0,53.0,0.0,0.0
26.925938,43.398987,732.1242,0.14773166,0.0,54.0,0.0,0.0
26.929125,43.415337,732.2855,0.14908436,0.0,55.0,0.0,0.0
26.833864,42.675583,727.8052,0.10465745,0.0,37.0,0.0,0.0
26.839529,42.669086,727.8595,0.106517486,0.0,38.0,0.0,0.0
26.845222,42.66854,727.9579,0.10846878,0.0,39.0,0.0,0.0
26.851103,42.720943,728.1231,0.111379445,0.0,40.0,0.0,0.0
26.858053,42.775776,728.29926,0.11470646,0.0,41.0,0.0,0.0
26.863775,42.840652,728.5025,0.11775495,0.0,42.0,0.0,0.0
26.874691,42.88503,728.7681,0.122261554,0.0,43.0,0.0,0.0
26.88137,42.94801,729.0603,0.12555866,0.0,44.0,0.0,0.0
26.888514,43.004555,729.394,0.12889059,0.0,45.0,0.0,0.0
26.895964,43.05268,729.7118,0.13219766,0.0,46.0,0.0,0.0
26.900242,43.10812,730.024,0.13450299,0.0,47.0,0.0,0.0
26.900885,43.175217,730.311,0.13572796,0.0,48.0,0.0,0.0
26.904226,43.219368,730.5463,0.1375486,0.0,49.0,0.0,0.0
26.908562,43.255463,730.78314,0.1395927,0.0,50.0,0.0,0.0
26.911272,43.292774,731.1108,0.14107473,0.0,51.0,0.0,0.0
26.91382,43.326313,731.40515,0.14244758,0.0,52.0,0.0,0.0
26.916502,43.354805,731.6646,0.1437929,0.0,53.0,0.0,0.0
26.917389,43.38857,731.92584,0.14459205,0.0,54.0,0.0,0.0
26.920963,43.40642,732.10297,0.14610206,0.0,55.0,0.0,0.0
26.925219,43.419544,732.25195,0.14778243,0.0,56.0,0.0,0.0
26.830711,42.677692,727.76807,0.10368271,0.0,38.0,0.0,0.0
26.834019,42.637165,727.81006,0.10403803,0.0,39.0,0.0,0.0
26.837748,42.678204,727.9428,0.10599265,0.0,40.0,0.0,0.0
26.843695,42.730675,728.1145,0.10891558,0.0,41.0,0.0,0.0
26.849554,42.792843,728.3126,0.11196496,0.0,42.0,0.0,0.0
26.85911,42.84753,728.5212,0.11619518,0.0,43.0,0.0,0.0
26.865345,42.913666,728.7645,0.11941902,0.0,44.0,0.0,0.0
26.873623,42.968655,729.064,0.123145856,0.0,45.0,0.0,0.0
26.882168,43.01741,729.3899,0.12684941,0.0,46.0,0.0,0.0
26.887234,43.075493,729.71985,0.12947094,0.0,47.0,0.0,0.0
26.88826,43.147907,730.0349,0.13090837,0.0,48.0,0.0,0.0
26.892124,43.195988,730.2932,0.13297023,0.0,49.0,0.0,0.0
26.897087,43.23528,730.5268,0.13528661,0.0,50.0,0.0,0.0
26.900213,43.276707,730.8189,0.13698147,0.0,51.0,0.0,0.0
26.903162,43.313267,731.14264,0.13853732,0.0,52.0,0.0,0.0
26.906229,43.3444,731.42804,0.14005518,0.0,53.0,0.0,0.0
26.907375,43.380882,731.71313,0.14098428,0.0,54.0,0.0,0.0
26.911564,43.39951,731.9054,0.14271978,0.0,55.0,0.0,0.0
26.916561,43.41254,732.0654,0.14465804,0.0,56.0,0.0,0.0
26.921274,43.423557,732.2141,0.14646496,0.0,57.0,0.0,0.0
26.823954,42.623997,727.2643,0.102213785,0.0,39.0,0.0,0.0
26.829977,42.642456,727.7458,0.103195146,0.0,40.0,0.0,0.0
26.834373,42.684967,727.92487,0.1049355,0.0,41.0,0.0,0.0
26.838482,42.749126,728.11975,0.10738143,0.0,42.0,0.0,0.0
26.847126,42.801826,728.3227,0.11124891,0.0,43.0,0.0,0.0
26.853888,42.867153,728.55206,0.11465339,0.0,44.0,0.0,0.0
26.86139,42.92469,728.76636,0.118197665,0.0,45.0,0.0,0.0
26.87012,42.975643,729.0379,0.12203209,0.0,46.0,0.0,0.0
26.87598,43.03324,729.3685,0.124927476,0.0,47.0,0.0,0.0
26.877363,43.109325,729.7039,0.12654385,0.0,48.0,0.0,0.0
26.881676,43.161602,729.99066,0.12882203,0.0,49.0,0.0,0.0
26.88717,43.20459,730.2498,0.13137664,0.0,50.0,0.0,0.0
26.890741,43.249798,730.4928,0.13329309,0.0,51.0,0.0,0.0
26.894049,43.290215,730.7932,0.13503505,0.0,52.0,0.0,0.0
26.897478,43.32422,731.11017,0.13671945,0.0,53.0,0.0,0.0
26.898859,43.363678,731.424,0.1377728,0.0,54.0,0.0,0.0
26.903444,43.384407,731.64014,0.1396762,0.0,55.0,0.0,0.0
26.908867,43.39923,731.8215,0.14178821,0.0,56.0,0.0,0.0
26.91421,43.410625,731.9849,0.1438196,0.0,57.0,0.0,0.0
26.918825,43.420788,732.1414,0.14557414,0.0,58.0,0.0,0.0
26.815563,42.60732,726.5951,0.10093413,0.0,40.0,0.0,0.0
26.82404,42.631607,727.4815,0.10221248,0.0,41.0,0.0,0.0
26.831297,42.69,727.90393,0.10398264,0.0,42.0,0.0,0.0
26.836632,42.751133,728.1413,0.10674309,0.0,43.0,0.0,0.0
26.842285,42.816578,728.3608,0.109753795,0.0,44.0,0.0,0.0
26.849615,42.875923,728.5819,0.113260426,0.0,45.0,0.0,0.0
26.858307,42.927174,728.78015,0.11712978,0.0,46.0,0.0,0.0
26.863379,42.99363,729.0665,0.11991915,0.0,47.0,0.0,0.0
26.865114,43.07065,729.38934,0.121684216,0.0,48.0,0.0,0.0
26.869934,43.12724,729.7017,0.12420315,0.0,49.0,0.0,0.0
26.875998,43.17434,729.98663,0.12701707,0.0,50.0,0.0,0.0
26.879988,43.22361,730.2531,0.12914011,0.0,51.0,0.0,0.0
26.883734,43.267952,730.4931,0.13110586,0.0,52.0,0.0,0.0
26.887548,43.30527,730.829,0.13297398,0.0,53.0,0.0,0.0
26.889187,43.34798,731.17096,0.1341633,0.0,54.0,0.0,0.0
26.894194,43.371056,731.4103,0.13624829,0.0,55.0,0.0,0.0
26.90007,43.38788,731.6125,0.13854791,0.0,56.0,0.0,0.0
26.905842,43.401028,731.79486,0.14075527,0.0,57.0,0.0,0.0
26.910902,43.412434,731.9673,0.14268315,0.0,58.0,0.0,0.0
26.91461,43.425293,732.1413,0.14415577,0.0,59.0,0.0,0.0
26.804632,42.57246,725.31085,0.0994281,0.0,41.0,0.0,0.0
26.815924,42.61759,727.06995,0.100878835,0.0,42.0,0.0,0.0
26.828049,42.68194,727.8679,0.10333662,0.0,43.0,0.0,0.0
26.833815,42.752594,728.147,0.1057923,0.0,44.0,0.0,0.0
26.83876,42.817253,728.3757,0.10849882,0.0,45.0,0.0,0.0
26.846338,42.874752,728.5994,0.11205647,0.0,46.0,0.0,0.0
26.8525,42.9335,728.8171,0.11514161,0.0,47.0,0.0,0.0
26.854342,43.018036,729.15967,0.1170622,0.0,48.0,0.0,0.0
26.858566,43.08103,729.4378,0.11949766,0.0,49.0,0.0,0.0
26.863928,43.14005,729.7191,0.12226925,0.0,50.0,0.0,0.0
26.86837,43.194016,730.01,0.12462016,0.0,51.0,0.0,0.0
26.872534,43.24261,730.27203,0.12679572,0.0,52.0,0.0,0.0
26.876787,43.283947,730.55817,0.12888874,0.0,53.0,0.0,0.0
26.878696,43.330326,730.9289,0.13022639,0.0,54.0,0.0,0.0
26.88414,43.356133,731.19196,0.13250454,0.0,55.0,0.0,0.0
26.890484,43.375305,731.4154,0.13500272,0.0,56.0,0.0,0.0
26.896702,43.39051,731.617,0.13739617,0.0,57.0,0.0,0.0
26.902155,43.403763,731.8068,0.139489,0.0,58.0,0.0,0.0
26.906176,43.418358,731.9967,0.14109685,0.0,59.0,0.0,0.0
26.908197,43.439125,732.19495,0.14209813,1.0,0.0,0.0,0.0
26.795454,42.55694,724.6685,0.09853185,0.0,42.0,0.0,0.0
26.812843,42.61397,726.8759,0.10040931,0.0,43.0,0.0,0.0
26.823156,42.688828,727.81415,0.10261384,0.0,44.0,0.0,0.0
26.831907,42.75455,728.1277,0.105181925,0.0,45.0,0.0,0.0
26.837234,42.816227,728.36224,0.10795055,0.0,46.0,0.0,0.0
26.842466,42.880257,728.5925,0.110778175,0.0,47.0,0.0,0.0
26.84499,42.954166,728.83875,0.1128113,0.0,48.0,0.0,0.0
26.849081,43.022625,729.1475,0.11527215,0.0,49.0,0.0,0.0
26.854902,43.0826,729.4206,0.11822802,0.0,50.0,0.0,0.0
26.85861,43.147667,729.72015,0.12050258,0.0,51.0,0.0,0.0
26.862291,43.206028,729.9874,0.12267219,0.0,52.0,0.0,0.0
26.866762,43.253143,730.24036,0.12493702,0.0,53.0,0.0,0.0
26.868979,43.303776,730.5667,0.1264546,0.0,54.0,0.0,0.0
26.87487,43.332615,730.862,0.12893216,0.0,55.0,0.0,0.0
26.881697,43.3544,731.11395,0.13163646,0.0,56.0,0.0,0.0
26.888376,43.37191,731.3411,0.13422385,0.0,57.0,0.0,0.0
26.894238,43.387234,731.55396,0.13648897,0.0,58.0,0.0,0.0
26.898586,43.403774,731.76447,0.13823853,0.0,59.0,0.0,0.0
26.900837,43.426506,731.98145,0.1393482,1.0,0.0,0.0,0.0
26.900274,43.459362,732.2088,0.13962807,1.0,1.0,0.0,0.0
26.790253,42.54654,724.3021,0.098005936,0.0,43.0,0.0,0.0
26.804235,42.591026,726.31744,0.09934951,0.0,44.0,0.0,0.0
26.818947,42.674072,727.74457,0.10173704,0.0,45.0,0.0,0.0
26.830584,42.741253,728.1038,0.10450674,0.0,46.0,0.0,0.0
26.834963,42.806244,728.3346,0.10700899,0.0,47.0,0.0,0.0
26.837282,42.886738,728.5879,0.10906415,0.0,48.0,0.0,0.0
26.84078,42.951633,728.8422,0.111267485,0.0,49.0,0.0,0.0
26.845755,43.019768,729.1555,0.11403166,0.0,50.0,0.0,0.0
26.849586,43.08729,729.45795,0.11638874,0.0,51.0,0.0,0.0
26.853497,43.152035,729.75366,0.11873326,0.0,52.0,0.0,0.0
26.857372,43.209034,730.01465,0.120951235,0.0,53.0,0.0,0.0
26.859343,43.268047,730.2692,0.12252896,0.0,54.0,0.0,0.0
26.865044,43.304657,730.55994,0.12507612,0.0,55.0,0.0,0.0
26.872355,43.329727,730.84064,0.12799807,0.0,56.0,0.0,0.0
26.879498,43.350124,731.09344,0.13078982,0.0,57.0,0.0,0.0
26.885769,43.368027,731.3291,0.13323627,0.0,58.0,0.0,0.0
26.890444,43.386932,731.5601,0.13513523,0.0,59.0,0.0,0.0
26.89293,43.41196,731.7952,0.13636003,1.0,0.0,0.0,0.0
26.892458,43.447014,732.03784,0.13670583,1.0,1.0,0.0,0.0
26.89189,43.474594,732.24023,0.13690256,1.0,2.0,0.0,0.0
26.781794,42.53283,723.7689,0.09725063,0.0,44.0,0.0,0.0
26.798498,42.581547,725.8909,0.09879639,0.0,45.0,0.0,0.0
26.816366,42.67071,727.70337,0.10126733,0.0,46.0,0.0,0.0
26.82666,42.739517,728.0474,0.10370925,0.0,47.0,0.0,0.0
26.83092,42.816593,728.3086,0.105812095,0.0,48.0,0.0,0.0
26.834808,42.88435,728.54736,0.10819266,0.0,49.0,0.0,0.0
26.838802,42.948914,728.81134,0.1105467,0.0,50.0,0.0,0.0
26.84172,43.023643,729.1469,0.112669386,0.0,51.0,0.0,0.0
26.845127,43.091255,729.4532,0.1148717,0.0,52.0,0.0,0.0
26.848864,43.15461,729.74963,0.11712755,0.0,53.0,0.0,0.0
26.851051,43.218895,730.0303,0.11885878,0.0,54.0,0.0,0.0
26.856316,43.26411,730.2366,0.12139936,0.0,55.0,0.0,0.0
26.862812,43.30063,730.4824,0.12424302,0.0,56.0,0.0,0.0
26.870436,43.324333,730.7665,0.1272512,0.0,57.0,0.0,0.0
26.877169,43.34504,731.03156,0.12989888,0.0,58.0,0.0,0.0
26.882212,43.366573,731.28894,0.13196355,0.0,59.0,0.0,0.0
26.884949,43.394238,731.54803,0.133315,1.0,0.0,0.0,0.0
26.884575,43.43191,731.81055,0.13373257,1.0,1.0,0.0,0.0
26.884073,43.4616,732.0287,0.13398318,1.0,2.0,0.0,0.0
26.882654,43.492306,732.2529,0.13392296,1.0,3.0,0.0,0.0
26.778713,42.519806,723.432,0.096934326,0.0,45.0,0.0,0.0
26.797827,42.58,725.7804,0.09873955,0.0,46.0,0.0,0.0
26.813328,42.66932,727.5633,0.10080683,0.0,47.0,0.0,0.0
26.820444,42.746723,727.95575,0.10278079,0.0,48.0,0.0,0.0
26.828943,42.815895,728.2716,0.10514182,0.0,49.0,0.0,0.0
26.833635,42.88183,728.5123,0.1077653,0.0,50.0,0.0,0.0
26.837004,42.94674,728.76514,0.10991464,0.0,51.0,0.0,0.0
26.839813,43.02018,729.0946,0.11197783,0.0,52.0,0.0,0.0
26.84265,43.087112,729.40344,0.11395117,0.0,53.0,0.0,0.0
26.844357,43.158215,729.72375,0.11560086,0.0,54.0,0.0,0.0
26.849426,43.20932,729.9647,0.11815105,0.0,55.0,0.0,0.0
26.85588,43.252155,730.16565,0.12107952,0.0,56.0,0.0,0.0
26.8626,43.288116,730.367,0.12399514,0.0,57.0,0.0,0.0
26.869726,43.31238,730.6548,0.12683444,0.0,58.0,0.0,0.0
26.875135,43.336887,730.944,0.12906891,0.0,59.0,0.0,0.0
26.878126,43.3675,731.2316,0.13055037,1.0,0.0,0.0,0.0
26.87785,43.408073,731.5179,0.13104296,1.0,1.0,0.0,0.0
26.877419,43.440113,731.7548,0.13135312,1.0,2.0,0.0,0.0
26.876036,43.47298,731.99567,0.13133721,1.0,3.0,0.0,0.0
26.874643,43.501236,732.21265,0.13124774,1.0,4.0,0.0,0.0
26.777573,42.5115,723.2337,0.096801266,0.0,46.0,0.0,0.0
26.794249,42.577118,725.518,0.09841998,0.0,47.0,0.0,0.0
26.804623,42.6693,727.30444,0.09993637,0.0,48.0,0.0,0.0
26.816452,42.741947,727.87585,0.10208498,0.0,49.0,0.0,0.0
26.827662,42.814137,728.2446,0.10468588,0.0,50.0,0.0,0.0
26.831581,42.879227,728.4752,0.10703414,0.0,51.0,0.0,0.0
26.835058,42.943176,728.7238,0.10920463,0.0,52.0,0.0,0.0
26.83811,43.01256,729.03906,0.11128999,0.0,53.0,0.0,0.0
26.839966,43.084057,729.3486,0.113001615,0.0,54.0,0.0,0.0
26.843212,43.145836,729.64496,0.11503299,0.0,55.0,0.0,0.0
26.848852,43.19598,729.8923,0.117758,0.0,56.0,0.0,0.0
26.85558,43.237804,730.09607,0.12076366,0.0,57.0,0.0,0.0
26.86187,43.274242,730.28076,0.123531826,0.0,58.0,0.0,0.0
26.867485,43.303425,730.5686,0.12591678,0.0,59.0,0.0,0.0
26.870749,43.33747,730.88916,0.12754181,1.0,0.0,0.0,0.0
26.870567,43.381443,731.2029,0.1281169,1.0,1.0,0.0,0.0
26.870218,43.416264,731.4621,0.12849529,1.0,2.0,0.0,0.0
26.86888,43.45171,731.72296,0.1285321,1.0,3.0,0.0,0.0
26.867527,43.48218,731.95703,0.12848866,1.0,4.0,0.0,0.0
26.868347,43.49966,732.1383,0.12901272,1.0,5.0,0.0,0.0
26.774166,42.50456,722.9518,0.09649955,0.0,47.0,0.0,0.0
26.78662,42.583893,725.1145,0.097843155,0.0,48.0,0.0,0.0
26.800152,42.665146,727.07086,0.0995071,0.0,49.0,0.0,0.0
26.814543,42.74136,727.8371,0.101770036,0.0,50.0,0.0,0.0
26.824072,42.810905,728.1769,0.10403782,0.0,51.0,0.0,0.0
26.82961,42.8761,728.437,0.106323175,0.0,52.0,0.0,0.0
26.833334,42.937733,728.67896,0.10854098,0.0,53.0,0.0,0.0
26.83557,43.009052,728.9843,0.1103836,0.0,54.0,0.0,0.0
26.839108,43.07081,729.2706,0.11251845,0.0,55.0,0.0,0.0
26.842901,43.131554,729.5658,0.11472115,0.0,56.0,0.0,0.0
26.848736,43.18077,729.8171,0.117496796,0.0,57.0,0.0,0.0
26.855072,43.22264,730.0286,0.12035959,0.0,58.0,0.0,0.0
26.860102,43.26201,730.2284,0.12271918,0.0,59.0,0.0,0.0
26.863123,43.30341,730.5096,0.124390006,1.0,0.0,0.0,0.0
26.863054,43.351036,730.85095,0.12505841,1.0,1.0,0.0,0.0
26.862816,43.38887,731.1363,0.12551685,1.0,2.0,0.0,0.0
26.86173,43.42602,731.42505,0.12566157,1.0,3.0,0.0,0.0
26.860634,43.457798,731.6839,0.12572086,1.0,4.0,0.0,0.0
26.861408,43.478333,731.87775,0.12627852,1.0,5.0,0.0,0.0
26.861872,43.50108,732.0808,0.12675872,1.0,6.0,0.0,0.0
26.763317,42.498142,722.30035,0.09563161,0.0,48.0,0.0,0.0
26.780788,42.570293,724.6116,0.09731623,0.0,49.0,0.0,0.0
26.797337,42.662357,726.94696,0.09923168,0.0,50.0,0.0,0.0
26.810041,42.737007,727.7741,0.10107549,0.0,51.0,0.0,0.0
26.819624,42.803143,728.0932,0.10323606,0.0,52.0,0.0,0.0
26.827526,42.868874,728.39703,0.10550301,0.0,53.0,0.0,0.0
26.830336,42.933662,728.6377,0.10746078,0.0,54.0,0.0,0.0
26.834425,42.995613,728.91797,0.10979193,0.0,55.0,0.0,0.0
26.838589,43.056927,729.2072,0.11213373,0.0,56.0,0.0,0.0
26.842476,43.11642,729.50006,0.11434696,0.0,57.0,0.0,0.0
26.847706,43.166126,729.76166,0.116907634,0.0,58.0,0.0,0.0
26.852848,43.210766,729.98755,0.11938246,0.0,59.0,0.0,0.0
26.85579,43.258476,730.21063,0.12112868,1.0,0.0,0.0,0.0
26.855856,43.31044,730.5311,0.12191526,1.0,1.0,0.0,0.0
26.855785,43.35155,730.83746,0.12248212,1.0,2.0,0.0,0.0
26.8548,43.391987,731.15234,0.12270908,1.0,3.0,0.0,0.0
26.8538,43.426617,731.43396,0.122843176,1.0,4.0,0.0,0.0
26.854746,43.449474,731.6469,0.12349473,1.0,5.0,0.0,0.0
26.855358,43.474457,731.8678,0.124059826,1.0,6.0,0.0,0.0
26.855274,43.502552,732.11035,0.12442307,1.0,7.0,0.0,0.0
26.764751,42.492874,722.21936,0.09572846,0.0,49.0,0.0,0.0
26.784636,42.58343,724.88,0.09771612,0.0,50.0,0.0,0.0
26.797508,42.666748,726.89825,0.099295616,0.0,51.0,0.0,0.0
26.8096,42.73938,727.7548,0.10104244,0.0,52.0,0.0,0.0
26.819046,42.800987,728.0607,0.103122085,0.0,53.0,0.0,0.0
26.826029,42.867912,728.3556,0.10499515,0.0,54.0,0.0,0.0
26.830637,42.924805,728.5793,0.107443444,0.0,55.0,0.0,0.0
26.83531,42.981075,728.82996,0.109893695,0.0,56.0,0.0,0.0
26.83952,43.04123,729.1235,0.112227745,0.0,57.0,0.0,0.0
26.8437,43.096302,729.40686,0.11448022,0.0,58.0,0.0,0.0
26.848307,43.14707,729.67114,0.11684481,0.0,59.0,0.0,0.0
26.851513,43.19927,729.92,0.11874639,1.0,0.0,0.0,0.0
26.8516,43.25678,730.16296,0.11963325,1.0,1.0,0.0,0.0
26.851547,43.302284,730.4245,0.120278955,1.0,2.0,0.0,0.0
26.850668,43.345898,730.752,0.120592184,1.0,3.0,0.0,0.0
26.84975,43.383553,731.0577,0.120799646,1.0,4.0,0.0,0.0
26.850689,43.409348,731.296,0.12148883,1.0,5.0,0.0,0.0
26.851427,43.43684,731.539,0.12213415,1.0,6.0,0.0,0.0
26.851475,43.46722,731.8017,0.12257617,1.0,7.0,0.0,0.0
26.851654,43.497692,732.06256,0.12306991,1.0,8.0,0.0,0.0
26.771273,42.507847,722.6846,0.0963352,0.0,50.0,0.0,0.0
26.78591,42.584976,724.8927,0.097839795,0.0,51.0,0.0,0.0
26.7978,42.662735,726.82263,0.0992987,0.0,52.0,0.0,0.0
26.80995,42.733826,727.73663,0.10101297,0.0,53.0,0.0,0.0
26.816925,42.796036,728.0087,0.10272887,0.0,54.0,0.0,0.0
26.826859,42.85808,728.32776,0.1051263,0.0,55.0,0.0,0.0
26.832033,42.91515,728.55084,0.107772715,0.0,56.0,0.0,0.0
26.836748,42.96772,728.7817,0.11018364,0.0,57.0,0.0,0.0
26.840668,43.026985,729.0765,0.11240253,0.0,58.0,0.0,0.0
26.844824,43.080254,729.3508,0.114634275,0.0,59.0,0.0,0.0
26.84774,43.138157,729.6325,0.116510525,1.0,0.0,0.0,0.0
26.847862,43.20013,729.89844,0.11747183,1.0,1.0,0.0,0.0
26.847898,43.249958,730.11755,0.11821978,1.0,2.0,0.0,0.0
26.84719,43.297626,730.3794,0.11866439,1.0,3.0,0.0,0.0
26.846903,43.33684,730.6802,0.11913614,1.0,4.0,0.0,0.0
26.847828,43.365166,730.93335,0.1198557,1.0,5.0,0.0,0.0
26.84856,43.39523,731.1982,0.12053476,1.0,6.0,0.0,0.0
26.848804,43.427532,731.4744,0.1210804,1.0,7.0,0.0,0.0
26.849087,43.460007,731.7507,0.121641465,1.0,8.0,0.0,0.0
26.85453,43.47446,731.88696,0.12375619,1.0,9.0,0.0,0.0
26.7755,42.512455,722.90674,0.096700676,0.0,51.0,0.0,0.0
26.788683,42.58368,724.9268,0.098068535,0.0,52.0,0.0,0.0
26.79997,42.655136,726.77673,0.0994447,0.0,53.0,0.0,0.0
26.80894,42.728256,727.70386,0.100849696,0.0,54.0,0.0,0.0
26.819693,42.787773,728.0158,0.103092015,0.0,55.0,0.0,0.0
26.828966,42.84836,728.3142,0.10569281,0.0,56.0,0.0,0.0
26.83407,42.902874,728.53186,0.10827301,0.0,57.0,0.0,0.0
26.838446,42.953693,728.7467,0.11054422,0.0,58.0,0.0,0.0
26.842272,43.00943,729.0223,0.112693325,0.0,59.0,0.0,0.0
26.845152,43.067833,729.30035,0.11456509,1.0,0.0,0.0,0.0
26.845367,43.13444,729.5907,0.11562562,1.0,1.0,0.0,0.0
26.845484,43.188305,729.8309,0.11645915,1.0,2.0,0.0,0.0
26.845152,43.23959,730.054,0.11710669,1.0,3.0,0.0,0.0
26.844929,43.283257,730.2615,0.11767756,1.0,4.0,0.0,0.0
26.845987,43.31426,730.53674,0.118481845,1.0,5.0,0.0,0.0
26.846811,43.34674,730.8108,0.119229466,1.0,6.0,0.0,0.0
26.847158,43.381306,731.1012,0.11984422,1.0,7.0,0.0,0.0
26.847519,43.416046,731.39813,0.12046535,1.0,8.0,0.0,0.0
26.852493,43.43387,731.5668,0.12245136,1.0,9.0,0.0,0.0
26.857927,43.45715,731.7948,0.12470271,1.0,10.0,0.0,0.0
26.777292,42.516026,722.9909,0.09687281,0.0,52.0,0.0,0.0
26.790236,42.584103,724.9723,0.09821409,0.0,53.0,0.0,0.0
26.798347,42.656403,726.7008,0.09931535,0.0,54.0,0.0,0.0
26.811983,42.727734,727.72284,0.10120619,0.0,55.0,0.0,0.0
26.823305,42.787624,728.0578,0.10367578,0.0,56.0,0.0,0.0
26.830875,42.843605,728.3151,0.106267266,0.0,57.0,0.0,0.0
26.835579,42.895214,728.5256,0.108664654,0.0,58.0,0.0,0.0
26.839247,42.945396,728.73047,0.11068586,0.0,59.0,0.0,0.0
26.842037,43.004387,728.99994,0.11253435,1.0,0.0,0.0,0.0
26.84243,43.07025,729.2782,0.11365215,1.0,1.0,0.0,0.0
26.842813,43.127815,729.53375,0.1146427,1.0,2.0,0.0,0.0
26.842796,43.182312,729.7749,0.11544932,1.0,3.0,0.0,0.0
26.84287,43.228783,729.9879,0.116164766,1.0,4.0,0.0,0.0
26.843782,43.264843,730.16943,0.117004685,1.0,5.0,0.0,0.0
26.844587,43.30097,730.44275,0.11780219,1.0,6.0,0.0,0.0
26.845068,43.33794,730.7466,0.11849895,1.0,7.0,0.0,0.0
26.845549,43.374924,731.0529,0.119196765,1.0,8.0,0.0,0.0
26.849737,43.39692,731.2638,0.120947026,1.0,9.0,0.0,0.0
26.855387,43.422382,731.5125,0.12330378,1.0,10.0,0.0,0.0
26.858015,43.461884,731.86096,0.1247909,1.0,11.0,0.0,0.0
26.77403,42.515297,722.7956,0.09662207,0.0,53.0,0.0,0.0
26.783495,42.575226,724.52484,0.09761976,0.0,54.0,0.0,0.0
26.79759,42.652298,726.6559,0.0992131,0.0,55.0,0.0,0.0
26.812826,42.725082,727.7319,0.10131583,0.0,56.0,0.0,0.0
26.824442,42.784344,728.0721,0.10382446,0.0,57.0,0.0,0.0
26.831293,42.837616,728.3142,0.106307164,0.0,58.0,0.0,0.0
26.835358,42.88895,728.5195,0.10848155,0.0,59.0,0.0,0.0
26.83809,42.943123,728.7263,0.11024907,1.0,0.0,0.0,0.0
26.838984,43.00951,728.9983,0.11156076,1.0,1.0,0.0,0.0
26.839687,43.066574,729.2452,0.112658516,1.0,2.0,0.0,0.0
26.839924,43.124866,729.50806,0.11360759,1.0,3.0,0.0,0.0
26.84013,43.175133,729.74,0.11442362,1.0,4.0,0.0,0.0
26.841167,43.214542,729.93915,0.11535593,1.0,5.0,0.0,0.0
26.842024,43.25484,730.1353,0.11624306,1.0,6.0,0.0,0.0
26.842579,43.29495,730.4325,0.11701383,1.0,7.0,0.0,0.0
26.843151,43.33443,730.7559,0.11777879,1.0,8.0,0.0,0.0
26.846529,43.362167,730.98254,0.11933887,1.0,9.0,0.0,0.0
26.850704,43.39339,731.2919,0.12121956,1.0,10.0,0.0,0.0
26.853539,43.435123,731.65894,0.12281094,1.0,11.0,0.0,0.0
26.858791,43.463253,731.95325,0.12505762,1.0,12.0,0.0,0.0
26.774817,42.502964,722.63,0.09661595,0.0,54.0,0.0,0.0
26.790445,42.575924,724.81323,0.09819137,0.0,55.0,0.0,0.0
26.805464,42.65051,726.84937,0.0999178,0.0,56.0,0.0,0.0
26.818668,42.719925,727.7922,0.102219306,0.0,57.0,0.0,0.0
26.829012,42.777706,728.1134,0.10459998,0.0,58.0,0.0,0.0
26.833172,42.82612,728.3033,0.1067617,0.0,59.0,0.0,0.0
26.836027,42.879757,728.4988,0.10856529,1.0,0.0,0.0,0.0
26.837156,42.938393,728.6857,0.10986753,1.0,1.0,0.0,0.0
26.838013,42.9936,728.9126,0.110996954,1.0,2.0,0.0,0.0
26.838398,43.050903,729.1606,0.111988306,1.0,3.0,0.0,0.0
26.83869,43.105503,729.4155,0.112896524,1.0,4.0,0.0,0.0
26.839855,43.148895,729.6364,0.113929,1.0,5.0,0.0,0.0
26.840824,43.193035,729.8531,0.1149112,1.0,6.0,0.0,0.0
26.841452,43.237797,730.0678,0.11578606,1.0,7.0,0.0,0.0
26.842102,43.281254,730.3514,0.11664286,1.0,8.0,0.0,0.0
26.8454,43.31263,730.6072,0.11822717,1.0,9.0,0.0,0.0
26.849443,43.3472,730.9339,0.12010873,1.0,10.0,0.0,0.0
26.85243,43.391644,731.3199,0.12179425,1.0,11.0,0.0,0.0
26.85789,43.42223,731.638,0.12414768,1.0,12.0,0.0,0.0
26.859465,43.466904,732.02875,0.12533286,1.0,13.0,0.0,0.0
26.779846,42.51387,723.0241,0.09707093,0.0,55.0,0.0,0.0
26.797161,42.591774,725.4359,0.098860934,0.0,56.0,0.0,0.0
26.811993,42.663883,727.22766,0.100693926,0.0,57.0,0.0,0.0
26.82286,42.723557,727.8643,0.10293609,0.0,58.0,0.0,0.0
26.830412,42.777573,728.13336,0.10506792,0.0,59.0,0.0,0.0
26.8334,42.829315,728.317,0.106888145,1.0,0.0,0.0,0.0
26.83463,42.887585,728.498,0.10821885,1.0,1.0,0.0,0.0
26.83572,42.93796,728.6643,0.10937631,1.0,2.0,0.0,0.0
26.836275,42.99347,728.8931,0.11040574,1.0,3.0,0.0,0.0
26.836735,43.04679,729.1328,0.11135793,1.0,4.0,0.0,0.0
26.838034,43.09374,729.3733,0.11248838,1.0,5.0,0.0,0.0
26.83913,43.141323,729.6085,0.11356321,1.0,6.0,0.0,0.0
26.839863,43.189247,729.8402,0.11452023,1.0,7.0,0.0,0.0
26.840597,43.23649,730.06683,0.115469165,1.0,8.0,0.0,0.0
26.843782,43.27172,730.2889,0.11707621,1.0,9.0,0.0,0.0
26.847603,43.31022,730.645,0.11893195,1.0,10.0,0.0,0.0
26.850014,43.358353,731.0514,0.120460376,1.0,11.0,0.0,0.0
26.855698,43.391075,731.3904,0.12292213,1.0,12.0,0.0,0.0
26.857391,43.437824,731.80035,0.12417852,1.0,13.0,0.0,0.0
26.854753,43.50457,732.2809,0.12420917,1.0,14.0,0.0,0.0
26.78943,42.54019,723.9256,0.097955495,0.0,56.0,0.0,0.0
26.805508,42.607357,726.16034,0.09966504,0.0,57.0,0.0,0.0
26.817709,42.67254,727.5375,0.10160827,0.0,58.0,0.0,0.0
26.826555,42.725273,727.9274,0.10355155,0.0,59.0,0.0,0.0
26.83115,42.779682,728.1496,0.1053489,1.0,0.0,0.0,0.0
26.832405,42.836205,728.3189,0.106663704,1.0,1.0,0.0,0.0
26.83361,42.88676,728.4791,0.10786313,1.0,2.0,0.0,0.0
26.834385,42.937607,728.647,0.108918965,1.0,3.0,0.0,0.0
26.835012,42.98868,728.8646,0.10990224,1.0,4.0,0.0,0.0
26.836496,43.034504,729.0918,0.11108419,1.0,5.0,0.0,0.0
26.837706,43.085655,729.3464,0.11224944,1.0,6.0,0.0,0.0
26.838535,43.136833,729.5957,0.11328646,1.0,7.0,0.0,0.0
26.839363,43.18714,729.8388,0.114311405,1.0,8.0,0.0,0.0
26.84264,43.225727,730.0354,0.11600327,1.0,9.0,0.0,0.0
26.846273,43.269066,730.32544,0.11787623,1.0,10.0,0.0,0.0
26.848536,43.32035,730.76215,0.1193887,1.0,11.0,0.0,0.0
26.854128,43.35565,731.11017,0.12185788,1.0,12.0,0.0,0.0
26.855934,43.404568,731.5408,0.12318314,1.0,13.0,0.0,0.0
26.853321,43.473408,732.0396,0.123252526,1.0,14.0,0.0,0.0
26.850185,43.546993,732.54297,0.123246334,1.0,15.0,0.0,0.0
26.795307,42.563396,724.6611,0.098577574,0.0,57.0,0.0,0.0
26.809956,42.621555,726.61237,0.10014781,0.0,58.0,0.0,0.0
26.819395,42.678265,727.6606,0.101898044,0.0,59.0,0.0,0.0
26.826008,42.73121,727.9411,0.10352358,1.0,0.0,0.0,0.0
26.82905,42.790592,728.15216,0.10481355,1.0,1.0,0.0,0.0
26.830336,42.839672,728.3045,0.10601838,1.0,2.0,0.0,0.0
26.831278,42.89053,728.46387,0.10713299,1.0,3.0,0.0,0.0
26.8322,42.9378,728.6281,0.10817868,1.0,4.0,0.0,0.0
26.833923,42.981853,728.83795,0.10942216,1.0,5.0,0.0,0.0
26.83535,43.032185,729.08154,0.11065333,1.0,6.0,0.0,0.0
26.836311,43.086758,729.3495,0.111785226,1.0,7.0,0.0,0.0
26.837265,43.140263,729.6102,0.11290061,1.0,8.0,0.0,0.0
26.840744,43.181877,729.8237,0.114703886,1.0,9.0,0.0,0.0
26.843834,43.230896,730.07965,0.11647948,1.0,10.0,0.0,0.0
26.84617,43.285862,730.4759,0.118077956,1.0,11.0,0.0,0.0
26.850674,43.32605,730.8707,0.12020715,1.0,12.0,0.0,0.0
26.85266,43.377007,731.3124,0.1216275,1.0,13.0,0.0,0.0
26.850403,43.44743,731.8207,0.12185669,1.0,14.0,0.0,0.0
26.847893,43.521923,732.32654,0.1220973,1.0,15.0,0.0,0.0
26.849688,43.569653,732.72797,0.123400904,1.0,16.0,0.0,0.0
26.799255,42.576912,725.1267,0.0989891,0.0,58.0,0.0,0.0
26.810913,42.62449,726.7289,0.10029055,0.0,59.0,0.0,0.0
26.817966,42.680393,727.62616,0.10169867,1.0,0.0,0.0,0.0
26.821287,42.735077,727.87524,0.10279914,1.0,1.0,0.0,0.0
26.825136,42.788326,728.087,0.10397446,1.0,2.0,0.0,0.0
26.827524,42.84051,728.27246,0.10508352,1.0,3.0,0.0,0.0
26.828588,42.886112,728.4198,0.10615537,1.0,4.0,0.0,0.0
26.830694,42.92699,728.5797,0.10749881,1.0,5.0,0.0,0.0
26.832434,42.973946,728.7912,0.108796276,1.0,6.0,0.0,0.0
26.833614,43.02762,729.0479,0.10999418,1.0,7.0,0.0,0.0
26.834724,43.08482,729.3298,0.111215405,1.0,8.0,0.0,0.0
26.83844,43.129967,729.5638,0.1131514,1.0,9.0,0.0,0.0
26.841688,43.182545,729.841,0.11503139,1.0,10.0,0.0,0.0
26.843594,43.243877,730.14185,0.11658785,1.0,11.0,0.0,0.0
26.847483,43.28928,730.56213,0.11856025,1.0,12.0,0.0,0.0
26.849045,43.343792,731.0216,0.119878255,1.0,13.0,0.0,0.0
26.847773,43.414963,731.5289,0.12048985,1.0,14.0,0.0,0.0
26.845964,43.489853,732.0534,0.12097603,1.0,15.0,0.0,0.0
26.847313,43.54142,732.47833,0.12218159,1.0,16.0,0.0,0.0
26.851824,43.58657,732.8484,0.12438842,1.0,17.0,0.0,0.0
26.804758,42.57501,725.4477,0.09943748,0.0,59.0,0.0,0.0
26.81256,42.622894,726.8058,0.100514814,1.0,0.0,0.0,0.0
26.816795,42.68308,727.5575,0.101567574,1.0,1.0,0.0,0.0
26.820454,42.733944,727.84503,0.10265221,1.0,2.0,0.0,0.0
26.823889,42.789368,728.05774,0.10378255,1.0,3.0,0.0,0.0
26.826914,42.839382,728.25073,0.10486597,1.0,4.0,0.0,0.0
26.82911,42.877647,728.3909,0.106203355,1.0,5.0,0.0,0.0
26.831099,42.922157,728.5534,0.10756817,1.0,6.0,0.0,0.0
26.832521,42.969757,728.75775,0.108772054,1.0,7.0,0.0,0.0
26.833782,43.025513,729.02496,0.11002819,1.0,8.0,0.0,0.0
26.837646,43.074356,729.2808,0.11206755,1.0,9.0,0.0,0.0
26.84102,43.130615,729.5798,0.1140433,1.0,10.0,0.0,0.0
26.84298,43.195335,729.9007,0.115665875,1.0,11.0,0.0,0.0
26.846985,43.245377,730.1925,0.117763124,1.0,12.0,0.0,0.0
26.848711,43.30242,730.6689,0.11917828,1.0,13.0,0.0,0.0
26.847374,43.37591,731.1811,0.11979913,1.0,14.0,0.0,0.0
26.845564,43.453136,731.72864,0.120316654,1.0,15.0,0.0,0.0
26.846966,43.506786,732.17584,0.12156931,1.0,16.0,0.0,0.0
26.851519,43.554207,732.5694,0.123820886,1.0,17.0,0.0,0.0
26.857416,43.597347,732.9114,0.12651937,1.0,18.0,0.0,0.0
26.805468,42.577614,725.5322,0.099512644,1.0,0.0,0.0,0.0
26.805683,42.605335,726.0294,0.09968881,1.0,1.0,0.0,0.0
26.807884,42.64304,726.7341,0.100104995,1.0,2.0,0.0,0.0
26.810444,42.688595,727.3231,0.10067322,1.0,3.0,0.0,0.0
26.813026,42.73397,727.73145,0.10144564,1.0,4.0,0.0,0.0
26.817904,42.772923,727.92456,0.10263849,1.0,5.0,0.0,0.0
26.822916,42.818142,728.1361,0.103917904,1.0,6.0,0.0,0.0
26.82652,42.862453,728.3225,0.10508821,1.0,7.0,0.0,0.0
26.828224,42.906326,728.4778,0.10634654,1.0,8.0,0.0,0.0
26.832806,42.94767,728.6624,0.10853908,1.0,9.0,0.0,0.0
26.83671,43.00194,728.94183,0.11067341,1.0,10.0,0.0,0.0
26.838966,43.0732,729.301,0.11249092,1.0,11.0,0.0,0.0
26.84224,43.133232,729.6332,0.114478916,1.0,12.0,0.0,0.0
26.843729,43.200123,729.96344,0.11597204,1.0,13.0,0.0,0.0
26.843182,43.278587,730.3795,0.11695666,1.0,14.0,0.0,0.0
26.842093,43.35944,730.94165,0.11778111,1.0,15.0,0.0,0.0
26.843637,43.41842,731.4466,0.11915513,1.0,16.0,0.0,0.0
26.846947,43.476902,731.90845,0.12113893,1.0,17.0,0.0,0.0
26.852005,43.528282,732.33887,0.12362178,1.0,18.0,0.0,0.0
26.855988,43.580753,732.7735,0.12577708,1.0,19.0,0.0,0.0
26.800303,42.587337,725.3432,0.09914225,1.0,1.0,0.0,0.0
26.799667,42.61051,725.7367,0.09921479,1.0,2.0,0.0,0.0
26.801208,42.654575,726.6151,0.099591315,1.0,3.0,0.0,0.0
26.803495,42.692432,727.133,0.10005386,1.0,4.0,0.0,0.0
26.810116,42.73683,727.6945,0.10102675,1.0,5.0,0.0,0.0
26.814781,42.77699,727.89374,0.10217346,1.0,6.0,0.0,0.0
26.819143,42.82252,728.09784,0.10335144,1.0,7.0,0.0,0.0
26.823738,42.86935,728.30853,0.10458109,1.0,8.0,0.0,0.0
26.829462,42.911743,728.4994,0.106854275,1.0,9.0,0.0,0.0
26.833755,42.961052,728.72925,0.10906127,1.0,10.0,0.0,0.0
26.836252,43.02931,729.06555,0.110922806,1.0,11.0,0.0,0.0
26.839727,43.09193,729.4144,0.11301614,1.0,12.0,0.0,0.0
26.841312,43.16122,729.76013,0.11457527,1.0,13.0,0.0,0.0
26.84088,43.242966,730.10455,0.11565703,1.0,14.0,0.0,0.0
26.839857,43.326366,730.65216,0.11654429,1.0,15.0,0.0,0.0
26.841557,43.38704,731.16187,0.117998034,1.0,16.0,0.0,0.0
26.844805,43.447983,731.6504,0.11999426,1.0,17.0,0.0,0.0
26.848763,43.505222,732.11194,0.12218256,1.0,18.0,0.0,0.0
26.852327,43.560886,732.5856,0.124209635,1.0,19.0,0.0,0.0
26.857973,43.60309,732.9177,0.12681513,1.0,20.0,0.0,0.0
26.797735,42.589275,725.1955,0.09894191,1.0,2.0,0.0,0.0
26.798285,42.61742,725.77954,0.099135615,1.0,3.0,0.0,0.0
26.8006,42.65668,726.62463,0.09954935,1.0,4.0,0.0,0.0
26.805935,42.68861,727.1865,0.10024178,1.0,5.0,0.0,0.0
26.811876,42.7352,727.72314,0.101267695,1.0,6.0,0.0,0.0
26.815746,42.77632,727.9073,0.102322176,1.0,7.0,0.0,0.0
26.820246,42.8228,728.116,0.10353286,1.0,8.0,0.0,0.0
26.828312,42.867294,728.3497,0.10577325,1.0,9.0,0.0,0.0
26.832788,42.91382,728.543,0.108011484,1.0,10.0,0.0,0.0
26.83552,42.972927,728.8016,0.109836556,1.0,11.0,0.0,0.0
26.839132,43.034794,729.1423,0.1119683,1.0,12.0,0.0,0.0
26.840773,43.106766,729.50366,0.11358461,1.0,13.0,0.0,0.0
26.84036,43.190964,729.86176,0.11470865,1.0,14.0,0.0,0.0
26.839312,43.278473,730.2682,0.115664415,1.0,15.0,0.0,0.0
26.841103,43.34121,730.78595,0.11718189,1.0,16.0,0.0,0.0
26.844425,43.40478,731.2945,0.1192416,1.0,17.0,0.0,0.0
26.848488,43.464626,731.7834,0.12150159,1.0,18.0,0.0,0.0
26.852087,43.522903,732.28174,0.123577595,1.0,19.0,0.0,0.0
26.85804,43.56702,732.62994,0.1263249,1.0,20.0,0.0,0.0
26.86598,43.598347,732.89734,0.12958758,1.0,21.0,0.0,0.0
26.796768,42.59722,725.2976,0.098900355,1.0,3.0,0.0,0.0
26.798264,42.621525,725.8981,0.09914596,1.0,4.0,0.0,0.0
26.803577,42.65326,726.72546,0.09978237,1.0,5.0,0.0,0.0
26.809015,42.690605,727.33057,0.10052859,1.0,6.0,0.0,0.0
26.813122,42.733173,727.74335,0.101448074,1.0,7.0,0.0,0.0
26.817339,42.777138,727.94073,0.10258753,1.0,8.0,0.0,0.0
26.827435,42.825554,728.2226,0.10482114,1.0,9.0,0.0,0.0
26.83196,42.869324,728.4012,0.1070353,1.0,10.0,0.0,0.0
26.834864,42.92421,728.60974,0.10886972,1.0,11.0,0.0,0.0
26.83868,42.97919,728.8941,0.11098296,1.0,12.0,0.0,0.0
26.840385,43.051952,729.2578,0.11263495,1.0,13.0,0.0,0.0
26.83999,43.138397,729.6281,0.11379687,1.0,14.0,0.0,0.0
26.83894,43.228622,730.0021,0.114796676,1.0,15.0,0.0,0.0
26.840761,43.294746,730.4403,0.11638385,1.0,16.0,0.0,0.0
26.844177,43.36066,730.9528,0.118514135,1.0,17.0,0.0,0.0
26.848398,43.42289,731.4673,0.12086159,1.0,18.0,0.0,0.0
26.852196,43.483414,731.98413,0.12304461,1.0,19.0,0.0,0.0
26.858341,43.529663,732.35065,0.12589356,1.0,20.0,0.0,0.0
26.866468,43.56271,732.6393,0.12924401,1.0,21.0,0.0,0.0
26.872072,43.600773,733.0105,0.13175015,1.0,22.0,0.0,0.0
26.795588,42.60326,725.3676,0.09882673,1.0,4.0,0.0,0.0
26.799744,42.62362,726.05695,0.09927467,1.0,5.0,0.0,0.0
26.804455,42.655952,726.79486,0.09987657,1.0,6.0,0.0,0.0
26.80863,42.692272,727.34503,0.10050535,1.0,7.0,0.0,0.0
26.81292,42.73519,727.74963,0.10143604,1.0,8.0,0.0,0.0
26.823374,42.7822,728.0346,0.10361722,1.0,9.0,0.0,0.0
26.830202,42.830177,728.2672,0.10582852,1.0,10.0,0.0,0.0
26.8332,42.881645,728.45435,0.10764533,1.0,11.0,0.0,0.0
26.837269,42.929573,728.66876,0.10975938,1.0,12.0,0.0,0.0
26.839159,42.99615,728.9871,0.11139146,1.0,13.0,0.0,0.0
26.83879,43.084827,729.3701,0.11259436,1.0,14.0,0.0,0.0
26.837755,43.17739,729.7571,0.11363325,1.0,15.0,0.0,0.0
26.839632,43.247177,730.0972,0.1153056,1.0,16.0,0.0,0.0
26.843113,43.316326,730.5997,0.11750706,1.0,17.0,0.0,0.0
26.847271,43.38188,731.12146,0.1198857,1.0,18.0,0.0,0.0
26.850742,43.44598,731.67395,0.121998236,1.0,19.0,0.0,0.0
26.857063,43.494682,732.0644,0.1249419,1.0,20.0,0.0,0.0
26.865145,43.531456,732.36896,0.12833586,1.0,21.0,0.0,0.0
26.870907,43.57154,732.76154,0.13092619,1.0,22.0,0.0,0.0
26.87899,43.60084,733.0637,0.13418654,1.0,23.0,0.0,0.0
26.797815,42.60248,725.52057,0.09900222,1.0,5.0,0.0,0.0
26.801928,42.62477,726.2197,0.09946211,1.0,6.0,0.0,0.0
26.805355,42.65345,726.8136,0.0999359,1.0,7.0,0.0,0.0
26.809673,42.69003,727.361,0.100581445,1.0,8.0,0.0,0.0
26.819908,42.734703,727.8403,0.102562994,1.0,9.0,0.0,0.0
26.82899,42.785507,728.1223,0.10472148,1.0,10.0,0.0,0.0
26.831968,42.835625,728.30444,0.1065094,1.0,11.0,0.0,0.0
26.836142,42.879627,728.4958,0.108600646,1.0,12.0,0.0,0.0
26.838255,42.936386,728.71906,0.11018941,1.0,13.0,0.0,0.0
26.83798,43.01946,729.06006,0.111350305,1.0,14.0,0.0,0.0
26.836931,43.114376,729.4602,0.112417795,1.0,15.0,0.0,0.0
26.838875,43.18676,729.8162,0.11414928,1.0,16.0,0.0,0.0
26.842424,43.261166,730.1715,0.11647042,1.0,17.0,0.0,0.0
26.846676,43.329967,730.7085,0.11892929,1.0,18.0,0.0,0.0
26.850245,43.397026,731.2741,0.121125996,1.0,19.0,0.0,0.0
26.856754,43.448627,731.6931,0.12417765,1.0,20.0,0.0,0.0
26.864985,43.48844,732.02313,0.12766777,1.0,21.0,0.0,0.0
26.870914,43.530994,732.44196,0.13034968,1.0,22.0,0.0,0.0
26.879189,43.56262,732.7685,0.13370903,1.0,23.0,0.0,0.0
26.886566,43.59342,733.0878,0.13673924,1.0,24.0,0.0,0.0
26.798532,42.606155,725.64844,0.09907873,1.0,6.0,0.0,0.0
26.800621,42.624943,726.17834,0.0993452,1.0,7.0,0.0,0.0
26.803814,42.65349,726.7775,0.099794485,1.0,8.0,0.0,0.0
26.81473,42.692287,727.53217,0.10133325,1.0,9.0,0.0,0.0
26.824425,42.74206,727.92816,0.103370026,1.0,10.0,0.0,0.0
26.829672,42.79481,728.1599,0.105095774,1.0,11.0,0.0,0.0
26.833958,42.837383,728.3418,0.1072028,1.0,12.0,0.0,0.0
26.836147,42.889122,728.5336,0.10874544,1.0,13.0,0.0,0.0
26.836052,42.961708,728.7826,0.10983487,1.0,14.0,0.0,0.0
26.835045,43.054394,729.16455,0.110888526,1.0,15.0,0.0,0.0
26.837086,43.129116,729.5356,0.112686016,1.0,16.0,0.0,0.0
26.840805,43.206806,729.9102,0.11511124,1.0,17.0,0.0,0.0
26.844616,43.28238,730.31384,0.11753601,1.0,18.0,0.0,0.0
26.848034,43.352844,730.8978,0.11972579,1.0,19.0,0.0,0.0
26.854183,43.408592,731.35626,0.12269762,1.0,20.0,0.0,0.0
26.862226,43.453976,731.70135,0.12621465,1.0,21.0,0.0,0.0
26.868359,43.49914,732.1468,0.12900448,1.0,22.0,0.0,0.0
26.876902,43.533077,732.4982,0.13248958,1.0,23.0,0.0,0.0
26.88452,43.566086,732.841,0.1356345,1.0,24.0,0.0,0.0
26.890568,43.60063,733.18756,0.13824736,1.0,25.0,0.0,0.0
26.797398,42.60544,725.59576,0.09897226,1.0,7.0,0.0,0.0
26.7993,42.622517,726.087,0.09921314,1.0,8.0,0.0,0.0
26.810614,42.656055,726.9987,0.10047608,1.0,9.0,0.0,0.0
26.819637,42.699425,727.7298,0.10215156,1.0,10.0,0.0,0.0
26.82622,42.750904,727.98334,0.10375165,1.0,11.0,0.0,0.0
26.831839,42.793987,728.1919,0.10580763,1.0,12.0,0.0,0.0
26.834059,42.842487,728.3652,0.10731201,1.0,13.0,0.0,0.0
26.833992,42.90871,728.5592,0.1083283,1.0,14.0,0.0,0.0
26.833113,42.990257,728.85376,0.10927912,1.0,15.0,0.0,0.0
26.835266,43.064304,729.2198,0.111106776,1.0,16.0,0.0,0.0
26.839148,43.145267,729.61414,0.11363491,1.0,17.0,0.0,0.0
26.842955,43.22506,729.997,0.11612188,1.0,18.0,0.0,0.0
26.84614,43.301697,730.48126,0.118337095,1.0,19.0,0.0,0.0
26.851679,43.361965,730.9642,0.12114848,1.0,20.0,0.0,0.0
26.860027,43.410355,731.3389,0.12481586,1.0,21.0,0.0,0.0
26.865953,43.461105,731.80396,0.12762293,1.0,22.0,0.0,0.0
26.87479,43.497665,732.18384,0.13124786,1.0,23.0,0.0,0.0
26.882677,43.53321,732.5537,0.13452101,1.0,24.0,0.0,0.0
26.888943,43.57017,732.9256,0.13724402,1.0,25.0,0.0,0.0
26.895557,43.600517,733.2468,0.13999437,1.0,26.0,0.0,0.0
26.795935,42.60255,725.48663,0.09882551,1.0,8.0,0.0,0.0
26.806402,42.627625,726.4683,0.099869095,1.0,9.0,0.0,0.0
26.815256,42.660892,727.3072,0.101167046,1.0,10.0,0.0,0.0
26.821266,42.706917,727.78,0.1024923,1.0,11.0,0.0,0.0
26.829718,42.751545,728.04565,0.10442695,1.0,12.0,0.0,0.0
26.831846,42.797493,728.2116,0.105859235,1.0,13.0,0.0,0.0
26.831684,42.85855,728.3798,0.10676413,1.0,14.0,0.0,0.0
26.83088,42.931072,728.5882,0.107628174,1.0,15.0,0.0,0.0
26.833237,42.997,728.8959,0.10941642,1.0,16.0,0.0,0.0
26.837305,43.07917,729.2963,0.11202605,1.0,17.0,0.0,0.0
26.841286,43.16246,729.7,0.11462315,1.0,18.0,0.0,0.0
26.844007,43.24551,730.1004,0.11678401,1.0,19.0,0.0,0.0
26.849028,43.31121,730.5627,0.1194809,1.0,20.0,0.0,0.0
26.857473,43.36297,730.947,0.1232355,1.0,21.0,0.0,0.0
26.863136,43.419945,731.4326,0.12605235,1.0,22.0,0.0,0.0
26.872301,43.459347,731.8434,0.12983099,1.0,23.0,0.0,0.0
26.880484,43.497673,732.2429,0.13324645,1.0,24.0,0.0,0.0
26.886995,43.537308,732.6427,0.1360922,1.0,25.0,0.0,0.0
26.893864,43.57011,732.9882,0.13896607,1.0,26.0,0.0,0.0
26.900091,43.59946,733.30457,0.14156537,1.0,27.0,0.0,0.0
26.802496,42.609657,725.902,0.09944188,1.0,9.0,0.0,0.0
26.811218,42.635395,726.80554,0.10043183,1.0,10.0,0.0,0.0
26.816042,42.668427,727.4169,0.10133083,1.0,11.0,0.0,0.0
26.8246,42.70932,727.8481,0.10305466,1.0,12.0,0.0,0.0
26.829275,42.75609,728.06464,0.104341,1.0,13.0,0.0,0.0
26.828924,42.814404,728.22375,0.10513943,1.0,14.0,0.0,0.0
26.827955,42.879997,728.3955,0.105843216,1.0,15.0,0.0,0.0
26.83057,42.93664,728.61725,0.107603244,1.0,16.0,0.0,0.0
26.834938,43.013275,728.9745,0.11024296,1.0,17.0,0.0,0.0
26.839123,43.09913,729.3936,0.11294556,1.0,18.0,0.0,0.0
26.84193,43.185562,729.8151,0.11518384,1.0,19.0,0.0,0.0
26.846024,43.25927,730.1783,0.117679484,1.0,20.0,0.0,0.0
26.853775,43.31657,730.5764,0.121258736,1.0,21.0,0.0,0.0
26.859632,43.377182,731.0697,0.12420415,1.0,22.0,0.0,0.0
26.868614,43.422974,731.4988,0.12802391,1.0,23.0,0.0,0.0
26.877134,43.464207,731.92975,0.13159843,1.0,24.0,0.0,0.0
26.88393,43.506676,732.3593,0.1345827,1.0,25.0,0.0,0.0
26.891092,43.542065,732.73193,0.13759479,1.0,26.0,0.0,0.0
26.89762,43.573772,733.0677,0.14033315,1.0,27.0,0.0,0.0
26.905252,43.594612,733.3263,0.14330596,1.0,28.0,0.0,0.0
26.807272,42.622063,726.3898,0.09991747,1.0,10.0,0.0,0.0
26.811245,42.643856,726.917,0.100478664,1.0,11.0,0.0,0.0
26.818544,42.670803,727.56067,0.10170545,1.0,12.0,0.0,0.0
26.822811,42.71222,727.84186,0.10279302,1.0,13.0,0.0,0.0
26.823046,42.7674,728.0055,0.10340536,1.0,14.0,0.0,0.0
26.82238,42.830982,728.1795,0.10396086,1.0,15.0,0.0,0.0
26.827007,42.884506,728.40753,0.10558835,1.0,16.0,0.0,0.0
26.8318,42.95217,728.68225,0.10826069,1.0,17.0,0.0,0.0
26.836292,43.03285,729.0644,0.11099953,1.0,18.0,0.0,0.0
26.839277,43.122414,729.5061,0.11334166,1.0,19.0,0.0,0.0
26.84283,43.20171,729.8886,0.115733474,1.0,20.0,0.0,0.0
26.849028,43.267994,730.2143,0.11887453,1.0,21.0,0.0,0.0
26.854834,43.332928,730.7027,0.12186978,1.0,22.0,0.0,0.0
26.863335,43.387474,731.1325,0.12567526,1.0,23.0,0.0,0.0
26.872255,43.431877,731.59814,0.1294332,1.0,24.0,0.0,0.0
26.87939,43.477463,732.0609,0.13257883,1.0,25.0,0.0,0.0
26.886906,43.515705,732.46405,0.13575512,1.0,26.0,0.0,0.0
26.893763,43.55001,732.82733,0.13864434,1.0,27.0,0.0,0.0
26.901794,43.57305,733.1036,0.14178886,1.0,28.0,0.0,0.0
26.906315,43.604202,733.4306,0.14381021,1.0,29.0,0.0,0.0
26.805735,42.632053,726.52026,0.0998329,1.0,11.0,0.0,0.0
26.81184,42.641445,726.9841,0.10051344,1.0,12.0,0.0,0.0
26.814491,42.66606,727.42017,0.10103191,1.0,13.0,0.0,0.0
26.813784,42.71511,727.72455,0.101346925,1.0,14.0,0.0,0.0
26.812172,42.773182,727.8678,0.101704955,1.0,15.0,0.0,0.0
26.817905,42.823944,728.1094,0.103162825,1.0,16.0,0.0,0.0
26.827118,42.893116,728.43713,0.10575884,1.0,17.0,0.0,0.0
26.832129,42.96453,728.7374,0.10855719,1.0,18.0,0.0,0.0
26.835396,43.050972,729.1573,0.110954694,1.0,19.0,0.0,0.0
26.839231,43.13367,729.5616,0.11349077,1.0,20.0,0.0,0.0
26.843513,43.210022,729.9214,0.116095684,1.0,21.0,0.0,0.0
26.847895,43.284016,730.3241,0.11869913,1.0,22.0,0.0,0.0
26.856344,43.343918,730.7702,0.12257188,1.0,23.0,0.0,0.0
26.864574,43.399464,731.2401,0.12628251,1.0,24.0,0.0,0.0
26.872139,43.4488,731.7412,0.12963034,1.0,25.0,0.0,0.0
26.88012,43.490467,732.1798,0.13301744,1.0,26.0,0.0,0.0
26.887411,43.52791,732.5752,0.13610312,1.0,27.0,0.0,0.0
26.895922,43.553562,732.8791,0.13945328,1.0,28.0,0.0,0.0
26.90083,43.58734,733.2246,0.14164913,1.0,29.0,0.0,0.0
26.905497,43.616062,733.532,0.14368783,1.0,30.0,0.0,0.0
26.80654,42.63016,726.6021,0.099874094,1.0,12.0,0.0,0.0
26.80705,42.635887,726.7907,0.0999356,1.0,13.0,0.0,0.0
26.80367,42.666756,727.0324,0.09984463,1.0,14.0,0.0,0.0
26.799984,42.7181,727.4196,0.09990778,1.0,15.0,0.0,0.0
26.80592,42.762318,727.7892,0.10090431,1.0,16.0,0.0,0.0
26.817965,42.82929,728.12305,0.10322816,1.0,17.0,0.0,0.0
26.827335,42.900887,728.45953,0.105956644,1.0,18.0,0.0,0.0
26.83107,42.97558,728.785,0.10835883,1.0,19.0,0.0,0.0
26.835232,43.056335,729.1768,0.11098101,1.0,20.0,0.0,0.0
26.83983,43.136276,729.5603,0.11374336,1.0,21.0,0.0,0.0
26.843014,43.219074,729.9603,0.11605909,1.0,22.0,0.0,0.0
26.84937,43.290443,730.34265,0.11932796,1.0,23.0,0.0,0.0
26.857492,43.352764,730.8205,0.12311435,1.0,24.0,0.0,0.0
26.864532,43.412575,731.34204,0.12645587,1.0,25.0,0.0,0.0
26.873032,43.458237,731.82355,0.13007966,1.0,26.0,0.0,0.0
26.880814,43.49938,732.25836,0.13338833,1.0,27.0,0.0,0.0
26.889875,43.528152,732.5965,0.13697499,1.0,28.0,0.0,0.0
26.895208,43.56509,732.967,0.1393662,1.0,29.0,0.0,0.0
26.90024,43.596527,733.29987,0.14157133,1.0,30.0,0.0,0.0
26.903797,43.63143,733.63025,0.1433134,1.0,31.0,0.0,0.0
26.802797,42.623978,726.4276,0.09948911,1.0,13.0,0.0,0.0
26.797546,42.639393,726.4508,0.09912039,1.0,14.0,0.0,0.0
26.791687,42.674065,726.6729,0.09883136,1.0,15.0,0.0,0.0
26.796274,42.709892,727.2717,0.09949127,1.0,16.0,0.0,0.0
26.809355,42.772533,727.82764,0.101313084,1.0,17.0,0.0,0.0
26.82091,42.841244,728.1848,0.10383065,1.0,18.0,0.0,0.0
26.827337,42.90946,728.47925,0.10609492,1.0,19.0,0.0,0.0
26.831944,42.97888,728.78296,0.108718194,1.0,20.0,0.0,0.0
26.836863,43.05601,729.14886,0.11155259,1.0,21.0,0.0,0.0
26.840258,43.142376,729.5737,0.11398926,1.0,22.0,0.0,0.0
26.84512,43.223206,729.9656,0.116857335,1.0,23.0,0.0,0.0
26.852665,43.294018,730.32153,0.12057027,1.0,24.0,0.0,0.0
26.859762,43.360085,730.84924,0.12403763,1.0,25.0,0.0,0.0
26.868162,43.41363,731.366,0.1277534,1.0,26.0,0.0,0.0
26.876406,43.45878,731.8473,0.13127773,1.0,27.0,0.0,0.0
26.886,43.49102,732.22656,0.13509703,1.0,28.0,0.0,0.0
26.891678,43.531506,732.63586,0.1376572,1.0,29.0,0.0,0.0
26.897135,43.566006,732.98676,0.14005812,1.0,30.0,0.0,0.0
26.90094,43.603867,733.3483,0.14192848,1.0,31.0,0.0,0.0
26.904959,43.633926,733.649,0.14376251,1.0,32.0,0.0,0.0
26.791237,42.61915,725.6939,0.0984775,1.0,14.0,0.0,0.0
26.781693,42.62938,725.4751,0.09773607,1.0,15.0,0.0,0.0
26.785706,42.66359,726.3852,0.098214865,1.0,16.0,0.0,0.0
26.79794,42.720203,727.366,0.09973736,1.0,17.0,0.0,0.0
26.81146,42.784737,727.88,0.1017116,1.0,18.0,0.0,0.0
26.82006,42.850525,728.20374,0.1037904,1.0,19.0,0.0,0.0
26.827728,42.917168,728.5046,0.10634918,1.0,20.0,0.0,0.0
26.833126,42.98536,728.80035,0.109228835,1.0,21.0,0.0,0.0
26.836811,43.068478,729.2041,0.11172084,1.0,22.0,0.0,0.0
26.841383,43.15501,729.6192,0.114571795,1.0,23.0,0.0,0.0
26.846802,43.236286,730.0223,0.117646225,1.0,24.0,0.0,0.0
26.853638,43.310013,730.4376,0.12114838,1.0,25.0,0.0,0.0
26.861637,43.3733,730.95166,0.12489495,1.0,26.0,0.0,0.0
26.870144,43.423958,731.4725,0.12859513,1.0,27.0,0.0,0.0
26.880322,43.459713,731.89215,0.13266683,1.0,28.0,0.0,0.0
26.886389,43.50382,732.3399,0.13541345,1.0,29.0,0.0,0.0
26.89221,43.54147,732.7239,0.13798611,1.0,30.0,0.0,0.0
26.896385,43.582382,733.10455,0.14003125,1.0,31.0,0.0,0.0
26.90069,43.615,733.43225,0.14200093,1.0,32.0,0.0,0.0
26.907278,43.631542,733.6535,0.14454243,1.0,33.0,0.0,0.0
26.779337,42.595062,724.73126,0.09737918,1.0,15.0,0.0,0.0
26.781643,42.600563,725.0217,0.09756864,1.0,16.0,0.0,0.0
26.794315,42.66391,726.6754,0.098990634,1.0,17.0,0.0,0.0
26.806889,42.722607,727.5809,0.1005955,1.0,18.0,0.0,0.0
26.815569,42.78313,727.94226,0.10236173,1.0,19.0,0.0,0.0
26.826046,42.849182,728.2859,0.10474625,1.0,20.0,0.0,0.0
26.831675,42.910595,728.51855,0.10758564,1.0,21.0,0.0,0.0
26.835625,42.980488,728.81696,0.10999634,1.0,22.0,0.0,0.0
26.840416,43.064743,729.21234,0.11289359,1.0,23.0,0.0,0.0
26.846216,43.150185,729.63654,0.116172135,1.0,24.0,0.0,0.0
26.853031,43.230072,730.02625,0.11975876,1.0,25.0,0.0,0.0
26.86115,43.30046,730.4087,0.1236709,1.0,26.0,0.0,0.0
26.869942,43.35607,730.9541,0.12754779,1.0,27.0,0.0,0.0
26.880524,43.396187,731.4204,0.13182054,1.0,28.0,0.0,0.0
26.886837,43.444614,731.91174,0.13471326,1.0,29.0,0.0,0.0
26.892893,43.486107,732.3336,0.13742046,1.0,30.0,0.0,0.0
26.8973,43.530697,732.7396,0.13960211,1.0,31.0,0.0,0.0
26.901844,43.566555,733.0874,0.14170334,1.0,32.0,0.0,0.0
26.908638,43.58578,733.3356,0.1443547,1.0,33.0,0.0,0.0
26.911314,43.620525,733.6389,0.14579095,1.0,34.0,0.0,0.0
26.779333,42.56585,724.2739,0.09721319,1.0,16.0,0.0,0.0
26.791466,42.613388,725.7,0.09844521,1.0,17.0,0.0,0.0
26.803211,42.666763,726.98755,0.09981148,1.0,18.0,0.0,0.0
26.812046,42.723885,727.72217,0.10115773,1.0,19.0,0.0,0.0
26.821686,42.783348,728.0326,0.103355415,1.0,20.0,0.0,0.0
26.830177,42.84545,728.31476,0.106057785,1.0,21.0,0.0,0.0
26.834244,42.908535,728.5507,0.10841798,1.0,22.0,0.0,0.0
26.839336,42.981472,728.85175,0.11127336,1.0,23.0,0.0,0.0
26.845547,43.064102,729.249,0.114669114,1.0,24.0,0.0,0.0
26.852335,43.149128,729.669,0.11831689,1.0,25.0,0.0,0.0
26.860546,43.225475,730.04376,0.12235004,1.0,26.0,0.0,0.0
26.869507,43.28823,730.44617,0.12641469,1.0,27.0,0.0,0.0
26.880531,43.332386,730.94366,0.13090259,1.0,28.0,0.0,0.0
26.887093,43.38519,731.4797,0.1339421,1.0,29.0,0.0,0.0
26.893385,43.430576,731.94037,0.13678575,1.0,30.0,0.0,0.0
26.897968,43.47893,732.3816,0.13908206,1.0,31.0,0.0,0.0
26.902744,43.518116,732.7516,0.14131393,1.0,32.0,0.0,0.0
26.909813,43.540127,733.01746,0.14410377,1.0,33.0,0.0,0.0
26.912586,43.57767,733.34644,0.14561358,1.0,34.0,0.0,0.0
26.916496,43.600376,733.57855,0.14730693,1.0,35.0,0.0,0.0
26.789177,42.582603,724.9632,0.0980891,1.0,17.0,0.0,0.0
26.800686,42.62786,726.4176,0.0993242,1.0,18.0,0.0,0.0
26.807987,42.66825,727.18085,0.100245655,1.0,19.0,0.0,0.0
26.817698,42.725433,727.80273,0.10210713,1.0,20.0,0.0,0.0
26.828674,42.788322,728.1337,0.10465419,1.0,21.0,0.0,0.0
26.832651,42.845795,728.3441,0.10689825,1.0,22.0,0.0,0.0
26.837875,42.9129,728.599,0.10971931,1.0,23.0,0.0,0.0
26.844364,42.984024,728.8872,0.11307349,1.0,24.0,0.0,0.0
26.851292,43.06703,729.2909,0.11674271,1.0,25.0,0.0,0.0
26.859577,43.14872,729.6956,0.120878205,1.0,26.0,0.0,0.0
26.8686,43.218185,730.09344,0.12507027,1.0,27.0,0.0,0.0
26.880062,43.26816,730.4579,0.12981582,1.0,28.0,0.0,0.0
26.886932,43.32531,731.0165,0.13302627,1.0,29.0,0.0,0.0
26.893484,43.374767,731.5204,0.13601668,1.0,30.0,0.0,0.0
26.89827,43.42709,732.0009,0.13843735,1.0,31.0,0.0,0.0
26.90324,43.469803,732.4053,0.14078698,1.0,32.0,0.0,0.0
26.910585,43.494736,732.69653,0.14371566,1.0,33.0,0.0,0.0
26.913568,43.535267,733.0393,0.1453449,1.0,34.0,0.0,0.0
26.91761,43.560375,733.29504,0.14711751,1.0,35.0,0.0,0.0
26.920477,43.586483,733.53455,0.14849749,1.0,36.0,0.0,0.0
26.795364,42.601315,725.58765,0.09873433,1.0,18.0,0.0,0.0
26.80201,42.634617,726.58246,0.09948176,1.0,19.0,0.0,0.0
26.811708,42.676674,727.36426,0.10071622,1.0,20.0,0.0,0.0
26.822557,42.734905,727.886,0.10299365,1.0,21.0,0.0,0.0
26.829655,42.79401,728.1599,0.10507564,1.0,22.0,0.0,0.0
26.835003,42.856564,728.38934,0.10786987,1.0,23.0,0.0,0.0
26.840225,42.925648,728.65137,0.110731654,1.0,24.0,0.0,0.0
26.84718,42.99838,728.9598,0.11428285,1.0,25.0,0.0,0.0
26.855434,43.080124,729.3598,0.118407466,1.0,26.0,0.0,0.0
26.863777,43.160263,729.76184,0.12253893,1.0,27.0,0.0,0.0
26.87579,43.214745,730.1584,0.12753965,1.0,28.0,0.0,0.0
26.88306,43.277733,730.57166,0.13099878,1.0,29.0,0.0,0.0
26.889992,43.331303,731.11926,0.13417743,1.0,30.0,0.0,0.0
26.895071,43.387768,731.6429,0.13675892,1.0,31.0,0.0,0.0
26.900347,43.43411,732.0849,0.13926515,1.0,32.0,0.0,0.0
26.90808,43.461918,732.40765,0.14236869,1.0,33.0,0.0,0.0
26.911314,43.505547,732.77386,0.14413145,1.0,34.0,0.0,0.0
26.915636,43.533028,733.0468,0.14603807,1.0,35.0,0.0,0.0
26.918684,43.5613,733.3082,0.14751051,1.0,36.0,0.0,0.0
26.922623,43.57939,733.5009,0.14914918,1.0,37.0,0.0,0.0
26.794815,42.60966,725.7201,0.098731436,1.0,19.0,0.0,0.0
26.803535,42.63933,726.6668,0.099656425,1.0,20.0,0.0,0.0
26.814545,42.682686,727.4734,0.1012155,1.0,21.0,0.0,0.0
26.822575,42.73808,727.8958,0.1030303,1.0,22.0,0.0,0.0
26.831125,42.802612,728.1888,0.105714776,1.0,23.0,0.0,0.0
26.836271,42.86673,728.4276,0.1084626,1.0,24.0,0.0,0.0
26.841425,42.93716,728.69366,0.111333035,1.0,25.0,0.0,0.0
26.849352,43.011803,729.0248,0.11525157,1.0,26.0,0.0,0.0
26.857634,43.093906,729.42883,0.11939161,1.0,27.0,0.0,0.0
26.86909,43.160713,729.8218,0.12440801,1.0,28.0,0.0,0.0
26.876774,43.229317,730.2425,0.12809424,1.0,29.0,0.0,0.0
26.884205,43.288315,730.68066,0.13154662,1.0,30.0,0.0,0.0
26.889658,43.349537,731.2545,0.13432297,1.0,31.0,0.0,0.0
26.895323,43.400036,731.74036,0.1370232,1.0,32.0,0.0,0.0
26.903555,43.431107,732.09973,0.14034666,1.0,33.0,0.0,0.0
26.907076,43.47829,732.50037,0.14225975,1.0,34.0,0.0,0.0
26.911768,43.508488,732.79315,0.14433613,1.0,35.0,0.0,0.0
26.915089,43.539234,733.0758,0.14593999,1.0,36.0,0.0,0.0
26.919289,43.559296,733.2896,0.1476979,1.0,37.0,0.0,0.0
26.923347,43.57475,733.4681,0.14933868,1.0,38.0,0.0,0.0
26.79901,42.60904,725.8956,0.099096306,1.0,20.0,0.0,0.0
26.810333,42.640064,726.83215,0.100321345,1.0,21.0,0.0,0.0
26.816856,42.67896,727.5234,0.10153754,1.0,22.0,0.0,0.0
26.82793,42.742058,727.9683,0.10394101,1.0,23.0,0.0,0.0
26.833666,42.803635,728.20764,0.10659751,1.0,24.0,0.0,0.0
26.838093,42.86841,728.44946,0.1091079,1.0,25.0,0.0,0.0
26.84564,42.93457,728.70123,0.11278484,1.0,26.0,0.0,0.0
26.854416,43.007206,729.0162,0.11698416,1.0,27.0,0.0,0.0
26.865427,43.080013,729.3921,0.121954344,1.0,28.0,0.0,0.0
26.873466,43.15457,729.8525,0.1258467,1.0,29.0,0.0,0.0
26.88128,43.219826,730.25836,0.1295298,1.0,30.0,0.0,0.0
26.887112,43.287594,730.713,0.13255416,1.0,31.0,0.0,0.0
26.893131,43.343204,731.2545,0.13544713,1.0,32.0,0.0,0.0
26.90184,43.378445,731.66125,0.1389944,1.0,33.0,0.0,0.0
26.905611,43.430107,732.10583,0.14105639,1.0,34.0,0.0,0.0
26.910585,43.463837,732.43475,0.14328106,1.0,35.0,0.0,0.0
26.914206,43.497803,732.7367,0.14503843,1.0,36.0,0.0,0.0
26.918676,43.520515,732.97205,0.14692998,1.0,37.0,0.0,0.0
26.922941,43.538307,733.1752,0.14867537,1.0,38.0,0.0,0.0
26.924728,43.56064,733.37463,0.1496211,1.0,39.0,0.0,0.0
26.804884,42.611645,726.1179,0.099645585,1.0,21.0,0.0,0.0
26.811502,42.63532,726.827,0.10046831,1.0,22.0,0.0,0.0
26.821531,42.68703,727.70166,0.10233442,1.0,23.0,0.0,0.0
26.830673,42.74619,728.0015,0.10469123,1.0,24.0,0.0,0.0
26.835081,42.807896,728.2282,0.107147664,1.0,25.0,0.0,0.0
26.840837,42.871365,728.4646,0.11012511,1.0,26.0,0.0,0.0
26.849356,42.93526,728.71436,0.11411471,1.0,27.0,0.0,0.0
26.860746,43.001602,728.9975,0.119157426,1.0,28.0,0.0,0.0
26.868572,43.08102,729.4363,0.12306809,1.0,29.0,0.0,0.0
26.876787,43.15195,729.8809,0.12697034,1.0,30.0,0.0,0.0
26.88297,43.226276,730.30054,0.13022049,1.0,31.0,0.0,0.0
26.88943,43.28814,730.74194,0.13337554,1.0,32.0,0.0,0.0
26.898693,43.327793,731.2014,0.13717596,1.0,33.0,0.0,0.0
26.90276,43.384262,731.695,0.13940838,1.0,34.0,0.0,0.0
26.90808,43.42176,732.0641,0.14180504,1.0,35.0,0.0,0.0
26.911966,43.4592,732.40106,0.14370395,1.0,36.0,0.0,0.0
26.916773,43.484753,732.65936,0.1457536,1.0,37.0,0.0,0.0
26.921364,43.505028,732.87933,0.14765108,1.0,38.0,0.0,0.0
26.923313,43.52979,733.10333,0.1486864,1.0,39.0,0.0,0.0
26.925793,43.532944,733.2479,0.14956912,1.0,40.0,0.0,0.0
26.804527,42.60448,725.91095,0.09958808,1.0,22.0,0.0,0.0
26.814522,42.64087,726.9709,0.10097973,1.0,23.0,0.0,0.0
26.824118,42.69148,727.7425,0.10279874,1.0,24.0,0.0,0.0
26.831366,42.75055,728.0153,0.10499785,1.0,25.0,0.0,0.0
26.83629,42.814037,728.2542,0.10765649,1.0,26.0,0.0,0.0
26.84285,42.87503,728.4816,0.11089459,1.0,27.0,0.0,0.0
26.854254,42.934044,728.71924,0.11583979,1.0,28.0,0.0,0.0
26.861794,43.010307,729.04016,0.11965703,1.0,29.0,0.0,0.0
26.870056,43.085136,729.4727,0.123648584,1.0,30.0,0.0,0.0
26.876608,43.165833,729.93286,0.1271168,1.0,31.0,0.0,0.0
26.883535,43.234077,730.33594,0.13053784,1.0,32.0,0.0,0.0
26.893492,43.279285,730.7158,0.1346751,1.0,33.0,0.0,0.0
26.897926,43.34107,731.265,0.13710837,1.0,34.0,0.0,0.0
26.903671,43.382713,731.67957,0.13971141,1.0,35.0,0.0,0.0
26.9079,43.423977,732.05615,0.14178213,1.0,36.0,0.0,0.0
26.913073,43.452637,732.3477,0.14400403,1.0,37.0,0.0,0.0
26.918026,43.475624,732.59485,0.14606546,1.0,38.0,0.0,0.0
26.920279,43.503033,732.8335,0.14724877,1.0,39.0,0.0,0.0
26.922989,43.5079,733.00055,0.14823402,1.0,40.0,0.0,0.0
26.927683,43.5206,733.1626,0.150059,1.0,41.0,0.0,0.0
26.810276,42.611156,726.2583,0.100236304,1.0,23.0,0.0,0.0
26.819422,42.649326,727.26215,0.10176677,1.0,24.0,0.0,0.0
26.827394,42.694874,727.7932,0.103366286,1.0,25.0,0.0,0.0
26.833632,42.753754,728.04193,0.10581821,1.0,26.0,0.0,0.0
26.838686,42.816734,728.27637,0.108529076,1.0,27.0,0.0,0.0
26.849354,42.8695,728.4831,0.113117926,1.0,28.0,0.0,0.0
26.857376,42.936085,728.73883,0.116978474,1.0,29.0,0.0,0.0
26.865343,43.009476,729.05646,0.12089968,1.0,30.0,0.0,0.0
26.872345,43.09122,729.523,0.124541946,1.0,31.0,0.0,0.0
26.879648,43.165646,729.9664,0.12817991,1.0,32.0,0.0,0.0
26.890219,43.216328,730.3346,0.13261668,1.0,33.0,0.0,0.0
26.894989,43.285095,730.7616,0.13528962,1.0,34.0,0.0,0.0
26.901121,43.331337,731.2273,0.13808925,1.0,35.0,0.0,0.0
26.905651,43.376842,731.6484,0.14032441,1.0,36.0,0.0,0.0
26.91116,43.409042,731.9777,0.14271177,1.0,37.0,0.0,0.0
26.91642,43.43518,732.2581,0.14492445,1.0,38.0,0.0,0.0
26.918879,43.46568,732.5244,0.14622368,1.0,39.0,0.0,0.0
26.92187,43.47268,732.7032,0.14733993,1.0,40.0,0.0,0.0
26.926788,43.48736,732.8859,0.1492712,1.0,41.0,0.0,0.0
26.928837,43.516792,733.1368,0.1504127,1.0,42.0,0.0,0.0
26.818506,42.60901,726.81805,0.10134695,1.0,24.0,0.0,0.0
26.825773,42.64046,727.5267,0.1025841,1.0,25.0,0.0,0.0
26.83288,42.683556,727.8718,0.10442947,1.0,26.0,0.0,0.0
26.837877,42.73942,728.06586,0.10702524,1.0,27.0,0.0,0.0
26.848358,42.790115,728.2592,0.11152108,1.0,28.0,0.0,0.0
26.856493,42.848774,728.46826,0.11531344,1.0,29.0,0.0,0.0
26.864916,42.913883,728.723,0.11929317,1.0,30.0,0.0,0.0
26.872616,42.989655,729.09985,0.123126544,1.0,31.0,0.0,0.0
26.88034,43.0659,729.5512,0.12694035,1.0,32.0,0.0,0.0
26.891329,43.122963,729.9587,0.13161372,1.0,33.0,0.0,0.0
26.89634,43.198494,730.35956,0.13447714,1.0,34.0,0.0,0.0
26.902733,43.25173,730.6883,0.137492,1.0,35.0,0.0,0.0
26.907461,43.30226,731.1568,0.13986629,1.0,36.0,0.0,0.0
26.913183,43.338852,731.5269,0.14239025,1.0,37.0,0.0,0.0
26.918625,43.369038,731.84344,0.14472403,1.0,38.0,0.0,0.0
26.921171,43.403442,732.1422,0.14610879,1.0,39.0,0.0,0.0
26.924208,43.41375,732.34924,0.1472872,1.0,40.0,0.0,0.0
26.929005,43.432667,732.5527,0.14924087,1.0,41.0,0.0,0.0
26.93116,43.46486,732.8156,0.1504623,1.0,42.0,0.0,0.0
26.933014,43.49585,733.0651,0.15156248,1.0,43.0,0.0,0.0
26.82264,42.610325,727.07916,0.10192289,1.0,25.0,0.0,0.0
26.830854,42.642662,727.7479,0.10332824,1.0,26.0,0.0,0.0
26.835419,42.681602,727.9105,0.10524105,1.0,27.0,0.0,0.0
26.844645,42.72977,728.08624,0.109250404,1.0,28.0,0.0,0.0
26.852633,42.78555,728.2753,0.11295526,1.0,29.0,0.0,0.0
26.86098,42.84275,728.47125,0.116807885,1.0,30.0,0.0,0.0
26.868784,42.912197,728.7631,0.12062165,1.0,31.0,0.0,0.0
26.877258,42.983967,729.1386,0.124662586,1.0,32.0,0.0,0.0
26.888958,43.04203,729.5557,0.12960078,1.0,33.0,0.0,0.0
26.894255,43.124275,729.9973,0.1326587,1.0,34.0,0.0,0.0
26.901066,43.18272,730.3514,0.13589655,1.0,35.0,0.0,0.0
26.906096,43.239944,730.67566,0.13849516,1.0,36.0,0.0,0.0
26.912142,43.28123,731.0675,0.14119984,1.0,37.0,0.0,0.0
26.91789,43.315395,731.42584,0.14369537,1.0,38.0,0.0,0.0
26.920624,43.353683,731.76184,0.14519984,1.0,39.0,0.0,0.0
26.923752,43.367386,732.00183,0.1464578,1.0,40.0,0.0,0.0
26.928755,43.388947,732.23114,0.14851955,1.0,41.0,0.0,0.0
26.931046,43.423832,732.5152,0.14982755,1.0,42.0,0.0,0.0
26.933077,43.457294,732.7748,0.15102817,1.0,43.0,0.0,0.0
26.93564,43.484463,733.01416,0.15231751,1.0,44.0,0.0,0.0
26.828825,42.61138,727.44574,0.10277925,1.0,26.0,0.0,0.0
26.834402,42.63238,727.7892,0.104098074,1.0,27.0,0.0,0.0
26.84276,42.667755,727.92175,0.10759655,1.0,28.0,0.0,0.0
26.850134,42.71751,728.09283,0.11098806,1.0,29.0,0.0,0.0
26.85819,42.771965,728.27844,0.11469702,1.0,30.0,0.0,0.0
26.865673,42.836052,728.49304,0.118353374,1.0,31.0,0.0,0.0
26.87502,42.89662,728.7905,0.122562595,1.0,32.0,0.0,0.0
26.887646,42.95114,729.13995,0.1278023,1.0,33.0,0.0,0.0
26.89339,43.034767,729.58124,0.13104229,1.0,34.0,0.0,0.0
26.900555,43.09956,729.9755,0.13449192,1.0,35.0,0.0,0.0
26.905916,43.162304,730.32733,0.13728811,1.0,36.0,0.0,0.0
26.912312,43.20969,730.6252,0.14021873,1.0,37.0,0.0,0.0
26.918243,43.250072,730.9402,0.14287685,1.0,38.0,0.0,0.0
26.921082,43.293304,731.32166,0.14448605,1.0,39.0,0.0,0.0
26.924314,43.310852,731.5996,0.14583375,1.0,40.0,0.0,0.0
26.929506,43.33555,731.85895,0.14800592,1.0,41.0,0.0,0.0
26.931892,43.3736,732.17145,0.1493912,1.0,42.0,0.0,0.0
26.933996,43.409985,732.45667,0.15065823,1.0,43.0,0.0,0.0
26.936703,43.439842,732.7097,0.15203866,1.0,44.0,0.0,0.0
26.938208,43.4735,732.9755,0.15305413,1.0,45.0,0.0,0.0
26.833193,42.61193,727.6522,0.103462115,1.0,27.0,0.0,0.0
26.840322,42.622517,727.7981,0.106017016,1.0,28.0,0.0,0.0
26.846855,42.66091,727.9318,0.10892956,1.0,29.0,0.0,0.0
26.854435,42.709366,728.10016,0.112374105,1.0,30.0,0.0,0.0
26.861046,42.77315,728.29767,0.1157233,1.0,31.0,0.0,0.0
26.870255,42.829758,728.5359,0.119853,1.0,32.0,0.0,0.0
26.884024,42.87391,728.82227,0.12536672,1.0,33.0,0.0,0.0
26.890497,42.954433,729.18427,0.1288515,1.0,34.0,0.0,0.0
26.898256,43.019753,729.5792,0.13252062,1.0,35.0,0.0,0.0
26.903944,43.088818,729.9702,0.13551967,1.0,36.0,0.0,0.0
26.910757,43.141365,730.2971,0.13867189,1.0,37.0,0.0,0.0
26.917038,43.187138,730.58795,0.14153752,1.0,38.0,0.0,0.0
26.920055,43.23687,730.8718,0.14331786,1.0,39.0,0.0,0.0
26.923508,43.258125,731.1907,0.14479205,1.0,40.0,0.0,0.0
26.92895,43.286037,731.483,0.14709565,1.0,41.0,0.0,0.0
26.931473,43.327328,731.826,0.14857489,1.0,42.0,0.0,0.0
26.933691,43.36669,732.1387,0.1499237,1.0,43.0,0.0,0.0
26.936518,43.399273,732.41705,0.15138379,1.0,44.0,0.0,0.0
26.938133,43.43558,732.7015,0.15247662,1.0,45.0,0.0,0.0
26.940466,43.46268,732.9295,0.15368655,1.0,46.0,0.0,0.0
26.838604,42.60009,727.7401,0.10505369,1.0,28.0,0.0,0.0
26.844557,42.61348,727.80414,0.107361466,1.0,29.0,0.0,0.0
26.851526,42.6507,727.9388,0.11041197,1.0,30.0,0.0,0.0
26.857626,42.709324,728.12085,0.113498315,1.0,31.0,0.0,0.0
26.865822,42.766857,728.33124,0.11729734,1.0,32.0,0.0,0.0
26.879852,42.806873,728.60004,0.12284076,1.0,33.0,0.0,0.0
26.887423,42.875713,728.86945,0.12658332,1.0,34.0,0.0,0.0
26.895905,42.94009,729.20557,0.13052124,1.0,35.0,0.0,0.0
26.902142,43.009003,729.5858,0.1337173,1.0,36.0,0.0,0.0
26.909348,43.06744,729.9503,0.1370893,1.0,37.0,0.0,0.0
26.915924,43.11905,730.2725,0.14014344,1.0,38.0,0.0,0.0
26.919228,43.17389,730.5636,0.14210331,1.0,39.0,0.0,0.0
26.922863,43.200848,730.7883,0.14373648,1.0,40.0,0.0,0.0
26.928549,43.232677,731.08307,0.14618438,1.0,41.0,0.0,0.0
26.931213,43.27755,731.4601,0.14776224,1.0,42.0,0.0,0.0
26.933544,43.320152,731.80255,0.1491958,1.0,43.0,0.0,0.0
26.936485,43.35569,732.10815,0.15073802,1.0,44.0,0.0,0.0
26.938173,43.394886,732.418,0.15189645,1.0,45.0,0.0,0.0
26.940592,43.42446,732.66797,0.1531705,1.0,46.0,0.0,0.0
26.942396,43.45301,732.8983,0.15421677,1.0,47.0,0.0,0.0
26.839577,42.601955,727.7499,0.10542491,1.0,29.0,0.0,0.0
26.846233,42.614628,727.81714,0.10797051,1.0,30.0,0.0,0.0
26.851767,42.662083,727.96814,0.11067831,1.0,31.0,0.0,0.0
26.858818,42.71867,728.1521,0.11406771,1.0,32.0,0.0,0.0
26.872149,42.75976,728.3903,0.11939558,1.0,33.0,0.0,0.0
26.879822,42.826626,728.6479,0.12314641,1.0,34.0,0.0,0.0
26.889515,42.879288,728.906,0.12737136,1.0,35.0,0.0,0.0
26.896387,42.94964,729.2458,0.1308348,1.0,36.0,0.0,0.0
26.904299,43.00738,729.60547,0.13444802,1.0,37.0,0.0,0.0
26.911568,43.063366,729.96204,0.13780431,1.0,38.0,0.0,0.0
26.915247,43.12338,730.2824,0.1399711,1.0,39.0,0.0,0.0
26.919306,43.153843,730.52527,0.14180431,1.0,40.0,0.0,0.0
26.925335,43.190067,730.7692,0.14444372,1.0,41.0,0.0,0.0
26.928213,43.23913,731.1193,0.14616267,1.0,42.0,0.0,0.0
26.930754,43.28486,731.4929,0.14771272,1.0,43.0,0.0,0.0
26.933914,43.32315,731.8263,0.1493701,1.0,44.0,0.0,0.0
26.935774,43.36502,732.16174,0.15062544,1.0,45.0,0.0,0.0
26.93837,43.39685,732.4335,0.15199389,1.0,46.0,0.0,0.0
26.940325,43.427437,732.6829,0.15312123,1.0,47.0,0.0,0.0
26.941889,43.45547,732.9038,0.15407655,1.0,48.0,0.0,0.0
26.840199,42.603916,727.7566,0.10567525,1.0,30.0,0.0,0.0
26.845535,42.625565,727.8374,0.107901394,1.0,31.0,0.0,0.0
26.852062,42.67039,727.98944,0.11091638,1.0,32.0,0.0,0.0
26.863377,42.716198,728.17883,0.11563393,1.0,33.0,0.0,0.0
26.870941,42.779,728.41656,0.11928581,1.0,34.0,0.0,0.0
26.88092,42.830906,728.67163,0.123599514,1.0,35.0,0.0,0.0
26.889061,42.88828,728.926,0.12735386,1.0,36.0,0.0,0.0
26.897703,42.948803,729.256,0.13128494,1.0,37.0,0.0,0.0
26.90583,43.00367,729.60583,0.13493073,1.0,38.0,0.0,0.0
26.910038,43.069008,729.96204,0.13735671,1.0,39.0,0.0,0.0
26.914656,43.103333,730.2324,0.13943978,1.0,40.0,0.0,0.0
26.921186,43.142986,730.4937,0.14230624,1.0,41.0,0.0,0.0
26.92432,43.197124,730.7797,0.1441981,1.0,42.0,0.0,0.0
26.927097,43.24698,731.1387,0.1458946,1.0,43.0,0.0,0.0
26.930529,43.288425,731.50543,0.14769,1.0,44.0,0.0,0.0
26.932602,43.333313,731.87115,0.14906211,1.0,45.0,0.0,0.0
26.935425,43.367676,732.16864,0.15054436,1.0,46.0,0.0,0.0
26.937567,43.400562,732.4407,0.15176992,1.0,47.0,0.0,0.0
26.939293,43.43063,732.68085,0.15281045,1.0,48.0,0.0,0.0
26.941122,43.455948,732.8826,0.15382002,1.0,49.0,0.0,0.0
26.839458,42.611664,727.7669,0.10554185,1.0,31.0,0.0,0.0
26.845678,42.63032,727.84766,0.10802958,1.0,32.0,0.0,0.0
26.856213,42.665615,727.99774,0.112308286,1.0,33.0,0.0,0.0
26.861893,42.731853,728.19366,0.11536966,1.0,34.0,0.0,0.0
26.871834,42.778946,728.425,0.119598895,1.0,35.0,0.0,0.0
26.88024,42.8359,728.6721,0.12344456,1.0,36.0,0.0,0.0
26.89026,42.88391,728.9226,0.12770985,1.0,37.0,0.0,0.0
26.899231,42.941017,729.2437,0.13170406,1.0,38.0,0.0,0.0
26.90413,43.00679,729.5919,0.1343865,1.0,39.0,0.0,0.0
26.909428,43.04444,729.89105,0.13675225,1.0,40.0,0.0,0.0
26.916576,43.088055,730.18054,0.13989118,1.0,41.0,0.0,0.0
26.92011,43.146202,730.4837,0.14198472,1.0,42.0,0.0,0.0
26.923136,43.201508,730.77026,0.14385746,1.0,43.0,0.0,0.0
26.926851,43.24729,731.1234,0.14581813,1.0,44.0,0.0,0.0
26.92916,43.295776,731.5262,0.14732227,1.0,45.0,0.0,0.0
26.932232,43.333126,731.855,0.14893343,1.0,46.0,0.0,0.0
26.934586,43.368725,732.1543,0.15027037,1.0,47.0,0.0,0.0
26.936491,43.401203,732.4179,0.15140784,1.0,48.0,0.0,0.0
26.938494,43.428608,732.6395,0.1525072,1.0,49.0,0.0,0.0
26.940586,43.45149,732.8269,0.15357362,1.0,50.0,0.0,0.0
26.83621,42.62738,727.776,0.10466006,1.0,32.0,0.0,0.0
26.845655,42.6346,727.8553,0.10809139,1.0,33.0,0.0,0.0
26.850735,42.68788,728.018,0.110733725,1.0,34.0,0.0,0.0
26.858494,42.74032,728.19653,0.11430547,1.0,35.0,0.0,0.0
26.865774,42.79819,728.3982,0.11778907,1.0,36.0,0.0,0.0
26.876326,42.8463,728.6508,0.1222428,1.0,37.0,0.0,0.0
26.886755,42.893215,728.91534,0.12662287,1.0,38.0,0.0,0.0
26.89255,42.961884,729.239,0.12968226,1.0,39.0,0.0,0.0
26.898735,43.000324,729.54926,0.13237089,1.0,40.0,0.0,0.0
26.906975,43.04483,729.85535,0.13590506,1.0,41.0,0.0,0.0
26.91115,43.10724,730.1868,0.13828416,1.0,42.0,0.0,0.0
26.914814,43.165882,730.49084,0.14043112,1.0,43.0,0.0,0.0
26.919056,43.216362,730.77765,0.14265434,1.0,44.0,0.0,0.0
26.921782,43.268833,731.194,0.14436252,1.0,45.0,0.0,0.0
26.925293,43.309155,731.5559,0.14616896,1.0,46.0,0.0,0.0
26.92803,43.34745,731.8841,0.14767681,1.0,47.0,0.0,0.0
26.930265,43.382317,732.1724,0.14896342,1.0,48.0,0.0,0.0
26.932575,43.411774,732.4152,0.1501997,1.0,49.0,0.0,0.0
26.934958,43.436424,732.6207,0.15139294,1.0,50.0,0.0,0.0
26.93846,43.45327,732.78015,0.1528662,1.0,51.0,0.0,0.0
26.838634,42.62085,727.7743,0.10540684,1.0,33.0,0.0,0.0
26.84326,42.64717,727.8618,0.107456535,1.0,34.0,0.0,0.0
26.85047,42.686966,728.0046,0.110632196,1.0,35.0,0.0,0.0
26.856932,42.742813,728.1822,0.11380278,1.0,36.0,0.0,0.0
26.865883,42.79406,728.3794,0.11776892,1.0,37.0,0.0,0.0
26.876902,42.839497,728.6303,0.12234275,1.0,38.0,0.0,0.0
26.883974,42.898235,728.8871,0.1257352,1.0,39.0,0.0,0.0
26.891151,42.93576,729.15063,0.12878226,1.0,40.0,0.0,0.0
26.900164,42.982338,729.4668,0.13261947,1.0,41.0,0.0,0.0
26.904919,43.0458,729.8053,0.13521764,1.0,42.0,0.0,0.0
26.908974,43.109695,730.1406,0.13757767,1.0,43.0,0.0,0.0
26.913849,43.16358,730.4462,0.14007308,1.0,44.0,0.0,0.0
26.916937,43.222008,730.7556,0.1420089,1.0,45.0,0.0,0.0
26.92079,43.266533,731.1299,0.14399412,1.0,46.0,0.0,0.0
26.923811,43.308323,731.4974,0.14564936,1.0,47.0,0.0,0.0
26.926296,43.34631,731.8194,0.1470653,1.0,48.0,0.0,0.0
26.928844,43.378475,732.0908,0.14842309,1.0,49.0,0.0,0.0
26.931463,43.40549,732.32104,0.1497316,1.0,50.0,0.0,0.0
26.935246,43.42431,732.50183,0.15133029,1.0,51.0,0.0,0.0
26.939178,43.440395,732.6709,0.15294045,1.0,52.0,0.0,0.0
26.837082,42.629574,727.77716,0.10500696,1.0,34.0,0.0,0.0
26.843557,42.643005,727.8464,0.10750036,1.0,35.0,0.0,0.0
26.849403,42.686874,727.98883,0.110262685,1.0,36.0,0.0,0.0
26.85765,42.73657,728.1623,0.1139634,1.0,37.0,0.0,0.0
26.867311,42.785854,728.37036,0.11814231,1.0,38.0,0.0,0.0
26.874855,42.842793,728.60504,0.12168645,1.0,39.0,0.0,0.0
26.883162,42.8736,728.8265,0.12505218,1.0,40.0,0.0,0.0
26.893303,42.914932,729.0888,0.12923051,1.0,41.0,0.0,0.0
26.898563,42.982437,729.4253,0.13207547,1.0,42.0,0.0,0.0
26.903187,43.04599,729.7579,0.13463138,1.0,43.0,0.0,0.0
26.908468,43.105244,730.09875,0.13734505,1.0,44.0,0.0,0.0
26.911951,43.168255,730.42694,0.13948932,1.0,45.0,0.0,0.0
26.916311,43.21759,730.7159,0.14173214,1.0,46.0,0.0,0.0
26.91962,43.26391,731.0695,0.14355658,1.0,47.0,0.0,0.0
26.922358,43.305416,731.4296,0.14510849,1.0,48.0,0.0,0.0
26.925158,43.340637,731.7334,0.14659514,1.0,49.0,0.0,0.0
26.92802,43.370323,731.9915,0.1480268,1.0,50.0,0.0,0.0
26.9321,43.391384,732.1965,0.14976043,1.0,51.0,0.0,0.0
26.936329,43.40951,732.3879,0.15150188,1.0,52.0,0.0,0.0
26.938995,43.431614,732.602,0.15274939,1.0,53.0,0.0,0.0
26.835098,42.636803,727.7755,0.10443199,1.0,35.0,0.0,0.0
26.839424,42.651817,727.83795,0.10619017,1.0,36.0,0.0,0.0
26.847113,42.690285,727.97864,0.10951308,1.0,37.0,0.0,0.0
26.85596,42.740017,728.15765,0.11342502,1.0,38.0,0.0,0.0
26.86219,42.80264,728.3519,0.11661955,1.0,39.0,0.0,0.0
26.870602,42.832718,728.5512,0.1200229,1.0,40.0,0.0,0.0
26.881733,42.871666,728.7985,0.1245265,1.0,41.0,0.0,0.0
26.888067,42.931736,729.07336,0.12766145,1.0,42.0,0.0,0.0
26.893219,42.999916,729.4127,0.1304783,1.0,43.0,0.0,0.0
26.899265,43.057934,729.7477,0.13344496,1.0,44.0,0.0,0.0
26.903202,43.12629,730.1111,0.13582289,1.0,45.0,0.0,0.0
26.908142,43.179317,730.41785,0.13832621,1.0,46.0,0.0,0.0
26.912022,43.22986,730.70386,0.14042057,1.0,47.0,0.0,0.0
26.915272,43.274582,731.0574,0.1422008,1.0,48.0,0.0,0.0
26.918596,43.31201,731.39185,0.14390029,1.0,49.0,0.0,0.0
26.921827,43.34431,731.6792,0.1454958,1.0,50.0,0.0,0.0
26.926325,43.367504,731.90936,0.14740603,1.0,51.0,0.0,0.0
26.930967,43.387573,732.12396,0.14931874,1.0,52.0,0.0,0.0
26.933949,43.411694,732.36066,0.15070449,1.0,53.0,0.0,0.0
26.93878,43.42136,732.51624,0.15252812,1.0,54.0,0.0,0.0
26.837433,42.61875,727.7523,0.10495976,1.0,36.0,0.0,0.0
26.844488,42.62567,727.80597,0.10755604,1.0,37.0,0.0,0.0
26.852783,42.66436,727.95233,0.11109734,1.0,38.0,0.0,0.0
26.858696,42.72466,728.1399,0.114142135,1.0,39.0,0.0,0.0
26.866413,42.756897,728.31946,0.117344916,1.0,40.0,0.0,0.0
26.877861,42.792484,728.5443,0.12191588,1.0,41.0,0.0,0.0
26.884855,42.850925,728.7809,0.12529084,1.0,42.0,0.0,0.0
26.891014,42.908806,729.0282,0.12834597,1.0,43.0,0.0,0.0
26.8974,42.9724,729.3577,0.13152623,1.0,44.0,0.0,0.0
26.901733,43.04044,729.713,0.13404346,1.0,45.0,0.0,0.0
26.906857,43.100098,730.0579,0.13670422,1.0,46.0,0.0,0.0
26.910948,43.156185,730.3667,0.1389564,1.0,47.0,0.0,0.0
26.914331,43.20708,730.643,0.14088555,1.0,48.0,0.0,0.0
26.917675,43.25053,730.92914,0.14268717,1.0,49.0,0.0,0.0
26.921062,43.286697,731.2531,0.14439178,1.0,50.0,0.0,0.0
26.92578,43.313225,731.5149,0.14642487,1.0,51.0,0.0,0.0
26.930641,43.336323,731.7582,0.1484581,1.0,52.0,0.0,0.0
26.93378,43.36337,732.02167,0.14993937,1.0,53.0,0.0,0.0
26.938683,43.375957,732.2023,0.15184362,1.0,54.0,0.0,0.0
26.93934,43.408722,732.443,0.15253647,1.0,55.0,0.0,0.0
26.842854,42.59189,727.7205,0.106439784,1.0,37.0,0.0,0.0
26.849964,42.59564,727.7754,0.10900015,1.0,38.0,0.0,0.0
26.85503,42.64275,727.9283,0.11153386,1.0,39.0,0.0,0.0
26.862078,42.674362,728.0887,0.11449723,1.0,40.0,0.0,0.0
26.87311,42.711666,728.31134,0.11894956,1.0,41.0,0.0,0.0
26.880281,42.766514,728.5268,0.12233594,1.0,42.0,0.0,0.0
26.886913,42.82699,728.76184,0.1256179,1.0,43.0,0.0,0.0
26.894571,42.87882,728.9943,0.1291155,1.0,44.0,0.0,0.0
26.899271,42.953716,729.3394,0.13187964,1.0,45.0,0.0,0.0
26.904907,43.01401,729.6795,0.13473685,1.0,46.0,0.0,0.0
26.909239,43.0775,730.02747,0.13717936,1.0,47.0,0.0,0.0
26.912842,43.134808,730.3308,0.13928212,1.0,48.0,0.0,0.0
26.91636,43.184193,730.5955,0.14123952,1.0,49.0,0.0,0.0
26.919909,43.226383,730.83154,0.14310096,1.0,50.0,0.0,0.0
26.92485,43.256824,731.12744,0.14526904,1.0,51.0,0.0,0.0
26.929934,43.283394,731.4005,0.14742896,1.0,52.0,0.0,0.0
26.933235,43.313614,731.6906,0.14901336,1.0,53.0,0.0,0.0
26.937551,43.33215,731.9081,0.15087853,1.0,54.0,0.0,0.0
26.938625,43.366055,732.16174,0.15169616,1.0,55.0,0.0,0.0
26.939709,43.39549,732.37946,0.15247291,1.0,56.0,0.0,0.0
26.842554,42.5915,727.70984,0.10633501,1.0,38.0,0.0,0.0
26.846539,42.603096,727.77075,0.107914366,1.0,39.0,0.0,0.0
26.852787,42.62232,727.88934,0.1103996,1.0,40.0,0.0,0.0
26.86195,42.66408,728.06104,0.114289775,1.0,41.0,0.0,0.0
26.86853,42.721004,728.2747,0.11750133,1.0,42.0,0.0,0.0
26.87547,42.776295,728.48584,0.12081445,1.0,43.0,0.0,0.0
26.883669,42.83189,728.73175,0.1245641,1.0,44.0,0.0,0.0
26.88981,42.893734,728.984,0.12767966,1.0,45.0,0.0,0.0
26.896122,42.959694,729.3226,0.13086945,1.0,46.0,0.0,0.0
26.901213,43.02279,729.66754,0.13357632,1.0,47.0,0.0,0.0
26.905317,43.085915,730.00867,0.13593616,1.0,48.0,0.0,0.0
26.909489,43.13923,730.29926,0.13817939,1.0,49.0,0.0,0.0
26.913706,43.184242,730.5508,0.14031872,1.0,50.0,0.0,0.0
26.919086,43.2194,730.77454,0.14271957,1.0,51.0,0.0,0.0
26.924618,43.249374,731.04974,0.14508659,1.0,52.0,0.0,0.0
26.928278,43.282467,731.3709,0.14683591,1.0,53.0,0.0,0.0
26.93392,43.29926,731.59674,0.14904448,1.0,54.0,0.0,0.0
26.93473,43.337635,731.8828,0.14988512,1.0,55.0,0.0,0.0
26.9357,43.370472,732.12585,0.15070392,1.0,56.0,0.0,0.0
26.936342,43.401234,732.34937,0.15137826,1.0,57.0,0.0,0.0
26.840141,42.596905,727.70703,0.10557446,1.0,39.0,0.0,0.0
26.845415,42.58213,727.7347,0.107170075,1.0,40.0,0.0,0.0
26.853867,42.614433,727.86755,0.11066171,1.0,41.0,0.0,0.0
26.859282,42.67227,728.0445,0.11349339,1.0,42.0,0.0,0.0
26.865286,42.731243,728.24756,0.11654089,1.0,43.0,0.0,0.0
26.873486,42.781834,728.4661,0.120215975,1.0,44.0,0.0,0.0
26.88012,42.845562,728.7115,0.12354842,1.0,45.0,0.0,0.0
26.887777,42.89776,728.96075,0.12703833,1.0,46.0,0.0,0.0
26.893429,42.965256,729.29443,0.13002089,1.0,47.0,0.0,0.0
26.898151,43.027534,729.63104,0.13258816,1.0,48.0,0.0,0.0
26.902718,43.08624,729.95764,0.13504481,1.0,49.0,0.0,0.0
26.907366,43.1356,730.23755,0.13739559,1.0,50.0,0.0,0.0
26.913586,43.17248,730.4766,0.1401156,1.0,51.0,0.0,0.0
26.919605,43.20654,730.7066,0.1427209,1.0,52.0,0.0,0.0
26.923616,43.24389,730.9818,0.1446618,1.0,53.0,0.0,0.0
26.92972,43.263126,731.23926,0.14706366,1.0,54.0,0.0,0.0
26.93072,43.304527,731.5546,0.14801377,1.0,55.0,0.0,0.0
26.931875,43.34,731.82275,0.14893451,1.0,56.0,0.0,0.0
26.93268,43.373184,732.0687,0.14970006,1.0,57.0,0.0,0.0
26.935007,43.392887,732.24536,0.15079884,1.0,58.0,0.0,0.0
26.834007,42.588833,727.47144,0.103534654,1.0,40.0,0.0,0.0
26.841372,42.584457,727.73175,0.10577467,1.0,41.0,0.0,0.0
26.845985,42.62795,727.8724,0.10808637,1.0,42.0,0.0,0.0
26.851385,42.68596,728.04834,0.110915385,1.0,43.0,0.0,0.0
26.858383,42.744778,728.23663,0.11432077,1.0,44.0,0.0,0.0
26.86429,42.810444,728.44214,0.11744722,1.0,45.0,0.0,0.0
26.87229,42.867767,728.70905,0.12113668,1.0,46.0,0.0,0.0
26.87933,42.926517,728.9852,0.124500215,1.0,47.0,0.0,0.0
26.884851,42.99301,729.3326,0.12741601,1.0,48.0,0.0,0.0
26.890259,43.052357,729.6614,0.130182,1.0,49.0,0.0,0.0
26.895565,43.106308,729.9702,0.13283058,1.0,50.0,0.0,0.0
26.902569,43.146645,730.23425,0.1358762,1.0,51.0,0.0,0.0
26.90974,43.18155,730.4778,0.1388989,1.0,52.0,0.0,0.0
26.914515,43.221554,730.7268,0.14115134,1.0,53.0,0.0,0.0
26.921247,43.243492,730.9771,0.14381629,1.0,54.0,0.0,0.0
26.922573,43.287857,731.3187,0.14492264,1.0,55.0,0.0,0.0
26.924028,43.32588,731.60925,0.14598553,1.0,56.0,0.0,0.0
26.9251,43.361374,731.8752,0.14687775,1.0,57.0,0.0,0.0
26.927738,43.382797,732.0682,0.14811102,1.0,58.0,0.0,0.0
26.931591,43.394226,732.2088,0.14962316,1.0,59.0,0.0,0.0
26.82871,42.57622,727.0122,0.102543406,1.0,41.0,0.0,0.0
26.834068,42.600727,727.6881,0.1035272,1.0,42.0,0.0,0.0
26.837572,42.642174,727.86084,0.105351366,1.0,43.0,0.0,0.0
26.843952,42.698578,728.0421,0.10849082,1.0,44.0,0.0,0.0
26.849838,42.764618,728.24207,0.11161782,1.0,45.0,0.0,0.0
26.857143,42.82537,728.4546,0.11514757,1.0,46.0,0.0,0.0
26.863379,42.892174,728.6942,0.118384056,1.0,47.0,0.0,0.0
26.869831,42.953552,728.9733,0.12158186,1.0,48.0,0.0,0.0
26.876122,43.01521,729.3185,0.12469215,1.0,49.0,0.0,0.0
26.882288,43.070545,729.6379,0.12766586,1.0,50.0,0.0,0.0
26.890123,43.115192,729.9338,0.13106352,1.0,51.0,0.0,0.0
26.898108,43.15399,730.20667,0.1344266,1.0,52.0,0.0,0.0
26.90365,43.197025,730.47345,0.13699535,1.0,53.0,0.0,0.0
26.911625,43.2196,730.6866,0.14010832,1.0,54.0,0.0,0.0
26.913315,43.267914,731.02,0.14140385,1.0,55.0,0.0,0.0
26.915148,43.3088,731.3385,0.14263989,1.0,56.0,0.0,0.0
26.91654,43.347,731.6298,0.143683,1.0,57.0,0.0,0.0
26.919579,43.370316,731.8433,0.14508328,1.0,58.0,0.0,0.0
26.923836,43.38331,732.0018,0.1467588,1.0,59.0,0.0,0.0
26.92543,43.40758,732.20013,0.1476685,2.0,0.0,0.0,0.0
26.820816,42.556396,726.11914,0.10139203,1.0,42.0,0.0,0.0
26.827084,42.595848,727.29614,0.102370724,1.0,43.0,0.0,0.0
26.83352,42.647938,727.8387,0.10404035,1.0,44.0,0.0,0.0
26.837498,42.714645,728.0355,0.10648268,1.0,45.0,0.0,0.0
26.844088,42.77592,728.24835,0.10975861,1.0,46.0,0.0,0.0
26.850853,42.837852,728.46564,0.113111734,1.0,47.0,0.0,0.0
26.857067,42.90311,728.69904,0.11631811,1.0,48.0,0.0,0.0
26.86288,42.96657,728.93933,0.119347066,1.0,49.0,0.0,0.0
26.869432,43.025826,729.2655,0.12252014,1.0,50.0,0.0,0.0
26.878231,43.071266,729.57214,0.12626842,1.0,51.0,0.0,0.0
26.887049,43.114513,729.87976,0.12998596,1.0,52.0,0.0,0.0
26.893234,43.162086,730.1788,0.13284361,1.0,53.0,0.0,0.0
26.902029,43.187557,730.41284,0.1362877,1.0,54.0,0.0,0.0
26.904064,43.24097,730.66693,0.1377918,1.0,55.0,0.0,0.0
26.906212,43.285698,731.0067,0.1391933,1.0,56.0,0.0,0.0
26.907885,43.32729,731.3296,0.1403832,1.0,57.0,0.0,0.0
26.91145,43.352325,731.5662,0.14199084,1.0,58.0,0.0,0.0
26.916454,43.365547,731.7404,0.14393024,1.0,59.0,0.0,0.0
26.918375,43.391815,731.9598,0.14498152,2.0,0.0,0.0,0.0
26.920578,43.41018,732.1516,0.14600857,2.0,1.0,0.0,0.0
26.810007,42.520535,724.56024,0.09982436,1.0,43.0,0.0,0.0
26.819975,42.574,726.7222,0.1012004,1.0,44.0,0.0,0.0
26.828346,42.645588,727.7606,0.10297703,1.0,45.0,0.0,0.0
26.834408,42.71089,728.02997,0.10533892,1.0,46.0,0.0,0.0
26.839146,42.780293,728.26416,0.10806306,1.0,47.0,0.0,0.0
26.84481,42.84481,728.4901,0.11105845,1.0,48.0,0.0,0.0
26.851158,42.907692,728.71423,0.114276126,1.0,49.0,0.0,0.0
26.8575,42.97009,728.9698,0.117468804,1.0,50.0,0.0,0.0
26.86531,43.027462,729.25073,0.12108411,1.0,51.0,0.0,0.0
26.875092,43.072575,729.57007,0.12516993,1.0,52.0,0.0,0.0
26.881954,43.125225,729.90015,0.12833874,1.0,53.0,0.0,0.0
26.891556,43.15448,730.16095,0.13212153,1.0,54.0,0.0,0.0
26.893972,43.21236,730.43365,0.13382772,1.0,55.0,0.0,0.0
26.89645,43.261925,730.7164,0.1354273,1.0,56.0,0.0,0.0
26.898418,43.307293,731.0699,0.13677539,1.0,57.0,0.0,0.0
26.902369,43.335197,731.3319,0.13856003,1.0,58.0,0.0,0.0
26.907814,43.35066,731.5276,0.14068618,1.0,59.0,0.0,0.0
26.910055,43.379227,731.7671,0.14188449,2.0,0.0,0.0,0.0
26.912685,43.398766,731.9735,0.143077,2.0,1.0,0.0,0.0
26.916597,43.406185,732.131,0.14453423,2.0,2.0,0.0,0.0
26.800268,42.48619,723.3505,0.09861526,1.0,44.0,0.0,0.0
26.811895,42.559517,725.8735,0.10004267,1.0,45.0,0.0,0.0
26.823128,42.64349,727.65186,0.102108546,1.0,46.0,0.0,0.0
26.83165,42.714626,728.0118,0.10446475,1.0,47.0,0.0,0.0
26.835754,42.7841,728.25397,0.10694321,1.0,48.0,0.0,0.0
26.84055,42.849506,728.4788,0.109629855,1.0,49.0,0.0,0.0
26.846424,42.910618,728.70154,0.112645656,1.0,50.0,0.0,0.0
26.854874,42.965527,728.93317,0.11647424,1.0,51.0,0.0,0.0
26.863125,43.02446,729.21246,0.12027352,1.0,52.0,0.0,0.0
26.87066,43.079975,729.55383,0.12372515,1.0,53.0,0.0,0.0
26.881126,43.1133,729.8474,0.12786737,1.0,54.0,0.0,0.0
26.883875,43.17643,730.14935,0.1297668,1.0,55.0,0.0,0.0
26.886715,43.23068,730.4095,0.13156916,1.0,56.0,0.0,0.0
26.88899,43.280823,730.71893,0.13310406,1.0,57.0,0.0,0.0
26.89335,43.311935,731.01337,0.13507777,1.0,58.0,0.0,0.0
26.89928,43.32989,731.2365,0.13740769,1.0,59.0,0.0,0.0
26.90182,43.361362,731.50287,0.13875128,2.0,0.0,0.0,0.0
26.904743,43.38319,731.7319,0.14007965,2.0,1.0,0.0,0.0
26.908989,43.392246,731.90784,0.1416765,2.0,2.0,0.0,0.0
26.911512,43.403233,732.08466,0.14269477,2.0,3.0,0.0,0.0
26.791489,42.47695,722.82605,0.09780382,1.0,45.0,0.0,0.0
26.804974,42.534218,725.06757,0.09914464,1.0,46.0,0.0,0.0
26.818226,42.63325,727.4442,0.101261415,1.0,47.0,0.0,0.0
26.828152,42.708904,727.96265,0.10362717,1.0,48.0,0.0,0.0
26.833784,42.778393,728.2284,0.10618033,1.0,49.0,0.0,0.0
26.838022,42.845207,728.4657,0.108664505,1.0,50.0,0.0,0.0
26.845314,42.903736,728.6835,0.1121403,1.0,51.0,0.0,0.0
26.854168,42.960068,728.9283,0.11612897,1.0,52.0,0.0,0.0
26.860626,43.02687,729.24176,0.1194058,1.0,53.0,0.0,0.0
26.871267,43.067078,729.5381,0.12372638,1.0,54.0,0.0,0.0
26.874386,43.135883,729.8702,0.12583831,1.0,55.0,0.0,0.0
26.877567,43.195107,730.15643,0.12783416,1.0,56.0,0.0,0.0
26.880178,43.25015,730.41583,0.12956901,1.0,57.0,0.0,0.0
26.884947,43.284912,730.7075,0.13174334,1.0,58.0,0.0,0.0
26.891317,43.30569,730.958,0.13426882,1.0,59.0,0.0,0.0
26.894146,43.340107,731.24963,0.13575642,2.0,0.0,0.0,0.0
26.897348,43.36428,731.4997,0.13721563,2.0,1.0,0.0,0.0
26.901892,43.37507,731.6927,0.13894172,2.0,2.0,0.0,0.0
26.90462,43.38759,731.88385,0.14005387,2.0,3.0,0.0,0.0
26.90264,43.423996,732.11066,0.13989231,2.0,4.0,0.0,0.0
26.785141,42.46315,722.3692,0.09721915,1.0,46.0,0.0,0.0
26.798407,42.51859,724.47516,0.098492935,1.0,47.0,0.0,0.0
26.813547,42.624302,727.15546,0.10050649,1.0,48.0,0.0,0.0
26.824322,42.702892,727.8906,0.10294482,1.0,49.0,0.0,0.0
26.832092,42.77371,728.19684,0.105535395,1.0,50.0,0.0,0.0
26.837412,42.83813,728.43475,0.10834893,1.0,51.0,0.0,0.0
26.84495,42.89824,728.66455,0.1119276,1.0,52.0,0.0,0.0
26.851849,42.96157,728.93787,0.115321375,1.0,53.0,0.0,0.0
26.86131,43.01324,729.201,0.119436115,1.0,54.0,0.0,0.0
26.864384,43.088634,729.53876,0.12164249,1.0,55.0,0.0,0.0
26.86792,43.15345,729.8561,0.12384254,1.0,56.0,0.0,0.0
26.870846,43.213657,730.14343,0.12576342,1.0,57.0,0.0,0.0
26.876059,43.253075,730.37445,0.12817295,1.0,58.0,0.0,0.0
26.88295,43.27717,730.61804,0.13093387,1.0,59.0,0.0,0.0
26.886097,43.315014,730.9414,0.13258217,2.0,0.0,0.0,0.0
26.889614,43.341923,731.2179,0.13419022,2.0,1.0,0.0,0.0
26.894503,43.354763,731.43243,0.13606633,2.0,2.0,0.0,0.0
26.89747,43.36912,731.6418,0.13728888,2.0,3.0,0.0,0.0
26.895523,43.407753,731.8841,0.13717099,2.0,4.0,0.0,0.0
26.896807,43.426212,732.0761,0.13787255,2.0,5.0,0.0,0.0
26.780367,42.455612,722.09827,0.09679068,1.0,47.0,0.0,0.0
26.79393,42.51449,724.15845,0.09808692,1.0,48.0,0.0,0.0
26.809753,42.61627,726.8919,0.0999887,1.0,49.0,0.0,0.0
26.821672,42.698727,727.83795,0.10246955,1.0,50.0,0.0,0.0
26.831774,42.76993,728.17773,0.10537105,1.0,51.0,0.0,0.0
26.83746,42.834232,728.42004,0.10830601,1.0,52.0,0.0,0.0
26.843597,42.899006,728.66235,0.111460194,1.0,53.0,0.0,0.0
26.853115,42.94748,728.89294,0.1155548,1.0,54.0,0.0,0.0
26.85625,43.025993,729.22595,0.117838286,1.0,55.0,0.0,0.0
26.859207,43.099262,729.5433,0.119977094,1.0,56.0,0.0,0.0
26.86179,43.16862,729.8448,0.12192442,1.0,57.0,0.0,0.0
26.867163,43.214214,730.09467,0.12448736,1.0,58.0,0.0,0.0
26.874575,43.242424,730.3089,0.12749712,1.0,59.0,0.0,0.0
26.878092,43.28441,730.5868,0.1293456,2.0,0.0,0.0,0.0
26.88194,43.314457,730.89465,0.13111444,2.0,1.0,0.0,0.0
26.887213,43.329678,731.1351,0.13315757,2.0,2.0,0.0,0.0
26.890451,43.346195,731.36646,0.13450477,2.0,3.0,0.0,0.0
26.888538,43.38744,731.62756,0.13443777,2.0,4.0,0.0,0.0
26.88999,43.407784,731.8362,0.13522397,2.0,5.0,0.0,0.0
26.889132,43.44192,732.0895,0.13541254,2.0,6.0,0.0,0.0
26.777876,42.451515,721.9391,0.09656986,1.0,48.0,0.0,0.0
26.792566,42.51493,724.02765,0.09798678,1.0,49.0,0.0,0.0
26.80835,42.61321,726.76025,0.09985198,1.0,50.0,0.0,0.0
26.8227,42.69876,727.8384,0.10264053,1.0,51.0,0.0,0.0
26.8326,42.76957,728.17395,0.10565318,1.0,52.0,0.0,0.0
26.837347,42.83533,728.4161,0.10828926,1.0,53.0,0.0,0.0
26.845678,42.886795,728.63245,0.11200716,1.0,54.0,0.0,0.0
26.84912,42.95909,728.9024,0.11432575,1.0,55.0,0.0,0.0
26.852571,43.033176,729.21844,0.11665483,1.0,56.0,0.0,0.0
26.855312,43.10624,729.5355,0.11871364,1.0,57.0,0.0,0.0
26.85995,43.162052,729.79517,0.12118364,1.0,58.0,0.0,0.0
26.867216,43.198307,730.01624,0.12427639,1.0,59.0,0.0,0.0
26.871021,43.245228,730.26306,0.12630433,2.0,0.0,0.0,0.0
26.875235,43.279125,730.51276,0.12826766,2.0,1.0,0.0,0.0
26.880909,43.29691,730.77844,0.13048862,2.0,2.0,0.0,0.0
26.884422,43.31588,731.036,0.13196641,2.0,3.0,0.0,0.0
26.882551,43.360035,731.3192,0.13195452,2.0,4.0,0.0,0.0
26.884176,43.382507,731.54767,0.13283342,2.0,5.0,0.0,0.0
26.883413,43.419018,731.8203,0.1330884,2.0,6.0,0.0,0.0
26.88363,43.448456,732.0703,0.13357863,2.0,7.0,0.0,0.0
26.776789,42.449516,721.8289,0.09648198,1.0,49.0,0.0,0.0
26.791857,42.51259,723.85645,0.09793344,1.0,50.0,0.0,0.0
26.810654,42.61685,726.8089,0.10010263,1.0,51.0,0.0,0.0
26.82472,42.700058,727.8596,0.10298159,1.0,52.0,0.0,0.0
26.832615,42.770596,728.1714,0.1056772,1.0,53.0,0.0,0.0
26.838861,42.825474,728.3945,0.10866273,1.0,54.0,0.0,0.0
26.842466,42.89632,728.62994,0.111031316,1.0,55.0,0.0,0.0
26.84587,42.96362,728.8789,0.11326083,1.0,56.0,0.0,0.0
26.848553,43.038815,729.20325,0.1153285,1.0,57.0,0.0,0.0
26.85364,43.096973,729.473,0.117992915,1.0,58.0,0.0,0.0
26.860151,43.143387,729.70465,0.12098533,1.0,59.0,0.0,0.0
26.863626,43.199165,729.96,0.12304302,2.0,0.0,0.0,0.0
26.868183,43.237484,730.197,0.12519485,2.0,1.0,0.0,0.0
26.874302,43.259125,730.3925,0.1276384,2.0,2.0,0.0,0.0
26.878176,43.280624,730.6611,0.12928115,2.0,3.0,0.0,0.0
26.876343,43.328175,730.9703,0.12933263,2.0,4.0,0.0,0.0
26.878178,43.353176,731.22296,0.1303196,2.0,5.0,0.0,0.0
26.877522,43.3925,731.519,0.13065305,2.0,6.0,0.0,0.0
26.877882,43.42433,731.7902,0.1312274,2.0,7.0,0.0,0.0
26.876871,43.463425,732.06854,0.13143657,2.0,8.0,0.0,0.0
26.779406,42.445908,721.82184,0.09668227,1.0,50.0,0.0,0.0
26.797445,42.518982,724.1604,0.09847196,1.0,51.0,0.0,0.0
26.815624,42.626724,727.1022,0.1009188,1.0,52.0,0.0,0.0
26.827036,42.70446,727.8941,0.10340308,1.0,53.0,0.0,0.0
26.834991,42.762547,728.16473,0.10636063,1.0,54.0,0.0,0.0
26.837574,42.832184,728.388,0.10833062,1.0,55.0,0.0,0.0
26.84071,42.899315,728.60876,0.1104728,1.0,56.0,0.0,0.0
26.843956,42.96371,728.834,0.11260943,1.0,57.0,0.0,0.0
26.848503,43.024902,729.12024,0.115119636,1.0,58.0,0.0,0.0
26.855505,43.071712,729.3511,0.118292615,1.0,59.0,0.0,0.0
26.858782,43.13395,729.63715,0.12037327,2.0,0.0,0.0,0.0
26.862844,43.18178,729.8762,0.12251113,2.0,1.0,0.0,0.0
26.8693,43.207592,730.09357,0.12513511,2.0,2.0,0.0,0.0
26.873468,43.233444,730.29126,0.12695338,2.0,3.0,0.0,0.0
26.871696,43.285137,730.55865,0.12709627,2.0,4.0,0.0,0.0
26.873796,43.312767,730.8272,0.12821537,2.0,5.0,0.0,0.0
26.873259,43.355362,731.1521,0.12863612,2.0,6.0,0.0,0.0
26.87378,43.389984,731.44934,0.12930545,2.0,7.0,0.0,0.0
26.872871,43.431835,731.75146,0.1295909,2.0,8.0,0.0,0.0
26.874605,43.457367,731.98334,0.13055941,2.0,9.0,0.0,0.0
26.782747,42.453884,722.00946,0.09700635,1.0,51.0,0.0,0.0
26.802118,42.535854,724.6929,0.09896959,1.0,52.0,0.0,0.0
26.816792,42.63648,727.2563,0.101155095,1.0,53.0,0.0,0.0
26.830505,42.704174,727.9415,0.10396084,1.0,54.0,0.0,0.0
26.833277,42.772846,728.1637,0.10595025,1.0,55.0,0.0,0.0
26.83598,42.838387,728.3749,0.10789683,1.0,56.0,0.0,0.0
26.838354,42.905624,728.60034,0.10975677,1.0,57.0,0.0,0.0
26.842836,42.958603,728.7966,0.11214467,1.0,58.0,0.0,0.0
26.849169,43.0087,729.04596,0.11512031,1.0,59.0,0.0,0.0
26.852922,43.070393,729.32227,0.11736585,2.0,0.0,0.0,0.0
26.856855,43.123928,729.59033,0.119538784,2.0,1.0,0.0,0.0
26.862587,43.16044,729.8004,0.122091964,2.0,2.0,0.0,0.0
26.866982,43.190613,730.01666,0.12405514,2.0,3.0,0.0,0.0
26.865217,43.24737,730.2305,0.124284156,2.0,4.0,0.0,0.0
26.867554,43.278683,730.4756,0.1255449,2.0,5.0,0.0,0.0
26.8672,43.3244,730.81244,0.1260797,2.0,6.0,0.0,0.0
26.867907,43.36197,731.13354,0.1268566,2.0,7.0,0.0,0.0
26.867111,43.40684,731.4614,0.12722382,2.0,8.0,0.0,0.0
26.869041,43.434677,731.71515,0.12829345,2.0,9.0,0.0,0.0
26.871126,43.463737,731.9777,0.1294355,2.0,10.0,0.0,0.0
26.792856,42.46278,722.56055,0.09785074,1.0,52.0,0.0,0.0
26.80905,42.5528,725.37787,0.099700764,1.0,53.0,0.0,0.0
26.824215,42.638348,727.563,0.10227917,1.0,54.0,0.0,0.0
26.830486,42.709503,727.9407,0.10402125,1.0,55.0,0.0,0.0
26.833126,42.773933,728.14874,0.105927244,1.0,56.0,0.0,0.0
26.83558,42.8387,728.3559,0.10777747,1.0,57.0,0.0,0.0
26.838987,42.894093,728.5605,0.109799705,1.0,58.0,0.0,0.0
26.845457,42.937183,728.7331,0.11274405,1.0,59.0,0.0,0.0
26.849314,42.99665,728.97687,0.11500444,2.0,0.0,0.0,0.0
26.853706,43.04863,729.22986,0.11732131,2.0,1.0,0.0,0.0
26.859432,43.09043,729.4683,0.119947344,2.0,2.0,0.0,0.0
26.86346,43.128834,729.68976,0.121918425,2.0,3.0,0.0,0.0
26.861952,43.188683,729.9329,0.122275785,2.0,4.0,0.0,0.0
26.864279,43.225677,730.13464,0.123627916,2.0,5.0,0.0,0.0
26.864029,43.276386,730.4004,0.12428152,2.0,6.0,0.0,0.0
26.864958,43.316925,730.73834,0.12518175,2.0,7.0,0.0,0.0
26.86432,43.364773,731.0834,0.12564921,2.0,8.0,0.0,0.0
26.866455,43.39514,731.36285,0.12682548,2.0,9.0,0.0,0.0
26.868732,43.426582,731.6495,0.12806818,2.0,10.0,0.0,0.0
26.870386,43.463528,731.9594,0.12917578,2.0,11.0,0.0,0.0
26.800064,42.480247,723.32526,0.09854446,1.0,53.0,0.0,0.0
26.817123,42.565945,726.3392,0.10080454,1.0,54.0,0.0,0.0
26.823809,42.64023,727.5503,0.10224078,1.0,55.0,0.0,0.0
26.83006,42.707935,727.9267,0.10393058,1.0,56.0,0.0,0.0
26.832727,42.773087,728.1396,0.10578152,1.0,57.0,0.0,0.0
26.836304,42.828888,728.33875,0.10786635,1.0,58.0,0.0,0.0
26.841736,42.874943,728.5184,0.11047119,1.0,59.0,0.0,0.0
26.84562,42.931263,728.71674,0.112709224,2.0,0.0,0.0,0.0
26.850212,42.9812,728.9337,0.115081124,2.0,1.0,0.0,0.0
26.856346,43.022053,729.1579,0.11784256,2.0,2.0,0.0,0.0
26.860369,43.06523,729.4008,0.11988231,2.0,3.0,0.0,0.0
26.858953,43.12919,729.6656,0.12033036,2.0,4.0,0.0,0.0
26.861225,43.17141,729.8789,0.12174636,2.0,5.0,0.0,0.0
26.861078,43.226307,730.12195,0.12250242,2.0,6.0,0.0,0.0
26.861923,43.27231,730.3847,0.123469,2.0,7.0,0.0,0.0
26.861485,43.32254,730.74884,0.12403973,2.0,8.0,0.0,0.0
26.863676,43.355927,731.0327,0.12528707,2.0,9.0,0.0,0.0
26.866117,43.389606,731.3409,0.12661864,2.0,10.0,0.0,0.0
26.867912,43.428764,731.6713,0.1278064,2.0,11.0,0.0,0.0
26.87479,43.446182,731.9151,0.13045695,2.0,12.0,0.0,0.0
26.810312,42.491486,724.3084,0.09962545,1.0,54.0,0.0,0.0
26.817429,42.566772,726.34546,0.10086264,1.0,55.0,0.0,0.0
26.823809,42.635715,727.508,0.102207005,1.0,56.0,0.0,0.0
26.829704,42.703144,727.9034,0.10382417,1.0,57.0,0.0,0.0
26.833752,42.759926,728.1141,0.10592097,1.0,58.0,0.0,0.0
26.838322,42.81047,728.308,0.108266555,1.0,59.0,0.0,0.0
26.842274,42.865463,728.4915,0.11051493,2.0,0.0,0.0,0.0
26.846884,42.913647,728.67596,0.112878375,2.0,1.0,0.0,0.0
26.853546,42.95016,728.8433,0.11578289,2.0,2.0,0.0,0.0
26.857765,42.99309,729.07495,0.11789314,2.0,3.0,0.0,0.0
26.85642,43.060917,729.35645,0.11842391,2.0,4.0,0.0,0.0
26.858814,43.107597,729.5926,0.119947225,2.0,5.0,0.0,0.0
26.858786,43.16675,729.8569,0.12080707,2.0,6.0,0.0,0.0
26.859766,43.216976,730.09357,0.12188794,2.0,7.0,0.0,0.0
26.859406,43.27177,730.3787,0.12256462,2.0,8.0,0.0,0.0
26.86151,43.30949,730.6779,0.12385095,2.0,9.0,0.0,0.0
26.864044,43.346077,730.9877,0.12526529,2.0,10.0,0.0,0.0
26.865992,43.38767,731.3407,0.12654006,2.0,11.0,0.0,0.0
26.873108,43.407238,731.6067,0.12930433,2.0,12.0,0.0,0.0
26.876595,43.446774,731.9784,0.13108452,2.0,13.0,0.0,0.0
26.80859,42.494865,724.13367,0.09945662,1.0,55.0,0.0,0.0
26.815424,42.56396,726.05597,0.10062114,1.0,56.0,0.0,0.0
26.82176,42.637142,727.4156,0.10193099,1.0,57.0,0.0,0.0
26.829704,42.696445,727.8796,0.10375454,1.0,58.0,0.0,0.0
26.834806,42.748043,728.0901,0.10609236,1.0,59.0,0.0,0.0
26.837584,42.80837,728.29364,0.10797832,2.0,0.0,0.0,0.0
26.841986,42.854794,728.45966,0.11024537,2.0,1.0,0.0,0.0
26.848316,42.892593,728.6267,0.11305175,2.0,2.0,0.0,0.0
26.85332,42.92858,728.7817,0.11536254,2.0,3.0,0.0,0.0
26.852257,42.99557,729.04456,0.11598877,2.0,4.0,0.0,0.0
26.854685,43.045815,729.2957,0.11757673,2.0,5.0,0.0,0.0
26.85467,43.11008,729.585,0.11851537,2.0,6.0,0.0,0.0
26.855778,43.16466,729.8441,0.119703524,2.0,7.0,0.0,0.0
26.855537,43.223938,730.10254,0.120494,2.0,8.0,0.0,0.0
26.857824,43.265835,730.33563,0.12191566,2.0,9.0,0.0,0.0
26.860222,43.30738,730.66364,0.12336187,2.0,10.0,0.0,0.0
26.862034,43.35355,731.0122,0.124670565,2.0,11.0,0.0,0.0
26.869461,43.37537,731.3028,0.1275735,2.0,12.0,0.0,0.0
26.873144,43.417393,731.6996,0.12945724,2.0,13.0,0.0,0.0
26.876553,43.45924,732.0937,0.13124104,2.0,14.0,0.0,0.0
26.805353,42.49686,723.81085,0.09910876,1.0,56.0,0.0,0.0
26.811865,42.562042,725.67004,0.1001677,1.0,57.0,0.0,0.0
26.820929,42.634117,727.3511,0.10178793,1.0,58.0,0.0,0.0
26.830833,42.689972,727.879,0.10386892,1.0,59.0,0.0,0.0
26.833818,42.749737,728.0833,0.10578547,2.0,0.0,0.0,0.0
26.837059,42.80254,728.2769,0.10770518,2.0,1.0,0.0,0.0
26.842701,42.839825,728.4312,0.11025603,2.0,2.0,0.0,0.0
26.847477,42.877403,728.59155,0.11250842,2.0,3.0,0.0,0.0
26.847185,42.937416,728.77386,0.1133336,2.0,4.0,0.0,0.0
26.849745,42.986927,729.01276,0.114960656,2.0,5.0,0.0,0.0
26.849892,43.0545,729.31604,0.11600486,2.0,6.0,0.0,0.0
26.851011,43.11391,729.59924,0.11726693,2.0,7.0,0.0,0.0
26.85082,43.17758,729.8793,0.11813831,2.0,8.0,0.0,0.0
26.853071,43.223827,730.0992,0.1196132,2.0,9.0,0.0,0.0
26.855665,43.269417,730.36523,0.12119756,2.0,10.0,0.0,0.0
26.85767,43.31857,730.73975,0.122616276,2.0,11.0,0.0,0.0
26.864626,43.347622,731.016,0.12548669,2.0,12.0,0.0,0.0
26.868536,43.3922,731.4379,0.12748553,2.0,13.0,0.0,0.0
26.872149,43.43646,731.8562,0.12937395,2.0,14.0,0.0,0.0
26.880213,43.456467,732.1701,0.13246512,2.0,15.0,0.0,0.0
26.803703,42.49794,723.69916,0.09898383,1.0,57.0,0.0,0.0
26.813116,42.559677,725.7067,0.10033595,1.0,58.0,0.0,0.0
26.823978,42.62986,727.45154,0.10219494,1.0,59.0,0.0,0.0
26.83071,42.690342,727.87213,0.10385369,2.0,0.0,0.0,0.0
26.834118,42.74278,728.0678,0.10577704,2.0,1.0,0.0,0.0
26.838472,42.78746,728.2493,0.10795488,2.0,2.0,0.0,0.0
26.843246,42.822723,728.39386,0.1101743,2.0,3.0,0.0,0.0
26.84314,42.882576,728.57025,0.11106633,2.0,4.0,0.0,0.0
26.846294,42.924755,728.72955,0.11282285,2.0,5.0,0.0,0.0
26.84688,42.989574,729.0001,0.11399337,2.0,6.0,0.0,0.0
26.848066,43.052303,729.29956,0.115325764,2.0,7.0,0.0,0.0
26.847956,43.120552,729.6037,0.116290346,2.0,8.0,0.0,0.0
26.850058,43.171196,729.8481,0.11777331,2.0,9.0,0.0,0.0
26.852533,43.22149,730.08673,0.119387776,2.0,10.0,0.0,0.0
26.85469,43.27493,730.39496,0.12093298,2.0,11.0,0.0,0.0
26.861496,43.309544,730.68787,0.12384279,2.0,12.0,0.0,0.0
26.865564,43.357193,731.1141,0.12594813,2.0,13.0,0.0,0.0
26.869368,43.404106,731.5601,0.12793988,2.0,14.0,0.0,0.0
26.877712,43.426327,731.8995,0.13115892,2.0,15.0,0.0,0.0
26.877968,43.48576,732.3521,0.13210459,2.0,16.0,0.0,0.0
26.808004,42.486095,723.83344,0.09938009,1.0,58.0,0.0,0.0
26.819447,42.560616,726.3056,0.10113839,1.0,59.0,0.0,0.0
26.826378,42.628586,727.5375,0.102532946,2.0,0.0,0.0,0.0
26.832418,42.679974,727.88055,0.10420563,2.0,1.0,0.0,0.0
26.836634,42.72507,728.05835,0.106338315,2.0,2.0,0.0,0.0
26.841137,42.7638,728.2039,0.10851943,2.0,3.0,0.0,0.0
26.841036,42.82258,728.3701,0.109400764,2.0,4.0,0.0,0.0
26.844229,42.863983,728.52203,0.11115918,2.0,5.0,0.0,0.0
26.845459,42.920494,728.7068,0.11246395,2.0,6.0,0.0,0.0
26.847094,42.979187,728.96155,0.113910824,2.0,7.0,0.0,0.0
26.8471,43.050274,729.2777,0.114958875,2.0,8.0,0.0,0.0
26.849258,43.105137,729.54565,0.116520785,2.0,9.0,0.0,0.0
26.851723,43.15955,729.80707,0.11818879,2.0,10.0,0.0,0.0
26.85385,43.21768,730.0758,0.11979786,2.0,11.0,0.0,0.0
26.860872,43.25672,730.2941,0.12285956,2.0,12.0,0.0,0.0
26.864983,43.308353,730.74274,0.12504038,2.0,13.0,0.0,0.0
26.869001,43.35783,731.201,0.12714723,2.0,14.0,0.0,0.0
26.87758,43.382683,731.56946,0.13048397,2.0,15.0,0.0,0.0
26.877905,43.444904,732.0482,0.13149182,2.0,16.0,0.0,0.0
26.877901,43.506413,732.48596,0.13238665,2.0,17.0,0.0,0.0
26.811653,42.489162,724.192,0.09987084,1.0,59.0,0.0,0.0
26.820303,42.572674,726.5325,0.10132839,2.0,0.0,0.0,0.0
26.828606,42.635933,727.6674,0.10292428,2.0,1.0,0.0,0.0
26.83467,42.68158,727.922,0.104979105,2.0,2.0,0.0,0.0
26.838615,42.724533,728.0703,0.107021876,2.0,3.0,0.0,0.0
26.83871,42.784954,728.23016,0.10800787,2.0,4.0,0.0,0.0
26.842024,42.826694,728.3797,0.10981748,2.0,5.0,0.0,0.0
26.843298,42.88252,728.5575,0.1111289,2.0,6.0,0.0,0.0
26.845476,42.933994,728.7402,0.11268411,2.0,7.0,0.0,0.0
26.845852,43.0011,729.01715,0.11381605,2.0,8.0,0.0,0.0
26.848152,43.05856,729.29987,0.1154648,2.0,9.0,0.0,0.0
26.850563,43.11641,729.582,0.11715992,2.0,10.0,0.0,0.0
26.852636,43.177876,729.86896,0.11879758,2.0,11.0,0.0,0.0
26.859852,43.21974,730.09015,0.12196779,2.0,12.0,0.0,0.0
26.863815,43.276703,730.4445,0.12419251,2.0,13.0,0.0,0.0
26.868006,43.328144,730.916,0.12638897,2.0,14.0,0.0,0.0
26.876806,43.354755,731.3023,0.12982674,2.0,15.0,0.0,0.0
26.877188,43.419044,731.8034,0.13088296,2.0,16.0,0.0,0.0
26.877234,43.482327,732.26,0.13181902,2.0,17.0,0.0,0.0
26.88168,43.52759,732.6839,0.13401878,2.0,18.0,0.0,0.0
26.810167,42.502743,724.2595,0.099762246,2.0,0.0,0.0,0.0
26.814444,42.543175,725.4616,0.10045565,2.0,1.0,0.0,0.0
26.823221,42.599834,727.1091,0.101874076,2.0,2.0,0.0,0.0
26.829536,42.638084,727.74194,0.10306596,2.0,3.0,0.0,0.0
26.831152,42.692066,727.88275,0.10398266,2.0,4.0,0.0,0.0
26.833431,42.73577,728.04034,0.105433054,2.0,5.0,0.0,0.0
26.834602,42.791763,728.21185,0.10670749,2.0,6.0,0.0,0.0
26.836285,42.841106,728.3776,0.10804625,2.0,7.0,0.0,0.0
26.837248,42.89655,728.5516,0.10924203,2.0,8.0,0.0,0.0
26.839296,42.944386,728.729,0.11067904,2.0,9.0,0.0,0.0
26.841248,43.001804,728.9924,0.112204045,2.0,10.0,0.0,0.0
26.843088,43.07015,729.31836,0.11385093,2.0,11.0,0.0,0.0
26.849356,43.1217,729.59406,0.116814464,2.0,12.0,0.0,0.0
26.853119,43.18914,729.92236,0.11913334,2.0,13.0,0.0,0.0
26.857006,43.25423,730.23975,0.121462636,2.0,14.0,0.0,0.0
26.86575,43.292,730.635,0.12507153,2.0,15.0,0.0,0.0
26.866432,43.362675,731.17773,0.1263273,2.0,16.0,0.0,0.0
26.866621,43.432358,731.692,0.12740304,2.0,17.0,0.0,0.0
26.871576,43.483162,732.17413,0.12985738,2.0,18.0,0.0,0.0
26.873728,43.544632,732.6841,0.13148946,2.0,19.0,0.0,0.0
26.812946,42.51045,724.7159,0.10012267,2.0,1.0,0.0,0.0
26.821524,42.555458,726.407,0.101373434,2.0,2.0,0.0,0.0
26.828026,42.593903,727.3943,0.102455564,2.0,3.0,0.0,0.0
26.829275,42.64214,727.74146,0.10307252,2.0,4.0,0.0,0.0
26.83298,42.684273,727.90326,0.10445934,2.0,5.0,0.0,0.0
26.834185,42.739407,728.0605,0.105743825,2.0,6.0,0.0,0.0
26.835867,42.79026,728.2284,0.107106626,2.0,7.0,0.0,0.0
26.836819,42.844894,728.3954,0.108286686,2.0,8.0,0.0,0.0
26.83889,42.89033,728.55927,0.10969596,2.0,9.0,0.0,0.0
26.841648,42.93931,728.7369,0.11141466,2.0,10.0,0.0,0.0
26.843855,43.00194,729.0164,0.11312017,2.0,11.0,0.0,0.0
26.850231,43.056744,729.3098,0.116167404,2.0,12.0,0.0,0.0
26.85411,43.127502,729.65594,0.11857454,2.0,13.0,0.0,0.0
26.858068,43.19591,729.9913,0.12097584,2.0,14.0,0.0,0.0
26.867094,43.237247,730.2765,0.12474578,2.0,15.0,0.0,0.0
26.86787,43.31064,730.81683,0.12607682,2.0,16.0,0.0,0.0
26.868156,43.38248,731.34467,0.12721911,2.0,17.0,0.0,0.0
26.873213,43.435814,731.85187,0.12974375,2.0,18.0,0.0,0.0
26.875433,43.499813,732.3857,0.13143523,2.0,19.0,0.0,0.0
26.882486,43.535088,732.7385,0.13441497,2.0,20.0,0.0,0.0
26.820417,42.523293,725.7299,0.1010856,2.0,2.0,0.0,0.0
26.827019,42.554264,726.9154,0.102035575,2.0,3.0,0.0,0.0
26.828133,42.597828,727.4247,0.10250596,2.0,4.0,0.0,0.0
26.832693,42.635582,727.79724,0.10356599,2.0,5.0,0.0,0.0
26.833918,42.687237,727.9284,0.10481763,2.0,6.0,0.0,0.0
26.835659,42.73685,728.0789,0.10619599,2.0,7.0,0.0,0.0
26.836601,42.79292,728.2471,0.10739526,2.0,8.0,0.0,0.0
26.838734,42.837032,728.40186,0.10880937,2.0,9.0,0.0,0.0
26.841877,42.88223,728.5593,0.11061544,2.0,10.0,0.0,0.0
26.844675,42.936874,728.754,0.112438716,2.0,11.0,0.0,0.0
26.85152,42.986584,729.00684,0.115589,2.0,12.0,0.0,0.0
26.855501,43.06078,729.3715,0.118081205,2.0,13.0,0.0,0.0
26.859526,43.13262,729.72516,0.12055513,2.0,14.0,0.0,0.0
26.868944,43.17575,730.03766,0.124480255,2.0,15.0,0.0,0.0
26.869734,43.253876,730.44415,0.12590244,2.0,16.0,0.0,0.0
26.870167,43.327667,730.97345,0.12712745,2.0,17.0,0.0,0.0
26.875326,43.383694,731.50714,0.12972525,2.0,18.0,0.0,0.0
26.877617,43.450367,732.0661,0.13147892,2.0,19.0,0.0,0.0
26.884762,43.488155,732.442,0.13452558,2.0,20.0,0.0,0.0
26.891584,43.524925,732.8116,0.1374426,2.0,21.0,0.0,0.0
26.823475,42.52998,726.21045,0.1014688,2.0,3.0,0.0,0.0
26.823175,42.562897,726.68396,0.10161173,2.0,4.0,0.0,0.0
26.827696,42.600513,727.43713,0.10245913,2.0,5.0,0.0,0.0
26.830513,42.648132,727.7811,0.103338614,2.0,6.0,0.0,0.0
26.833035,42.695366,727.9313,0.10465721,2.0,7.0,0.0,0.0
26.833982,42.750153,728.0932,0.10584109,2.0,8.0,0.0,0.0
26.836172,42.795498,728.2497,0.10729031,2.0,9.0,0.0,0.0
26.838364,42.841682,728.41327,0.108752385,2.0,10.0,0.0,0.0
26.840923,42.894142,728.5896,0.11046399,2.0,11.0,0.0,0.0
26.848047,42.9376,728.77386,0.11364037,2.0,12.0,0.0,0.0
26.851946,43.008785,729.1123,0.11606425,2.0,13.0,0.0,0.0
26.855846,43.084743,729.48724,0.11855183,2.0,14.0,0.0,0.0
26.864853,43.135574,729.79694,0.122464515,2.0,15.0,0.0,0.0
26.86575,43.217506,730.17487,0.12398377,2.0,16.0,0.0,0.0
26.866264,43.294888,730.6557,0.12529702,2.0,17.0,0.0,0.0
26.871704,43.353237,731.20074,0.12802875,2.0,18.0,0.0,0.0
26.874168,43.42274,731.7887,0.12988178,2.0,19.0,0.0,0.0
26.88157,43.462864,732.1897,0.13305086,2.0,20.0,0.0,0.0
26.888636,43.501854,732.58295,0.13608396,2.0,21.0,0.0,0.0
26.894077,43.54298,732.9787,0.13857654,2.0,22.0,0.0,0.0
26.819048,42.537518,725.86487,0.1009747,2.0,4.0,0.0,0.0
26.822027,42.56568,726.6489,0.10147107,2.0,5.0,0.0,0.0
26.824373,42.611465,727.3338,0.10209263,2.0,6.0,0.0,0.0
26.82801,42.654324,727.7486,0.10301385,2.0,7.0,0.0,0.0
26.830776,42.708466,727.934,0.10410608,2.0,8.0,0.0,0.0
26.832943,42.751804,728.0857,0.10551598,2.0,9.0,0.0,0.0
26.835262,42.79867,728.24774,0.10703275,2.0,10.0,0.0,0.0
26.837297,42.85012,728.42145,0.10852665,2.0,11.0,0.0,0.0
26.843012,42.894543,728.60077,0.11120751,2.0,12.0,0.0,0.0
26.847502,42.95596,728.84467,0.1137228,2.0,13.0,0.0,0.0
26.851088,43.032677,729.2203,0.1161083,2.0,14.0,0.0,0.0
26.859722,43.09008,729.542,0.119994625,2.0,15.0,0.0,0.0
26.86052,43.177135,729.9341,0.121558495,2.0,16.0,0.0,0.0
26.860956,43.260075,730.3079,0.122943126,2.0,17.0,0.0,0.0
26.866467,43.32268,730.8604,0.12577085,2.0,18.0,0.0,0.0
26.869137,43.39549,731.4801,0.12774184,2.0,19.0,0.0,0.0
26.876867,43.43827,731.9108,0.13106236,2.0,20.0,0.0,0.0
26.88425,43.479794,732.3319,0.13424107,2.0,21.0,0.0,0.0
26.889963,43.52334,732.7536,0.13686173,2.0,22.0,0.0,0.0
26.897434,43.55363,733.0564,0.139922,2.0,23.0,0.0,0.0
26.818876,42.542595,725.9674,0.10096413,2.0,5.0,0.0,0.0
26.81997,42.577915,726.6508,0.10127958,2.0,6.0,0.0,0.0
26.82311,42.61666,727.3145,0.10195511,2.0,7.0,0.0,0.0
26.825424,42.662384,727.7175,0.10268863,2.0,8.0,0.0,0.0
26.830431,42.70759,727.9263,0.10397649,2.0,9.0,0.0,0.0
26.83268,42.752136,728.082,0.105433196,2.0,10.0,0.0,0.0
26.834776,42.803837,728.2534,0.10695218,2.0,11.0,0.0,0.0
26.839289,42.84932,728.43445,0.10920054,2.0,12.0,0.0,0.0
26.843672,42.905685,728.6392,0.111611634,2.0,13.0,0.0,0.0
26.847956,42.971943,728.9196,0.11411732,2.0,14.0,0.0,0.0
26.856152,43.03209,729.2543,0.11788426,2.0,15.0,0.0,0.0
26.857035,43.123016,729.6679,0.11953333,2.0,16.0,0.0,0.0
26.857527,43.209694,730.0433,0.12099238,2.0,17.0,0.0,0.0
26.862522,43.28166,730.47577,0.12380882,2.0,18.0,0.0,0.0
26.865437,43.35759,731.1081,0.12591441,2.0,19.0,0.0,0.0
26.873484,43.403374,731.5724,0.12938634,2.0,20.0,0.0,0.0
26.88117,43.447803,732.02545,0.13271128,2.0,21.0,0.0,0.0
26.887136,43.494156,732.47705,0.13545968,2.0,22.0,0.0,0.0
26.894892,43.526882,732.8056,0.13865332,2.0,23.0,0.0,0.0
26.901152,43.558796,733.12854,0.1413043,2.0,24.0,0.0,0.0
26.818329,42.55373,726.1182,0.100946225,2.0,6.0,0.0,0.0
26.820816,42.580654,726.77545,0.10139596,2.0,7.0,0.0,0.0
26.822737,42.620365,727.3196,0.101935916,2.0,8.0,0.0,0.0
26.826994,42.65567,727.7298,0.10286425,2.0,9.0,0.0,0.0
26.831467,42.700058,727.9175,0.10420828,2.0,10.0,0.0,0.0
26.833437,42.749416,728.0816,0.105647475,2.0,11.0,0.0,0.0
26.837826,42.795803,728.2664,0.10785654,2.0,12.0,0.0,0.0
26.84202,42.848637,728.4481,0.11015225,2.0,13.0,0.0,0.0
26.846655,42.906296,728.66095,0.11267156,2.0,14.0,0.0,0.0
26.855364,42.95773,728.9133,0.11651547,2.0,15.0,0.0,0.0
26.85622,43.050808,729.3358,0.11818537,2.0,16.0,0.0,0.0
26.856722,43.14107,729.73114,0.11969847,2.0,17.0,0.0,0.0
26.861803,43.218296,730.1045,0.122632235,2.0,18.0,0.0,0.0
26.864727,43.29995,730.6527,0.124840364,2.0,19.0,0.0,0.0
26.873085,43.348915,731.1414,0.12846772,2.0,20.0,0.0,0.0
26.88103,43.396805,731.6313,0.1319295,2.0,21.0,0.0,0.0
26.8872,43.446526,732.11743,0.13479593,2.0,22.0,0.0,0.0
26.895187,43.482273,732.4763,0.13811266,2.0,23.0,0.0,0.0
26.90163,43.517017,732.82715,0.14086735,2.0,24.0,0.0,0.0
26.907776,43.547276,733.12616,0.14345856,2.0,25.0,0.0,0.0
26.816843,42.55839,726.0747,0.10077585,2.0,7.0,0.0,0.0
26.817066,42.585056,726.5346,0.100939915,2.0,8.0,0.0,0.0
26.820671,42.61534,727.15216,0.10161508,2.0,9.0,0.0,0.0
26.82511,42.65313,727.66925,0.102546535,2.0,10.0,0.0,0.0
26.829826,42.703686,727.9072,0.10383597,2.0,11.0,0.0,0.0
26.834608,42.748787,728.0936,0.106031984,2.0,12.0,0.0,0.0
26.837532,42.805916,728.2951,0.10791339,2.0,13.0,0.0,0.0
26.841328,42.860924,728.4865,0.110094845,2.0,14.0,0.0,0.0
26.849941,42.905624,728.6874,0.11381425,2.0,15.0,0.0,0.0
26.851044,42.992,729.0421,0.11549252,2.0,16.0,0.0,0.0
26.851442,43.0861,729.4575,0.11702268,2.0,17.0,0.0,0.0
26.856424,43.168102,729.8556,0.11998833,2.0,18.0,0.0,0.0
26.85906,43.258354,730.2817,0.12224848,2.0,19.0,0.0,0.0
26.867249,43.31412,730.77136,0.12593499,2.0,20.0,0.0,0.0
26.875595,43.3653,731.29443,0.12958466,2.0,21.0,0.0,0.0
26.882107,43.418358,731.8161,0.13261479,2.0,22.0,0.0,0.0
26.890488,43.456974,732.2056,0.13610941,2.0,23.0,0.0,0.0
26.897266,43.494396,732.58484,0.13901971,2.0,24.0,0.0,0.0
26.903719,43.526993,732.9081,0.14175077,2.0,25.0,0.0,0.0
26.910036,43.556465,733.207,0.14438918,2.0,26.0,0.0,0.0
26.814425,42.560112,725.8561,0.10048986,2.0,8.0,0.0,0.0
26.816813,42.574944,726.3569,0.10085281,2.0,9.0,0.0,0.0
26.820677,42.607265,727.07245,0.10155726,2.0,10.0,0.0,0.0
26.824747,42.649216,727.6254,0.1024619,2.0,11.0,0.0,0.0
26.832506,42.69527,727.91614,0.1044834,2.0,12.0,0.0,0.0
26.835394,42.750214,728.1072,0.106319785,2.0,13.0,0.0,0.0
26.838266,42.807705,728.3108,0.10819055,2.0,14.0,0.0,0.0
26.8466,42.84732,728.4815,0.11173859,2.0,15.0,0.0,0.0
26.848324,42.92157,728.72986,0.113488436,2.0,16.0,0.0,0.0
26.848896,43.00871,729.08655,0.11499131,2.0,17.0,0.0,0.0
26.85366,43.095814,729.5138,0.11794951,2.0,18.0,0.0,0.0
26.856247,43.191547,729.9593,0.120270796,2.0,19.0,0.0,0.0
26.864138,43.25711,730.28925,0.12403147,2.0,20.0,0.0,0.0
26.872948,43.31165,730.8242,0.12789574,2.0,21.0,0.0,0.0
26.87976,43.368816,731.39044,0.13108811,2.0,22.0,0.0,0.0
26.888512,43.41106,731.8187,0.1347621,2.0,23.0,0.0,0.0
26.895601,43.451927,732.2341,0.13782729,2.0,24.0,0.0,0.0
26.90233,43.487556,732.5885,0.14069821,2.0,25.0,0.0,0.0
26.90891,43.519863,732.9161,0.14346787,2.0,26.0,0.0,0.0
26.914942,43.548977,733.20715,0.1460011,2.0,27.0,0.0,0.0
26.811329,42.54901,725.3614,0.10004744,2.0,9.0,0.0,0.0
26.812485,42.55869,725.69617,0.10021528,2.0,10.0,0.0,0.0
26.815619,42.597645,726.6725,0.10078474,2.0,11.0,0.0,0.0
26.824697,42.64412,727.6061,0.10240137,2.0,12.0,0.0,0.0
26.83101,42.7011,727.9244,0.10406434,2.0,13.0,0.0,0.0
26.833862,42.75656,728.1215,0.10589318,2.0,14.0,0.0,0.0
26.83924,42.805367,728.3248,0.10848648,2.0,15.0,0.0,0.0
26.84097,42.873882,728.54376,0.11015581,2.0,16.0,0.0,0.0
26.84203,42.95054,728.80536,0.111705475,2.0,17.0,0.0,0.0
26.846424,43.036205,729.21783,0.11451024,2.0,18.0,0.0,0.0
26.848583,43.138218,729.6972,0.11676595,2.0,19.0,0.0,0.0
26.855938,43.211563,730.04724,0.1204565,2.0,20.0,0.0,0.0
26.863958,43.279507,730.46155,0.124287784,2.0,21.0,0.0,0.0
26.871277,43.34042,731.04913,0.12771526,2.0,22.0,0.0,0.0
26.880579,43.386314,731.5157,0.1316331,2.0,23.0,0.0,0.0
26.88815,43.430626,731.9668,0.13491574,2.0,24.0,0.0,0.0
26.895323,43.469284,732.35205,0.13798451,2.0,25.0,0.0,0.0
26.90234,43.504353,732.7077,0.14094597,2.0,26.0,0.0,0.0
26.908772,43.535923,733.0235,0.14365545,2.0,27.0,0.0,0.0
26.91419,43.56504,733.3227,0.1459692,2.0,28.0,0.0,0.0
26.808426,42.535286,724.8485,0.09960778,2.0,10.0,0.0,0.0
26.809414,42.549118,725.2273,0.09977905,2.0,11.0,0.0,0.0
26.818138,42.59671,726.7985,0.10113901,2.0,12.0,0.0,0.0
26.824188,42.64806,727.60785,0.102362506,2.0,13.0,0.0,0.0
26.830591,42.70603,727.934,0.10399994,2.0,14.0,0.0,0.0
26.835728,42.75334,728.1381,0.10646963,2.0,15.0,0.0,0.0
26.837011,42.820316,728.34576,0.10795372,2.0,16.0,0.0,0.0
26.838037,42.88957,728.558,0.10938821,2.0,17.0,0.0,0.0
26.841974,42.96467,728.8606,0.11189828,2.0,18.0,0.0,0.0
26.844105,43.066685,729.3348,0.1141445,2.0,19.0,0.0,0.0
26.850952,43.146263,729.7226,0.11773684,2.0,20.0,0.0,0.0
26.858686,43.222534,730.0915,0.1216026,2.0,21.0,0.0,0.0
26.865677,43.293575,730.5781,0.1250967,2.0,22.0,0.0,0.0
26.87553,43.343327,731.0793,0.12926333,2.0,23.0,0.0,0.0
26.883547,43.39164,731.5756,0.132756,2.0,24.0,0.0,0.0
26.891134,43.43384,731.9999,0.13601796,2.0,25.0,0.0,0.0
26.898552,43.472225,732.3917,0.13916655,2.0,26.0,0.0,0.0
26.905354,43.506805,732.73975,0.14204673,2.0,27.0,0.0,0.0
26.911152,43.538616,733.05774,0.14453429,2.0,28.0,0.0,0.0
26.916676,43.565754,733.3489,0.1468544,2.0,29.0,0.0,0.0
26.80556,42.52253,724.36725,0.09924247,2.0,11.0,0.0,0.0
26.812702,42.54551,725.43225,0.10020392,2.0,12.0,0.0,0.0
26.818636,42.6004,726.8784,0.10122995,2.0,13.0,0.0,0.0
26.824469,42.65085,727.6407,0.102424935,2.0,14.0,0.0,0.0
26.833082,42.70076,727.9526,0.104754604,2.0,15.0,0.0,0.0
26.834213,42.765194,728.1505,0.106146395,2.0,16.0,0.0,0.0
26.835167,42.831154,728.3436,0.10750714,2.0,17.0,0.0,0.0
26.838598,42.89942,728.5943,0.10973327,2.0,18.0,0.0,0.0
26.840818,42.98989,728.9571,0.111868575,2.0,19.0,0.0,0.0
26.847275,43.071583,729.3557,0.11534693,2.0,20.0,0.0,0.0
26.854694,43.154217,729.7601,0.119188204,2.0,21.0,0.0,0.0
26.861336,43.23541,730.1545,0.1227344,2.0,22.0,0.0,0.0
26.871485,43.29143,730.59705,0.12711386,2.0,23.0,0.0,0.0
26.879963,43.343826,731.13116,0.13082607,2.0,24.0,0.0,0.0
26.887957,43.389896,731.59845,0.13428237,2.0,25.0,0.0,0.0
26.895771,43.431953,732.0303,0.13762072,2.0,26.0,0.0,0.0
26.902937,43.469913,732.41425,0.14067423,2.0,27.0,0.0,0.0
26.909042,43.504772,732.7641,0.14331189,2.0,28.0,0.0,0.0
26.914934,43.534607,733.0711,0.14580238,2.0,29.0,0.0,0.0
26.91913,43.565914,733.3824,0.14771698,2.0,30.0,0.0,0.0
26.80769,42.515934,724.3528,0.09946384,2.0,12.0,0.0,0.0
26.811733,42.549393,725.415,0.10009655,2.0,13.0,0.0,0.0
26.81735,42.603786,726.8521,0.10106748,2.0,14.0,0.0,0.0
26.827698,42.65299,727.745,0.1029456,2.0,15.0,0.0,0.0
26.830673,42.71584,727.9658,0.104179285,2.0,16.0,0.0,0.0
26.831413,42.77811,728.1472,0.105408914,2.0,17.0,0.0,0.0
26.834991,42.84343,728.3774,0.10763974,2.0,18.0,0.0,0.0
26.837431,42.92319,728.6515,0.10971056,2.0,19.0,0.0,0.0
26.84238,43.002598,729.008,0.11261392,2.0,20.0,0.0,0.0
26.84923,43.088634,729.4319,0.11629425,2.0,21.0,0.0,0.0
26.855644,43.176308,729.85956,0.11985214,2.0,22.0,0.0,0.0
26.86517,43.245068,730.2096,0.12423926,2.0,23.0,0.0,0.0
26.874195,43.302032,730.69617,0.12822089,2.0,24.0,0.0,0.0
26.882664,43.35203,731.2056,0.13189825,2.0,25.0,0.0,0.0
26.890955,43.397896,731.68005,0.13545468,2.0,26.0,0.0,0.0
26.89856,43.43935,732.1021,0.13871078,2.0,27.0,0.0,0.0
26.905048,43.47737,732.48584,0.14152592,2.0,28.0,0.0,0.0
26.911299,43.509995,732.8226,0.14418109,2.0,29.0,0.0,0.0
26.915855,43.543888,733.1494,0.14626093,2.0,30.0,0.0,0.0
26.9215,43.564465,733.4005,0.14852646,2.0,31.0,0.0,0.0
26.807785,42.517975,724.4206,0.09947474,2.0,13.0,0.0,0.0
26.812134,42.552532,725.5346,0.10015036,2.0,14.0,0.0,0.0
26.822546,42.607044,727.2119,0.10179388,2.0,15.0,0.0,0.0
26.825104,42.661327,727.7218,0.102617264,2.0,16.0,0.0,0.0
26.82745,42.722397,727.93024,0.10364416,2.0,17.0,0.0,0.0
26.8321,42.78705,728.1798,0.105781645,2.0,18.0,0.0,0.0
26.83457,42.861713,728.4233,0.107785866,2.0,19.0,0.0,0.0
26.839233,42.93252,728.69434,0.110471025,2.0,20.0,0.0,0.0
26.845781,43.01285,729.0615,0.11397101,2.0,21.0,0.0,0.0
26.852007,43.104282,729.5113,0.11751014,2.0,22.0,0.0,0.0
26.861141,43.18162,729.88104,0.1218939,2.0,23.0,0.0,0.0
26.87019,43.247105,730.27405,0.12602955,2.0,24.0,0.0,0.0
26.879168,43.301365,730.7381,0.12995921,2.0,25.0,0.0,0.0
26.887905,43.351456,731.2603,0.13372847,2.0,26.0,0.0,0.0
26.895924,43.396854,731.7256,0.1371836,2.0,27.0,0.0,0.0
26.90277,43.438473,732.1479,0.1401732,2.0,28.0,0.0,0.0
26.909355,43.47433,732.51874,0.14298993,2.0,29.0,0.0,0.0
26.914198,43.51124,732.8714,0.14521378,2.0,30.0,0.0,0.0
26.920183,43.534225,733.13885,0.14763504,2.0,31.0,0.0,0.0
26.923494,43.563873,733.4285,0.14921443,2.0,32.0,0.0,0.0
26.810766,42.517895,724.8054,0.099809416,2.0,14.0,0.0,0.0
26.8207,42.55949,726.5474,0.10121969,2.0,15.0,0.0,0.0
26.822832,42.607567,727.28094,0.10181302,2.0,16.0,0.0,0.0
26.824415,42.658386,727.7111,0.102468155,2.0,17.0,0.0,0.0
26.831198,42.7249,728.004,0.10449447,2.0,18.0,0.0,0.0
26.83352,42.797974,728.24164,0.10642382,2.0,19.0,0.0,0.0
26.83823,42.86365,728.483,0.10904758,2.0,20.0,0.0,0.0
26.84526,42.933594,728.7466,0.11259726,2.0,21.0,0.0,0.0
26.851786,43.020153,729.154,0.116182245,2.0,22.0,0.0,0.0
26.861053,43.102768,729.551,0.12068867,2.0,23.0,0.0,0.0
26.870321,43.173477,729.9715,0.12497653,2.0,24.0,0.0,0.0
26.879545,43.233475,730.3517,0.12908801,2.0,25.0,0.0,0.0
26.888632,43.288017,730.8266,0.13305666,2.0,26.0,0.0,0.0
26.896915,43.337563,731.3317,0.13666165,2.0,27.0,0.0,0.0
26.903982,43.382984,731.78955,0.1397817,2.0,28.0,0.0,0.0
26.910763,43.42233,732.19196,0.14271696,2.0,29.0,0.0,0.0
26.915747,43.462486,732.5729,0.14503619,2.0,30.0,0.0,0.0
26.92191,43.48827,732.86005,0.14756073,2.0,31.0,0.0,0.0
26.925371,43.520515,733.1613,0.14923345,2.0,32.0,0.0,0.0
26.928577,43.547604,733.41797,0.15074348,2.0,33.0,0.0,0.0
26.819464,42.521427,725.79486,0.10087403,2.0,15.0,0.0,0.0
26.82123,42.557755,726.626,0.1012502,2.0,16.0,0.0,0.0
26.822206,42.59964,727.18726,0.10165974,2.0,17.0,0.0,0.0
26.829525,42.66062,727.8066,0.10333219,2.0,18.0,0.0,0.0
26.832726,42.731678,728.0539,0.10510901,2.0,19.0,0.0,0.0
26.837421,42.796772,728.2887,0.10771876,2.0,20.0,0.0,0.0
26.844427,42.86069,728.5205,0.111173324,2.0,21.0,0.0,0.0
26.851713,42.93412,728.8023,0.11487136,2.0,22.0,0.0,0.0
26.861378,43.013725,729.1712,0.11948221,2.0,23.0,0.0,0.0
26.870926,43.089523,729.6235,0.123940684,2.0,24.0,0.0,0.0
26.88043,43.154408,730.0332,0.1282187,2.0,25.0,0.0,0.0
26.889809,43.214912,730.4183,0.1323909,2.0,26.0,0.0,0.0
26.898405,43.26949,730.8725,0.13619031,2.0,27.0,0.0,0.0
26.905704,43.319206,731.37195,0.13945177,2.0,28.0,0.0,0.0
26.912697,43.36251,731.81146,0.14251631,2.0,29.0,0.0,0.0
26.917831,43.406357,732.22534,0.14493962,2.0,30.0,0.0,0.0
26.924004,43.43611,732.5438,0.14752439,2.0,31.0,0.0,0.0
26.92746,43.472073,732.8657,0.14925072,2.0,32.0,0.0,0.0
26.930767,43.50188,733.13544,0.15083784,2.0,33.0,0.0,0.0
26.933224,43.53262,733.4027,0.1521413,2.0,34.0,0.0,0.0
26.817106,42.52241,725.6307,0.1005643,2.0,16.0,0.0,0.0
26.816868,42.54619,726.03894,0.1006447,2.0,17.0,0.0,0.0
26.823982,42.607708,727.3866,0.10195315,2.0,18.0,0.0,0.0
26.829212,42.676025,727.8466,0.10344777,2.0,19.0,0.0,0.0
26.834862,42.738934,728.0932,0.10594797,2.0,20.0,0.0,0.0
26.840515,42.805054,728.3283,0.1089349,2.0,21.0,0.0,0.0
26.84747,42.872322,728.5758,0.112425506,2.0,22.0,0.0,0.0
26.857546,42.94105,728.836,0.117053896,2.0,23.0,0.0,0.0
26.866747,43.01996,729.24854,0.12146211,2.0,24.0,0.0,0.0
26.876652,43.089577,729.6904,0.1259466,2.0,25.0,0.0,0.0
26.886469,43.1551,730.1087,0.13034269,2.0,26.0,0.0,0.0
26.895525,43.215195,730.48645,0.1343969,2.0,27.0,0.0,0.0
26.903234,43.269814,730.9519,0.13788073,2.0,28.0,0.0,0.0
26.910604,43.31717,731.43494,0.1411326,2.0,29.0,0.0,0.0
26.916033,43.36482,731.88745,0.1437115,2.0,30.0,0.0,0.0
26.92253,43.397694,732.23846,0.14645298,2.0,31.0,0.0,0.0
26.92619,43.43671,732.58966,0.14829357,2.0,32.0,0.0,0.0
26.92972,43.4691,732.8777,0.14999746,2.0,33.0,0.0,0.0
26.932367,43.502213,733.1601,0.15140335,2.0,34.0,0.0,0.0
26.935413,43.528072,733.40295,0.1528403,2.0,35.0,0.0,0.0
26.812016,42.50649,724.8186,0.09987053,2.0,17.0,0.0,0.0
26.818193,42.554363,726.31287,0.100847326,2.0,18.0,0.0,0.0
26.822962,42.618656,727.42694,0.10189686,2.0,19.0,0.0,0.0
26.832088,42.681915,727.8953,0.104118705,2.0,20.0,0.0,0.0
26.8368,42.747,728.1312,0.10673356,2.0,21.0,0.0,0.0
26.842752,42.812557,728.36127,0.10984112,2.0,22.0,0.0,0.0
26.852524,42.87586,728.5948,0.11428007,2.0,23.0,0.0,0.0
26.861809,42.94625,728.867,0.11864745,2.0,24.0,0.0,0.0
26.871939,43.016556,729.2855,0.12323588,2.0,25.0,0.0,0.0
26.882248,43.0875,729.7414,0.12787986,2.0,26.0,0.0,0.0
26.891796,43.153095,730.156,0.13218303,2.0,27.0,0.0,0.0
26.900005,43.213528,730.5302,0.13594235,2.0,28.0,0.0,0.0
26.907827,43.266197,730.98804,0.13943589,2.0,29.0,0.0,0.0
26.91361,43.318317,731.48816,0.14220025,2.0,30.0,0.0,0.0
26.920532,43.354702,731.87866,0.14513856,2.0,31.0,0.0,0.0
26.924446,43.39732,732.2657,0.14711764,2.0,32.0,0.0,0.0
26.928204,43.432762,732.58356,0.14894377,2.0,33.0,0.0,0.0
26.931099,43.468674,732.8833,0.15047762,2.0,34.0,0.0,0.0
26.934357,43.49694,733.1448,0.15202455,2.0,35.0,0.0,0.0
26.938002,43.516808,733.34863,0.15358537,2.0,36.0,0.0,0.0
26.813175,42.51093,725.03784,0.10002425,2.0,18.0,0.0,0.0
26.817188,42.56377,726.40643,0.100756444,2.0,19.0,0.0,0.0
26.826527,42.624527,727.595,0.102472626,2.0,20.0,0.0,0.0
26.834013,42.68701,727.9372,0.104842044,2.0,21.0,0.0,0.0
26.83849,42.753956,728.16064,0.10743215,2.0,22.0,0.0,0.0
26.847435,42.81371,728.3769,0.11152076,2.0,23.0,0.0,0.0
26.856838,42.87745,728.6148,0.11583585,2.0,24.0,0.0,0.0
26.866812,42.942776,728.8922,0.120359525,2.0,25.0,0.0,0.0
26.877832,43.012253,729.336,0.12523651,2.0,26.0,0.0,0.0
26.887886,43.08362,729.7896,0.12979753,2.0,27.0,0.0,0.0
26.896557,43.149746,730.20105,0.13379857,2.0,28.0,0.0,0.0
26.904915,43.2082,730.5693,0.13758013,2.0,29.0,0.0,0.0
26.911066,43.26607,731.045,0.1405622,2.0,30.0,0.0,0.0
26.918438,43.306488,731.4805,0.14371324,2.0,31.0,0.0,0.0
26.922628,43.353165,731.9081,0.14584503,2.0,32.0,0.0,0.0
26.926636,43.392056,732.25964,0.1478063,2.0,33.0,0.0,0.0
26.92973,43.431145,732.5891,0.1494552,2.0,34.0,0.0,0.0
26.93325,43.462143,732.86707,0.15113553,2.0,35.0,0.0,0.0
26.937119,43.484287,733.08844,0.15280811,2.0,36.0,0.0,0.0
26.9399,43.50657,733.30206,0.15410033,2.0,37.0,0.0,0.0
26.810638,42.520878,724.9876,0.099747725,2.0,19.0,0.0,0.0
26.819191,42.572083,726.64575,0.10108117,2.0,20.0,0.0,0.0
26.828594,42.63251,727.72205,0.10284638,2.0,21.0,0.0,0.0
26.834427,42.694477,727.962,0.10510089,2.0,22.0,0.0,0.0
26.841122,42.758614,728.1784,0.10843996,2.0,23.0,0.0,0.0
26.849606,42.818146,728.398,0.1123589,2.0,24.0,0.0,0.0
26.859098,42.880745,728.6303,0.116690546,2.0,25.0,0.0,0.0
26.870274,42.9459,728.9422,0.12162039,2.0,26.0,0.0,0.0
26.881119,43.016567,729.3908,0.12645237,2.0,27.0,0.0,0.0
26.890347,43.08869,729.84265,0.13073236,2.0,28.0,0.0,0.0
26.899277,43.152973,730.2495,0.13479683,2.0,29.0,0.0,0.0
26.90597,43.216988,730.6243,0.13807727,2.0,30.0,0.0,0.0
26.913963,43.262028,731.0653,0.14151375,2.0,31.0,0.0,0.0
26.918646,43.312546,731.5367,0.14387117,2.0,32.0,0.0,0.0
26.923,43.355194,731.92633,0.14600597,2.0,33.0,0.0,0.0
26.926382,43.39776,732.28955,0.14780426,2.0,34.0,0.0,0.0
26.930191,43.431725,732.5965,0.14962687,2.0,35.0,0.0,0.0
26.934385,43.4563,732.83527,0.15144977,2.0,36.0,0.0,0.0
26.937418,43.480766,733.0658,0.15286256,2.0,37.0,0.0,0.0
26.938793,43.50803,733.28534,0.15373912,2.0,38.0,0.0,0.0
26.812954,42.528236,725.2925,0.100092925,2.0,20.0,0.0,0.0
26.822084,42.583927,726.9888,0.10154802,2.0,21.0,0.0,0.0
26.829916,42.63898,727.76166,0.10313616,2.0,22.0,0.0,0.0
26.836218,42.702488,728.0041,0.10582946,2.0,23.0,0.0,0.0
26.843435,42.762325,728.2017,0.109313115,2.0,24.0,0.0,0.0
26.852552,42.819023,728.4082,0.11342007,2.0,25.0,0.0,0.0
26.862759,42.88477,728.6552,0.118053526,2.0,26.0,0.0,0.0
26.874472,42.94849,729.0,0.12312981,2.0,27.0,0.0,0.0
26.884418,43.020515,729.4526,0.12766331,2.0,28.0,0.0,0.0
26.893917,43.090855,729.90015,0.13201101,2.0,29.0,0.0,0.0
26.90109,43.160786,730.3107,0.13554442,2.0,30.0,0.0,0.0
26.909687,43.21155,730.654,0.13929273,2.0,31.0,0.0,0.0
26.914793,43.267185,731.12915,0.14187355,2.0,32.0,0.0,0.0
26.919601,43.313423,731.5592,0.14421684,2.0,33.0,0.0,0.0
26.923279,43.359806,731.9596,0.1461716,2.0,34.0,0.0,0.0
26.927382,43.397053,732.29877,0.14814349,2.0,35.0,0.0,0.0
26.931862,43.424347,732.5645,0.15010488,2.0,36.0,0.0,0.0
26.935175,43.45126,732.8106,0.15165246,2.0,37.0,0.0,0.0
26.936733,43.4808,733.0471,0.15262744,2.0,38.0,0.0,0.0
26.93854,43.49634,733.19446,0.15348135,2.0,39.0,0.0,0.0
26.81546,42.541958,725.7406,0.10048628,2.0,21.0,0.0,0.0
26.823055,42.591507,727.1202,0.10173579,2.0,22.0,0.0,0.0
26.83268,42.649223,727.8238,0.103785135,2.0,23.0,0.0,0.0
26.837605,42.707706,728.02234,0.10639879,2.0,24.0,0.0,0.0
26.845417,42.763275,728.2102,0.11003004,2.0,25.0,0.0,0.0
26.855562,42.822037,728.4214,0.11454003,2.0,26.0,0.0,0.0
26.866276,42.887127,728.68616,0.11933295,2.0,27.0,0.0,0.0
26.877293,42.951797,729.0436,0.12416863,2.0,28.0,0.0,0.0
26.887583,43.02253,729.49646,0.12880234,2.0,29.0,0.0,0.0
26.89527,43.099064,729.9503,0.13260785,2.0,30.0,0.0,0.0
26.904512,43.15531,730.32855,0.13666132,2.0,31.0,0.0,0.0
26.91009,43.21755,730.68567,0.1395224,2.0,32.0,0.0,0.0
26.915384,43.26834,731.1365,0.14210111,2.0,33.0,0.0,0.0
26.919506,43.318542,731.5792,0.14426391,2.0,34.0,0.0,0.0
26.92396,43.35953,731.9569,0.14640985,2.0,35.0,0.0,0.0
26.92878,43.389923,732.25476,0.14853331,2.0,36.0,0.0,0.0
26.932362,43.419632,732.5289,0.1502145,2.0,37.0,0.0,0.0
26.934177,43.451775,732.78015,0.15131876,2.0,38.0,0.0,0.0
26.93619,43.469334,732.94446,0.15227519,2.0,39.0,0.0,0.0
26.939669,43.463497,733.0254,0.1533804,2.0,40.0,0.0,0.0
26.81692,42.551624,726.05084,0.10071502,2.0,22.0,0.0,0.0
26.826677,42.60189,727.37805,0.102334514,2.0,23.0,0.0,0.0
26.833767,42.64952,727.8403,0.104151905,2.0,24.0,0.0,0.0
26.839378,42.70329,728.01794,0.10695409,2.0,25.0,0.0,0.0
26.848425,42.760708,728.2171,0.11105341,2.0,26.0,0.0,0.0
26.85878,42.820667,728.4219,0.1156657,2.0,27.0,0.0,0.0
26.869528,42.882862,728.7066,0.12040861,2.0,28.0,0.0,0.0
26.88097,42.946774,729.0664,0.1253822,2.0,29.0,0.0,0.0
26.889383,43.024284,729.5249,0.12945943,2.0,30.0,0.0,0.0
26.899286,43.08708,729.94855,0.13383497,2.0,31.0,0.0,0.0
26.905367,43.155457,730.3398,0.13696192,2.0,32.0,0.0,0.0
26.911123,43.21293,730.6743,0.13981856,2.0,33.0,0.0,0.0
26.915632,43.26859,731.12695,0.14219663,2.0,34.0,0.0,0.0
26.920582,43.313377,731.54834,0.14456898,2.0,35.0,0.0,0.0
26.925774,43.347473,731.8849,0.14687376,2.0,36.0,0.0,0.0
26.929651,43.38052,732.1925,0.14870456,2.0,37.0,0.0,0.0
26.931677,43.415775,732.4728,0.14992586,2.0,38.0,0.0,0.0
26.933939,43.43581,732.6544,0.15100627,2.0,39.0,0.0,0.0
26.937698,43.431633,732.7486,0.15223378,2.0,40.0,0.0,0.0
26.939043,43.464138,732.997,0.15317942,2.0,41.0,0.0,0.0
26.819357,42.56837,726.44006,0.10115575,2.0,23.0,0.0,0.0
26.82713,42.604782,727.41223,0.102427565,2.0,24.0,0.0,0.0
26.833763,42.646965,727.83057,0.104110554,2.0,25.0,0.0,0.0
26.840118,42.70417,728.02106,0.107230105,2.0,26.0,0.0,0.0
26.849495,42.763107,728.2245,0.11147305,2.0,27.0,0.0,0.0
26.859238,42.82379,728.43164,0.11587792,2.0,28.0,0.0,0.0
26.870638,42.885433,728.727,0.12083788,2.0,29.0,0.0,0.0
26.880156,42.95766,729.1018,0.12525983,2.0,30.0,0.0,0.0
26.891035,43.021156,729.53357,0.12998992,2.0,31.0,0.0,0.0
26.897678,43.096703,729.9709,0.1334149,2.0,32.0,0.0,0.0
26.904022,43.159977,730.3378,0.13656147,2.0,33.0,0.0,0.0
26.909018,43.222507,730.6818,0.13922906,2.0,34.0,0.0,0.0
26.914541,43.272053,731.1263,0.14186981,2.0,35.0,0.0,0.0
26.920458,43.30895,731.5019,0.14446531,2.0,36.0,0.0,0.0
26.924734,43.345615,731.8475,0.14648676,2.0,37.0,0.0,0.0
26.92706,43.384243,732.1604,0.1478601,2.0,38.0,0.0,0.0
26.92962,43.406914,732.3688,0.14908193,2.0,39.0,0.0,0.0
26.93371,43.404438,732.48474,0.1504487,2.0,40.0,0.0,0.0
26.935328,43.439293,732.7438,0.15152644,2.0,41.0,0.0,0.0
26.93663,43.475,733.0151,0.15250364,2.0,42.0,0.0,0.0
26.81975,42.57176,726.482,0.10124315,2.0,24.0,0.0,0.0
26.826937,42.601875,727.3344,0.10239937,2.0,25.0,0.0,0.0
26.834051,42.648468,727.8331,0.10423298,2.0,26.0,0.0,0.0
26.84075,42.707073,728.0255,0.10750287,2.0,27.0,0.0,0.0
26.84979,42.76601,728.22876,0.111627266,2.0,28.0,0.0,0.0
26.860039,42.82703,728.4399,0.11621577,2.0,29.0,0.0,0.0
26.86967,42.895355,728.74426,0.12065461,2.0,30.0,0.0,0.0
26.881813,42.95453,729.1055,0.12579478,2.0,31.0,0.0,0.0
26.88926,43.030857,729.54785,0.12951571,2.0,32.0,0.0,0.0
26.89618,43.101086,729.9605,0.13296269,2.0,33.0,0.0,0.0
26.901743,43.169724,730.3369,0.13591848,2.0,34.0,0.0,0.0
26.907827,43.226135,730.6721,0.13887341,2.0,35.0,0.0,0.0
26.91434,43.267723,731.0692,0.14174467,2.0,36.0,0.0,0.0
26.919271,43.30749,731.4558,0.14403631,2.0,37.0,0.0,0.0
26.921986,43.34972,731.80664,0.14559613,2.0,38.0,0.0,0.0
26.92491,43.375313,732.0463,0.14698584,2.0,39.0,0.0,0.0
26.929382,43.37479,732.18823,0.14851233,2.0,40.0,0.0,0.0
26.931232,43.412308,732.47076,0.14970993,2.0,41.0,0.0,0.0
26.932804,43.450527,732.7559,0.15081996,2.0,42.0,0.0,0.0
26.93586,43.477486,733.00024,0.15227838,2.0,43.0,0.0,0.0
26.816925,42.561607,725.9905,0.100863054,2.0,25.0,0.0,0.0
26.825432,42.6013,727.23114,0.10219397,2.0,26.0,0.0,0.0
26.833355,42.651722,727.82825,0.10405501,2.0,27.0,0.0,0.0
26.839092,42.71214,728.0292,0.10700146,2.0,28.0,0.0,0.0
26.8483,42.77311,728.2415,0.11121285,2.0,29.0,0.0,0.0
26.857023,42.84089,728.4799,0.11535444,2.0,30.0,0.0,0.0
26.868616,42.901535,728.7617,0.12037315,2.0,31.0,0.0,0.0
26.877071,42.976536,729.154,0.124455236,2.0,32.0,0.0,0.0
26.88486,43.04756,729.57074,0.12822172,2.0,33.0,0.0,0.0
26.89103,43.12339,729.9916,0.13149235,2.0,34.0,0.0,0.0
26.897839,43.185574,730.35754,0.134787,2.0,35.0,0.0,0.0
26.905031,43.23336,730.6692,0.13800205,2.0,36.0,0.0,0.0
26.910532,43.277794,731.0895,0.14055958,2.0,37.0,0.0,0.0
26.913689,43.32422,731.4819,0.1423336,2.0,38.0,0.0,0.0
26.917173,43.35251,731.75323,0.14395624,2.0,39.0,0.0,0.0
26.922499,43.352154,731.91547,0.14578056,2.0,40.0,0.0,0.0
26.924686,43.392323,732.22375,0.14713442,2.0,41.0,0.0,0.0
26.926575,43.43315,732.5291,0.14839363,2.0,42.0,0.0,0.0
26.92999,43.46228,732.79236,0.15001035,2.0,43.0,0.0,0.0
26.93367,43.488,733.03687,0.15166852,2.0,44.0,0.0,0.0
26.815437,42.556664,725.7044,0.100678176,2.0,26.0,0.0,0.0
26.824492,42.60381,727.1714,0.10209836,2.0,27.0,0.0,0.0
26.832584,42.654404,727.8181,0.103844404,2.0,28.0,0.0,0.0
26.838318,42.717857,728.03424,0.106823735,2.0,29.0,0.0,0.0
26.845821,42.785023,728.26166,0.11052352,2.0,30.0,0.0,0.0
26.856941,42.84401,728.4886,0.11537503,2.0,31.0,0.0,0.0
26.86466,42.91887,728.77045,0.11925566,2.0,32.0,0.0,0.0
26.873384,42.98963,729.1548,0.123366304,2.0,33.0,0.0,0.0
26.880384,43.066032,729.5779,0.12694073,2.0,34.0,0.0,0.0
26.887888,43.135345,729.9911,0.13057904,2.0,35.0,0.0,0.0
26.89587,43.188534,730.3331,0.13415124,2.0,36.0,0.0,0.0
26.901976,43.23966,730.64703,0.13703413,2.0,37.0,0.0,0.0
26.905598,43.29117,731.0774,0.13904302,2.0,38.0,0.0,0.0
26.909578,43.32325,731.3908,0.14089124,2.0,39.0,0.0,0.0
26.915464,43.325222,731.5867,0.1429422,2.0,40.0,0.0,0.0
26.917965,43.36867,731.927,0.14445087,2.0,41.0,0.0,0.0
26.920153,43.41249,732.2616,0.14585742,2.0,42.0,0.0,0.0
26.924166,43.443108,732.5399,0.1477055,2.0,43.0,0.0,0.0
26.92839,43.470154,732.80396,0.14957298,2.0,44.0,0.0,0.0
26.931698,43.4981,733.06226,0.15113257,2.0,45.0,0.0,0.0
26.817116,42.55113,725.6972,0.10089231,2.0,27.0,0.0,0.0
26.826174,42.602848,727.2276,0.10233791,2.0,28.0,0.0,0.0
26.83376,42.65409,727.83075,0.10423171,2.0,29.0,0.0,0.0
26.83932,42.72015,728.03815,0.10721767,2.0,30.0,0.0,0.0
26.849707,42.77749,728.2496,0.111787885,2.0,31.0,0.0,0.0
26.857681,42.845547,728.4858,0.11566933,2.0,32.0,0.0,0.0
26.86571,42.915276,728.7587,0.1195771,2.0,33.0,0.0,0.0
26.87359,42.98986,729.13,0.12345952,2.0,34.0,0.0,0.0
26.881924,43.059193,729.5442,0.1273928,2.0,35.0,0.0,0.0
26.890568,43.11848,729.9285,0.13128097,2.0,36.0,0.0,0.0
26.897257,43.175434,730.2745,0.1344542,2.0,37.0,0.0,0.0
26.901276,43.23416,730.5864,0.13672523,2.0,38.0,0.0,0.0
26.905643,43.271664,730.8968,0.13878989,2.0,39.0,0.0,0.0
26.911993,43.27693,731.1368,0.14104602,2.0,40.0,0.0,0.0
26.914738,43.324215,731.516,0.14269282,2.0,41.0,0.0,0.0
26.917135,43.371696,731.88715,0.14422359,2.0,42.0,0.0,0.0
26.921415,43.405464,732.19916,0.14620781,2.0,43.0,0.0,0.0
26.926027,43.43502,732.48517,0.14824763,2.0,44.0,0.0,0.0
26.92963,43.465557,732.76404,0.1499478,2.0,45.0,0.0,0.0
26.931284,43.5023,733.05707,0.1510592,2.0,46.0,0.0,0.0
26.816269,42.545105,725.43677,0.100789785,2.0,28.0,0.0,0.0
26.826595,42.606842,727.2569,0.10244319,2.0,29.0,0.0,0.0
26.833302,42.66157,727.8353,0.10420482,2.0,30.0,0.0,0.0
26.840523,42.72208,728.04803,0.1076733,2.0,31.0,0.0,0.0
26.848167,42.78846,728.26575,0.11142137,2.0,32.0,0.0,0.0
26.856298,42.853203,728.49786,0.11530189,2.0,33.0,0.0,0.0
26.863258,42.929962,728.77435,0.11894807,2.0,34.0,0.0,0.0
26.872303,42.999584,729.14044,0.12316336,2.0,35.0,0.0,0.0
26.881876,43.05948,729.5313,0.12738909,2.0,36.0,0.0,0.0
26.889261,43.12112,729.90906,0.13087201,2.0,37.0,0.0,0.0
26.893812,43.185776,730.2535,0.13341609,2.0,38.0,0.0,0.0
26.89874,43.22874,730.51624,0.13576695,2.0,39.0,0.0,0.0
26.905668,43.238323,730.71265,0.13829328,2.0,40.0,0.0,0.0
26.90873,43.289593,731.13293,0.14010735,2.0,41.0,0.0,0.0
26.911419,43.340782,731.5415,0.14179043,2.0,42.0,0.0,0.0
26.91606,43.377663,731.88776,0.14394403,2.0,43.0,0.0,0.0
26.921041,43.410034,732.2054,0.14615151,2.0,44.0,0.0,0.0
26.925173,43.44215,732.50653,0.14805879,2.0,45.0,0.0,0.0
26.927183,43.481113,732.8155,0.14932787,2.0,46.0,0.0,0.0
26.930756,43.50453,733.04126,0.1509154,2.0,47.0,0.0,0.0
26.821102,42.540115,725.7727,0.10138734,2.0,29.0,0.0,0.0
26.830023,42.60134,727.39655,0.10287717,2.0,30.0,0.0,0.0
26.837118,42.64687,727.8421,0.10527899,2.0,31.0,0.0,0.0
26.843811,42.70989,728.04236,0.108634,2.0,32.0,0.0,0.0
26.852018,42.77243,728.2468,0.112526104,2.0,33.0,0.0,0.0
26.859417,42.842045,728.473,0.11623777,2.0,34.0,0.0,0.0
26.868351,42.91012,728.7642,0.1204305,2.0,35.0,0.0,0.0
26.878979,42.96662,729.08813,0.12500621,2.0,36.0,0.0,0.0
26.88699,43.030846,729.4788,0.12874915,2.0,37.0,0.0,0.0
26.892004,43.099236,729.84247,0.1315116,2.0,38.0,0.0,0.0
26.89731,43.148785,730.14154,0.1340892,2.0,39.0,0.0,0.0
26.904713,43.162994,730.35443,0.13685176,2.0,40.0,0.0,0.0
26.907944,43.221027,730.64966,0.13883981,2.0,41.0,0.0,0.0
26.910784,43.277386,731.0578,0.14065357,2.0,42.0,0.0,0.0
26.915632,43.31852,731.4465,0.142938,2.0,43.0,0.0,0.0
26.92081,43.355007,731.80457,0.14527199,2.0,44.0,0.0,0.0
26.925064,43.39118,732.1432,0.14727779,2.0,45.0,0.0,0.0
26.927114,43.434166,732.4825,0.14861976,2.0,46.0,0.0,0.0
26.930855,43.4606,732.72845,0.15030985,2.0,47.0,0.0,0.0
26.932562,43.493538,732.9905,0.1513856,2.0,48.0,0.0,0.0
26.826021,42.53076,726.0752,0.10195934,2.0,30.0,0.0,0.0
26.835903,42.581474,727.5678,0.1039635,2.0,31.0,0.0,0.0
26.841381,42.624954,727.827,0.10641882,2.0,32.0,0.0,0.0
26.849062,42.683212,728.01526,0.1100558,2.0,33.0,0.0,0.0
26.856388,42.752724,728.2295,0.11374988,2.0,34.0,0.0,0.0
26.865263,42.816673,728.45135,0.117895104,2.0,35.0,0.0,0.0
26.876705,42.870094,728.7469,0.122730404,2.0,36.0,0.0,0.0
26.88581,42.9277,729.0495,0.12679689,2.0,37.0,0.0,0.0
26.89127,43.001343,729.42053,0.12980041,2.0,38.0,0.0,0.0
26.897095,43.052914,729.72675,0.13259207,2.0,39.0,0.0,0.0
26.904875,43.073174,729.9768,0.13557261,2.0,40.0,0.0,0.0
26.90837,43.13629,730.2907,0.1377315,2.0,41.0,0.0,0.0
26.911335,43.199417,730.60376,0.13970314,2.0,42.0,0.0,0.0
26.916328,43.246677,730.94696,0.14213473,2.0,43.0,0.0,0.0
26.921637,43.28823,731.35156,0.14458412,2.0,44.0,0.0,0.0
26.925817,43.33009,731.73627,0.14664586,2.0,45.0,0.0,0.0
26.927927,43.37748,732.113,0.14807011,2.0,46.0,0.0,0.0
26.931763,43.40757,732.3901,0.14984602,2.0,47.0,0.0,0.0
26.933542,43.44386,732.67523,0.15099658,2.0,48.0,0.0,0.0
26.93774,43.462906,732.8596,0.1527457,2.0,49.0,0.0,0.0
26.83293,42.522995,726.47144,0.10295372,2.0,31.0,0.0,0.0
26.83945,42.56489,727.6022,0.10487981,2.0,32.0,0.0,0.0
26.845907,42.604916,727.8067,0.10769235,2.0,33.0,0.0,0.0
26.85277,42.67027,728.00726,0.11115649,2.0,34.0,0.0,0.0
26.86127,42.737465,728.22424,0.11522672,2.0,35.0,0.0,0.0
26.87267,42.787174,728.4763,0.12000878,2.0,36.0,0.0,0.0
26.8826,42.84363,728.7463,0.12437689,2.0,37.0,0.0,0.0
26.889204,42.907967,729.0252,0.12768213,2.0,38.0,0.0,0.0
26.895456,42.966965,729.3437,0.13074288,2.0,39.0,0.0,0.0
26.903805,42.98907,729.6045,0.13395077,2.0,40.0,0.0,0.0
26.907633,43.054688,729.9299,0.13626492,2.0,41.0,0.0,0.0
26.91085,43.12283,730.26324,0.13840002,2.0,42.0,0.0,0.0
26.916061,43.17586,730.5714,0.14100072,2.0,43.0,0.0,0.0
26.921375,43.22485,730.8889,0.14357291,2.0,44.0,0.0,0.0
26.925705,43.27151,731.3192,0.14575318,2.0,45.0,0.0,0.0
26.927902,43.323467,731.73676,0.14727224,2.0,46.0,0.0,0.0
26.931868,43.35728,732.04736,0.149146,2.0,47.0,0.0,0.0
26.933722,43.396996,732.3616,0.15037094,2.0,48.0,0.0,0.0
26.938053,43.418835,732.5697,0.15220603,2.0,49.0,0.0,0.0
26.940994,43.443657,732.79144,0.15359516,2.0,50.0,0.0,0.0
26.830208,42.518814,726.1105,0.1025281,2.0,32.0,0.0,0.0
26.837698,42.567078,727.5194,0.10439613,2.0,33.0,0.0,0.0
26.843353,42.615593,727.812,0.106968865,2.0,34.0,0.0,0.0
26.851767,42.678818,728.0175,0.11094277,2.0,35.0,0.0,0.0
26.861383,42.740242,728.22784,0.11531379,2.0,36.0,0.0,0.0
26.871243,42.793903,728.4723,0.11961994,2.0,37.0,0.0,0.0
26.87864,42.85974,728.7379,0.123248525,2.0,38.0,0.0,0.0
26.886272,42.909027,728.9903,0.12667543,2.0,39.0,0.0,0.0
26.895489,42.935993,729.2564,0.13026783,2.0,40.0,0.0,0.0
26.899817,43.00433,729.59705,0.13279702,2.0,41.0,0.0,0.0
26.903538,43.0739,729.93744,0.13513249,2.0,42.0,0.0,0.0
26.909273,43.131332,730.2688,0.13798198,2.0,43.0,0.0,0.0
26.915272,43.183895,730.589,0.14084795,2.0,44.0,0.0,0.0
26.920158,43.23527,730.9375,0.14330195,2.0,45.0,0.0,0.0
26.922678,43.291218,731.39716,0.14498864,2.0,46.0,0.0,0.0
26.927015,43.328175,731.7426,0.14703609,2.0,47.0,0.0,0.0
26.92914,43.370872,732.0869,0.14839655,2.0,48.0,0.0,0.0
26.933817,43.39491,732.3192,0.15038416,2.0,49.0,0.0,0.0
26.937037,43.42182,732.5627,0.15189952,2.0,50.0,0.0,0.0
26.939447,43.448994,732.7948,0.15313588,2.0,51.0,0.0,0.0
26.82624,42.49961,725.315,0.101938844,2.0,33.0,0.0,0.0
26.834866,42.5724,727.33826,0.10368401,2.0,34.0,0.0,0.0
26.841877,42.62198,727.81036,0.106557235,2.0,35.0,0.0,0.0
26.851484,42.679577,728.00964,0.11086192,2.0,36.0,0.0,0.0
26.859957,42.74331,728.2203,0.11486551,2.0,37.0,0.0,0.0
26.866888,42.808678,728.4449,0.11834165,2.0,38.0,0.0,0.0
26.875261,42.86111,728.69775,0.12209099,2.0,39.0,0.0,0.0
26.885988,42.87861,728.914,0.1260912,2.0,40.0,0.0,0.0
26.891022,42.948635,729.22266,0.12891391,2.0,41.0,0.0,0.0
26.895235,43.021442,729.5819,0.13146904,2.0,42.0,0.0,0.0
26.901648,43.079647,729.91956,0.13456815,2.0,43.0,0.0,0.0
26.908247,43.136948,730.26654,0.13771452,2.0,44.0,0.0,0.0
26.913721,43.193016,730.59796,0.14044765,2.0,45.0,0.0,0.0
26.916645,43.254513,730.99365,0.1423652,2.0,46.0,0.0,0.0
26.92159,43.29419,731.37823,0.14466037,2.0,47.0,0.0,0.0
26.924019,43.340374,731.75964,0.14617516,2.0,48.0,0.0,0.0
26.929098,43.36699,732.0214,0.14833851,2.0,49.0,0.0,0.0
26.932638,43.39634,732.29144,0.14999938,2.0,50.0,0.0,0.0
26.935314,43.42577,732.5471,0.15136053,2.0,51.0,0.0,0.0
26.939186,43.44438,732.7469,0.15298103,2.0,52.0,0.0,0.0
26.821278,42.486874,724.4921,0.101311356,2.0,34.0,0.0,0.0
26.832834,42.57853,727.23004,0.103193134,2.0,35.0,0.0,0.0
26.840582,42.62664,727.80756,0.10618088,2.0,36.0,0.0,0.0
26.848907,42.687363,728.00854,0.11008111,2.0,37.0,0.0,0.0
26.855492,42.757915,728.2218,0.11352957,2.0,38.0,0.0,0.0
26.86285,42.815575,728.41113,0.11704334,2.0,39.0,0.0,0.0
26.873953,42.836845,728.6354,0.12123823,2.0,40.0,0.0,0.0
26.88001,42.899105,728.8955,0.124323785,2.0,41.0,0.0,0.0
26.884966,42.972454,729.21893,0.1271682,2.0,42.0,0.0,0.0
26.892038,43.03376,729.5783,0.13054353,2.0,43.0,0.0,0.0
26.899424,43.09164,729.93195,0.13397512,2.0,44.0,0.0,0.0
26.90553,43.15235,730.29004,0.13699858,2.0,45.0,0.0,0.0
26.908892,43.219574,730.6371,0.13916099,2.0,46.0,0.0,0.0
26.914429,43.26323,731.0016,0.14172518,2.0,47.0,0.0,0.0
26.917326,43.31265,731.42175,0.1434474,2.0,48.0,0.0,0.0
26.923101,43.34084,731.71155,0.14587483,2.0,49.0,0.0,0.0
26.927029,43.372772,732.01086,0.14770739,2.0,50.0,0.0,0.0
26.93003,43.404602,732.2924,0.14921586,2.0,51.0,0.0,0.0
26.934267,43.42508,732.5142,0.15098931,2.0,52.0,0.0,0.0
26.937342,43.4469,732.73456,0.15237461,2.0,53.0,0.0,0.0
26.821169,42.47985,724.28864,0.10129435,2.0,35.0,0.0,0.0
26.834229,42.57665,727.268,0.10360896,2.0,36.0,0.0,0.0
26.841597,42.625603,727.8026,0.10652815,2.0,37.0,0.0,0.0
26.84796,42.694588,728.0093,0.10987091,2.0,38.0,0.0,0.0
26.855576,42.75403,728.2072,0.11350123,2.0,39.0,0.0,0.0
26.865839,42.780365,728.38165,0.11751128,2.0,40.0,0.0,0.0
26.87203,42.843784,728.616,0.12068585,2.0,41.0,0.0,0.0
26.877855,42.909397,728.8842,0.12374123,2.0,42.0,0.0,0.0
26.88575,42.969322,729.1957,0.12740827,2.0,43.0,0.0,0.0
26.893703,43.03003,729.5692,0.1310799,2.0,44.0,0.0,0.0
26.900389,43.091866,729.9357,0.13432252,2.0,45.0,0.0,0.0
26.904093,43.164547,730.3092,0.13668576,2.0,46.0,0.0,0.0
26.910019,43.213654,730.61487,0.1394746,2.0,47.0,0.0,0.0
26.913136,43.268604,730.99615,0.14136025,2.0,48.0,0.0,0.0
26.919462,43.29931,731.3219,0.14401273,2.0,49.0,0.0,0.0
26.923706,43.334373,731.65625,0.14599875,2.0,50.0,0.0,0.0
26.92696,43.36918,731.96893,0.1476365,2.0,51.0,0.0,0.0
26.9315,43.392056,732.21735,0.14954826,2.0,52.0,0.0,0.0
26.93481,43.41615,732.4619,0.15104848,2.0,53.0,0.0,0.0
26.935661,43.449333,732.69244,0.15183464,2.0,54.0,0.0,0.0
26.825083,42.47169,724.43164,0.101795554,2.0,36.0,0.0,0.0
26.838161,42.56723,727.4055,0.10468428,2.0,37.0,0.0,0.0
26.84369,42.623592,727.8014,0.10724032,2.0,38.0,0.0,0.0
26.851194,42.682835,727.99805,0.11082576,2.0,39.0,0.0,0.0
26.861122,42.714336,728.1646,0.11480945,2.0,40.0,0.0,0.0
26.867247,42.776455,728.37964,0.11794841,2.0,41.0,0.0,0.0
26.873278,42.841602,728.60876,0.12109923,2.0,42.0,0.0,0.0
26.881964,42.895027,728.8795,0.12496327,2.0,43.0,0.0,0.0
26.890707,42.952976,729.1892,0.12889938,2.0,44.0,0.0,0.0
26.897793,43.017654,729.56683,0.13232604,2.0,45.0,0.0,0.0
26.901783,43.092808,729.9518,0.13482702,2.0,46.0,0.0,0.0
26.908007,43.14729,730.28534,0.13779779,2.0,47.0,0.0,0.0
26.911285,43.20831,730.604,0.13983974,2.0,48.0,0.0,0.0
26.917862,43.24442,730.8727,0.14266697,2.0,49.0,0.0,0.0
26.922314,43.283405,731.2477,0.14477898,2.0,50.0,0.0,0.0
26.92575,43.321747,731.59564,0.14652875,2.0,51.0,0.0,0.0
26.930521,43.347553,731.8745,0.14856318,2.0,52.0,0.0,0.0
26.934015,43.374405,732.14655,0.15016475,2.0,53.0,0.0,0.0
26.934944,43.410282,732.4,0.15101683,2.0,54.0,0.0,0.0
26.935337,43.44647,732.6379,0.15169024,2.0,55.0,0.0,0.0
26.832224,42.47022,724.9651,0.10310374,2.0,37.0,0.0,0.0
26.842026,42.562046,727.5571,0.10579039,2.0,38.0,0.0,0.0
26.848824,42.608246,727.79376,0.10880481,2.0,39.0,0.0,0.0
26.85865,42.64014,727.9631,0.112756014,2.0,40.0,0.0,0.0
26.864454,42.70477,728.1762,0.11582492,2.0,41.0,0.0,0.0
26.87019,42.769672,728.393,0.11887282,2.0,42.0,0.0,0.0
26.87928,42.821743,728.6332,0.12288048,2.0,43.0,0.0,0.0
26.888859,42.87344,728.8919,0.12704507,2.0,44.0,0.0,0.0
26.896603,42.935318,729.2045,0.1306897,2.0,45.0,0.0,0.0
26.90083,43.01297,729.5868,0.13331684,2.0,46.0,0.0,0.0
26.907326,43.07069,729.9374,0.13643008,2.0,47.0,0.0,0.0
26.910702,43.137615,730.2844,0.13859235,2.0,48.0,0.0,0.0
26.91742,43.179165,730.5551,0.14155248,2.0,49.0,0.0,0.0
26.921986,43.22435,730.8256,0.14380892,2.0,50.0,0.0,0.0
26.925549,43.266933,731.1914,0.14566426,2.0,51.0,0.0,0.0
26.930513,43.296097,731.5038,0.14781219,2.0,52.0,0.0,0.0
26.93415,43.326057,731.8056,0.14950763,2.0,53.0,0.0,0.0
26.935133,43.364895,732.0839,0.15042035,2.0,54.0,0.0,0.0
26.935564,43.403847,732.344,0.15114644,2.0,55.0,0.0,0.0
26.9376,43.428696,732.5459,0.15222138,2.0,56.0,0.0,0.0
26.84451,42.45253,726.00696,0.106203236,2.0,38.0,0.0,0.0
26.852945,42.509495,727.59796,0.10867287,2.0,39.0,0.0,0.0
26.86248,42.52317,727.7504,0.112209454,2.0,40.0,0.0,0.0
26.867998,42.588238,727.973,0.115177475,2.0,41.0,0.0,0.0
26.873743,42.65426,728.19385,0.11824513,2.0,42.0,0.0,0.0
26.88273,42.706738,728.4259,0.12222726,2.0,43.0,0.0,0.0
26.892315,42.759846,728.6744,0.12642518,2.0,44.0,0.0,0.0
26.90068,42.817425,728.92706,0.13026334,2.0,45.0,0.0,0.0
26.90553,42.89344,729.21265,0.13314438,2.0,46.0,0.0,0.0
26.91187,42.95691,729.5577,0.1363008,2.0,47.0,0.0,0.0
26.915096,43.030502,729.92706,0.1385117,2.0,48.0,0.0,0.0
26.921513,43.081245,730.2343,0.14150287,2.0,49.0,0.0,0.0
26.926096,43.13273,730.5229,0.14386229,2.0,50.0,0.0,0.0
26.92926,43.184086,730.8022,0.14575326,2.0,51.0,0.0,0.0
26.932941,43.224445,731.1072,0.14774826,2.0,52.0,0.0,0.0
26.935816,43.262066,731.4547,0.14935434,2.0,53.0,0.0,0.0
26.937176,43.30293,731.7504,0.15037474,2.0,54.0,0.0,0.0
26.938204,43.34262,732.0211,0.1512474,2.0,55.0,0.0,0.0
26.93995,43.371674,732.2485,0.15230677,2.0,56.0,0.0,0.0
26.941437,43.398273,732.4586,0.15322393,2.0,57.0,0.0,0.0
26.84631,42.462784,726.3962,0.106675304,2.0,39.0,0.0,0.0
26.856642,42.475224,727.5664,0.10940872,2.0,40.0,0.0,0.0
26.860992,42.522415,727.733,0.111676745,2.0,41.0,0.0,0.0
26.866102,42.58919,727.9561,0.114527985,2.0,42.0,0.0,0.0
26.87464,42.644043,728.19025,0.11838851,2.0,43.0,0.0,0.0
26.884518,42.696487,728.434,0.12268073,2.0,44.0,0.0,0.0
26.893297,42.754814,728.6868,0.126679,2.0,45.0,0.0,0.0
26.899048,42.825615,728.93555,0.1298181,2.0,46.0,0.0,0.0
26.906607,42.887936,729.2239,0.1334246,2.0,47.0,0.0,0.0
26.910439,42.963352,729.58496,0.13588426,2.0,48.0,0.0,0.0
26.917377,43.01938,729.9223,0.1391355,2.0,49.0,0.0,0.0
26.922344,43.076767,730.2448,0.14171474,2.0,50.0,0.0,0.0
26.926216,43.131298,730.5353,0.14387248,2.0,51.0,0.0,0.0
26.93022,43.17659,730.81415,0.1460604,2.0,52.0,0.0,0.0
26.93333,43.218845,731.119,0.1478276,2.0,53.0,0.0,0.0
26.934874,43.26291,731.44257,0.14895846,2.0,54.0,0.0,0.0
26.93606,43.305435,731.73706,0.14992797,2.0,55.0,0.0,0.0
26.93797,43.33695,731.9853,0.15108244,2.0,56.0,0.0,0.0
26.939598,43.36575,732.2139,0.15208386,2.0,57.0,0.0,0.0
26.940813,43.39255,732.4169,0.1528908,2.0,58.0,0.0,0.0
26.845327,42.429657,725.7164,0.10634518,2.0,40.0,0.0,0.0
26.851564,42.489304,727.45636,0.1079892,2.0,41.0,0.0,0.0
26.855152,42.541126,727.70856,0.10993749,2.0,42.0,0.0,0.0
26.862698,42.598755,727.9317,0.11349606,2.0,43.0,0.0,0.0
26.871872,42.654057,728.1757,0.117584735,2.0,44.0,0.0,0.0
26.881044,42.710354,728.4209,0.12169063,2.0,45.0,0.0,0.0
26.887247,42.781822,728.6714,0.12500054,2.0,46.0,0.0,0.0
26.896116,42.836086,728.9208,0.12896371,2.0,47.0,0.0,0.0
26.90107,42.91128,729.2281,0.13184856,2.0,48.0,0.0,0.0
26.909296,42.965496,729.5621,0.1355274,2.0,49.0,0.0,0.0
26.914917,43.02744,729.9163,0.138401,2.0,50.0,0.0,0.0
26.919304,43.087208,730.2416,0.14081231,2.0,51.0,0.0,0.0
26.925186,43.130856,730.5159,0.14350894,2.0,52.0,0.0,0.0
26.92911,43.175972,730.78577,0.14557752,2.0,53.0,0.0,0.0
26.930866,43.224575,731.072,0.14686853,2.0,54.0,0.0,0.0
26.93165,43.273003,731.4095,0.14785454,2.0,55.0,0.0,0.0
26.93414,43.305817,731.6786,0.14920273,2.0,56.0,0.0,0.0
26.9362,43.336163,731.92755,0.1503637,2.0,57.0,0.0,0.0
26.937578,43.365246,732.15204,0.15126997,2.0,58.0,0.0,0.0
26.939507,43.387184,732.3344,0.15228726,2.0,59.0,0.0,0.0
26.833305,42.424744,724.22595,0.1033313,2.0,41.0,0.0,0.0
26.841017,42.503452,726.8538,0.105107434,2.0,42.0,0.0,0.0
26.848028,42.556805,727.7116,0.10767401,2.0,43.0,0.0,0.0
26.855888,42.61834,727.9182,0.111417204,2.0,44.0,0.0,0.0
26.863848,42.68082,728.1462,0.11520624,2.0,45.0,0.0,0.0
26.869886,42.752007,728.3838,0.118457794,2.0,46.0,0.0,0.0
26.879654,42.80722,728.6425,0.122751415,2.0,47.0,0.0,0.0
26.88604,42.87319,728.90326,0.12602113,2.0,48.0,0.0,0.0
26.895578,42.93009,729.2265,0.13021503,2.0,49.0,0.0,0.0
26.902622,42.989418,729.5756,0.13355176,2.0,50.0,0.0,0.0
26.908012,43.053192,729.93567,0.13637042,2.0,51.0,0.0,0.0
26.91484,43.100445,730.2417,0.13944814,2.0,52.0,0.0,0.0
26.919907,43.147236,730.5222,0.14190312,2.0,53.0,0.0,0.0
26.9217,43.201958,730.7767,0.14334458,2.0,54.0,0.0,0.0
26.922834,43.254284,731.1125,0.14451285,2.0,55.0,0.0,0.0
26.925755,43.28978,731.41016,0.14604944,2.0,56.0,0.0,0.0
26.928204,43.322533,731.68445,0.14738034,2.0,57.0,0.0,0.0
26.92991,43.353798,731.93097,0.1484322,2.0,58.0,0.0,0.0
26.932405,43.376522,732.12787,0.14963579,2.0,59.0,0.0,0.0
26.934212,43.39811,732.2988,0.15058517,3.0,0.0,0.0,0.0
26.818462,42.408943,722.67523,0.100669906,2.0,42.0,0.0,0.0
26.830801,42.49679,725.9638,0.10247831,2.0,43.0,0.0,0.0
26.840662,42.57405,727.72845,0.105342865,2.0,44.0,0.0,0.0
26.847492,42.635128,727.92645,0.10871198,2.0,45.0,0.0,0.0
26.853142,42.710575,728.1457,0.111908175,2.0,46.0,0.0,0.0
26.861526,42.77314,728.34894,0.11586307,2.0,47.0,0.0,0.0
26.867878,42.84495,728.62146,0.11921364,2.0,48.0,0.0,0.0
26.87926,42.891224,728.89105,0.12391786,2.0,49.0,0.0,0.0
26.88741,42.955948,729.2504,0.12773155,2.0,50.0,0.0,0.0
26.893896,43.01928,729.6081,0.13093463,2.0,51.0,0.0,0.0
26.901955,43.07006,729.94794,0.13449231,2.0,52.0,0.0,0.0
26.908121,43.119804,730.25775,0.13737486,2.0,53.0,0.0,0.0
26.910515,43.178223,730.5273,0.13908553,2.0,54.0,0.0,0.0
26.912022,43.23586,730.8073,0.14047126,2.0,55.0,0.0,0.0
26.915615,43.273655,731.1335,0.14227608,2.0,56.0,0.0,0.0
26.918587,43.308933,731.4349,0.14382577,2.0,57.0,0.0,0.0
26.92069,43.342747,731.706,0.14505288,2.0,58.0,0.0,0.0
26.923597,43.36752,731.9237,0.1464303,2.0,59.0,0.0,0.0
26.92575,43.390945,732.1125,0.14752677,3.0,0.0,0.0,0.0
26.92749,43.410404,732.2875,0.1484138,3.0,1.0,0.0,0.0
26.815239,42.38891,722.0485,0.10015887,2.0,43.0,0.0,0.0
26.828716,42.498356,725.80505,0.102170244,2.0,44.0,0.0,0.0
26.838593,42.58621,727.73676,0.1048139,2.0,45.0,0.0,0.0
26.84343,42.656662,727.94025,0.107634775,2.0,46.0,0.0,0.0
26.851831,42.719273,728.1473,0.11159284,2.0,47.0,0.0,0.0
26.858038,42.789806,728.356,0.114907876,2.0,48.0,0.0,0.0
26.868328,42.845432,728.60425,0.11939456,2.0,49.0,0.0,0.0
26.877964,42.896587,728.8747,0.12355915,2.0,50.0,0.0,0.0
26.885204,42.96296,729.2246,0.12708244,2.0,51.0,0.0,0.0
26.894184,43.012608,729.5639,0.13094841,2.0,52.0,0.0,0.0
26.90093,43.067635,729.9129,0.1341054,2.0,53.0,0.0,0.0
26.903614,43.131252,730.2134,0.13599169,2.0,54.0,0.0,0.0
26.905428,43.193348,730.4867,0.13755646,2.0,55.0,0.0,0.0
26.909367,43.236168,730.72235,0.13956746,2.0,56.0,0.0,0.0
26.912754,43.2745,731.0505,0.14130503,2.0,57.0,0.0,0.0
26.915224,43.310955,731.35254,0.1426968,2.0,58.0,0.0,0.0
26.918587,43.337578,731.5957,0.14425799,2.0,59.0,0.0,0.0
26.921003,43.36333,731.8089,0.14547928,3.0,0.0,0.0,0.0
26.922974,43.38479,732.0049,0.1464743,3.0,1.0,0.0,0.0
26.92372,43.40728,732.20166,0.1470529,3.0,2.0,0.0,0.0
